{
  "authors": [
    {
      "name": "munichjake",
      "email": "munichjake@dnd-session.de",
      "url": "https://dnd-session.de",
      "github": "https://github.com/munichjake"
    }
  ],
  "description": "Deutsche Beinamen",
  "version": "1.0.0",
  "names": [
    "der Auserwählte",
    "der Bär",
    "der Bezwinger",
    "der Blutrote",
    "der Brennende",
    "der Champion",
    "der Donnernde",
    "der Eiserne",
    "der Entflammte",
    "der Erhabene",
    "der Erlöser",
    "der Ewigschuppige",
    "der Fels",
    "der Flammende",
    "der Fliegende",
    "der Funke",
    "der Gezeichnete",
    "der Glänzende",
    "der Graue",
    "der Grimmige",
    "der Große",
    "der Hauch",
    "der Held",
    "der König",
    "der Krasse",
    "der Kühle",
    "der Letzte",
    "der Leuchtende",
    "der Makellose",
    "der Mächtige",
    "der Mutige",
    "der Nebel",
    "der Rasende",
    "der Rote",
    "der Ruf",
    "der Scharfe",
    "der Schild",
    "der Schuppige",
    "der Schwarze",
    "der Stählerne",
    "der Stürmische",
    "der Strahlende",
    "der Sturmbringer",
    "der Tapfere",
    "der Töter",
    "der Unbeugsame",
    "der Unheilvolle",
    "der Unsterbliche",
    "der Verfluchte",
    "der Vernarbte",
    "der Wilde",
    "der Zornige",
    "der Zerstörer",
    "die Flamme",
    "der Alte",
    "der Jüngling",
    "der Verirrte",
    "der Einsame",
    "der Stolze",
    "der Gebrochene",
    "der Verbannte",
    "der Gefallene",
    "der Gepeinigte",
    "der Unbändige",
    "der Überwinder",
    "der Siegreiche",
    "der Todbringer",
    "der Lebendige",
    "der Schattensucher",
    "der Glutfürst",
    "der Eiswind",
    "der Gifthauch",
    "der Donnerzahn",
    "der Flammenzorn",
    "der Goldene",
    "der Silberne",
    "der Weiße",
    "der Bronzene",
    "der Kupferne",
    "der Messing",
    "der Platin",
    "der Opal",
    "der Saphir",
    "der Smaragd",
    "der Rubin",
    "der Onyx",
    "der Perlmutt",
    "der Wächter",
    "der Hüter",
    "der Beschützer",
    "der Richter",
    "der Gesetzgeber",
    "der Vollstrecker",
    "der Rächer",
    "der Zorn",
    "der Rote Blitz",
    "der Grüne Sturm",
    "der Blaue Funke",
    "der Schwarze Schatten",
    "der Weiße Nebel",
    "der Goldene Glanz",
    "der Stählerne Recke",
    "der Kühle Geist",
    "der Steinharte",
    "der Eiserne",
    "der Titan",
    "der Berserker",
    "der Rebell",
    "der König des Drachenbergs",
    "der Fürst der Donnerklippen",
    "der Schatten der Schlucht",
    "der Wächter der Goldhöhle",
    "der Ruf des Drachens",
    "der Atem der Finsternis",
    "der Held der Flammen",
    "der Zorn des Himmels",
    "der Schild der Drachenkönigin",
    "der Speer des Drachenherrn",
    "der Geist der Berge",
    "der Wanderer des Windes",
    "der Wanderer der Wüste",
    "der Flussdrache",
    "der Seelendrache",
    "der Seelenzerstörer",
    "der Seelenheil",
    "der Glücksbringer",
    "der Pechvogel",
    "der Ausgestoßene",
    "der Verräter",
    "der Treue",
    "der Ehrliche",
    "der Aufrechte",
    "der Lügner",
    "der Falsche",
    "der Schwindler",
    "der Betrüger",
    "der Dieb",
    "der Räuber",
    "der Plünderer",
    "der Eroberer",
    "der Unterdrücker",
    "der Sklave",
    "der Diener",
    "der Meister",
    "der Herrscher",
    "der Beherrscher",
    "der König der Könige",
    "der Prinz",
    "der Herzog",
    "der Graf",
    "der Baron",
    "der Lord",
    "der Edelmann",
    "der Reiche",
    "der Arme",
    "der Händler",
    "der Kaufmann",
    "der Bauer",
    "der Handwerker",
    "der Geselle",
    "der Lehrling",
    "der Krieger",
    "der Waldläufer",
    "der Kundschafter",
    "der Späher",
    "der Bote",
    "der Kuriert",
    "der Reisende",
    "der Abenteurer",
    "der Sucher",
    "der Entdecker",
    "der Kartograf",
    "der Wegweiser",
    "der Wegbereiter",
    "der Gründer",
    "der Erbauer",
    "der Siedler",
    "der Farmer",
    "der Gärtner",
    "der Hirt",
    "der Schäfer",
    "der Hirte",
    "der Führer",
    "der Rebell",
    "der Revolutionär",
    "der Gesetzgeber",
    "der Richter",
    "der Vollstrecker",
    "der Rächer",
    "der Bestrafer",
    "der Zornige",
    "der Unbändige",
    "der Wilde",
    "der Freie",
    "der Gefangene",
    "der Eremit",
    "der Mönch",
    "der Klosterbruder",
    "der Einsiedler",
    "der Wüstling",
    "der Trinker",
    "der Spieler",
    "der Gelehrte",
    "der Bibliothekar",
    "der Buchhalter",
    "der Schreiber",
    "der Erzähler",
    "der Barde",
    "der Sänger",
    "der Musikant",
    "der Künstler",
    "der Maler",
    "der Dichter",
    "der Philosoph",
    "der Denker",
    "der Träumer",
    "der Idealist",
    "der Realist",
    "der Skeptiker",
    "der Pragmatiker",
    "der Visionär",
    "der Prophet",
    "der Seher",
    "der Weise",
    "der Alte",
    "der Junge",
    "der Kindliche",
    "der Spieler",
    "der Jester",
    "der Spaßvogel",
    "der Clown",
    "der Narr",
    "der Narr des Königs",
    "der Tor",
    "der Verrückte",
    "der Verräter",
    "der Eidbrecher",
    "der Lügner",
    "der Heuchler",
    "der Falsche",
    "der Unechte",
    "der Echte",
    "der Wahre",
    "der Aufrichtige",
    "der Gerechte",
    "der Unparteiische",
    "der Richter",
    "der Gesetzgeber",
    "der Zornige",
    "der Unbändige",
    "der Wilde",
    "der Freie",
    "der Gefangene",
    "der Arbeiter",
    "der Tagelöhner",
    "der Bauer",
    "der Hirt",
    "der Jäger",
    "der Fischer",
    "der Seemann",
    "der Segler",
    "der Kapitän",
    "der Matrose",
    "der Pirat",
    "der Freibeuter",
    "der Korsar",
    "der Händler",
    "der Kaufmann",
    "der Reisende",
    "der Wegelagerer",
    "der Dieb",
    "der Schattentänzer",
    "der Schattenläufer",
    "der Flüsterer",
    "der Lautlose",
    "der Geräuschlose",
    "der Unsichtbare",
    "der Unbekannte",
    "der Namenlose",
    "der Fremde",
    "der Gast",
    "der Besucher",
    "der Auserwählte",
    "der Letzte",
    "der Erbe",
    "der Thronerbe",
    "der Prinz",
    "der König",
    "der Kaiser",
    "der Imperator",
    "der Monarch",
    "der Beherrscher",
    "der Herrscher",
    "der Gekrönte",
    "der Gesalbte",
    "der Heilige",
    "der Geweihte",
    "der Gefallene",
    "der Verstoßene",
    "der Verbannte",
    "der Verzweifelte",
    "der Einsame",
    "der Melancholiker",
    "der Träumer",
    "der Visionär",
    "der Seher",
    "der Prophet",
    "der Verräter",
    "der Lügner",
    "der Heuchler",
    "der Falsche",
    "der Unechte",
    "der Echte",
    "der Wahre",
    "der Aufrichtige",
    "der Unparteiische",
    "der Richter",
    "der Gesetzgeber",
    "der Zornige",
    "der Unbändige",
    "der Wilde",
    "der Freie",
    "der Gefangene",
    "der Arbeiter",
    "der Tagelöhner",
    "der Bauer",
    "der Hirt",
    "der Jäger",
    "der Fischer",
    "der Seemann",
    "der Segler",
    "der Kapitän",
    "der Matrose",
    "der Pirat",
    "der Freibeuter",
    "der Korsar",
    "der Händler",
    "der Kaufmann",
    "der Reisende",
    "der Wegelagerer",
    "der Dieb",
    "der Schattentänzer",
    "der Schattenläufer",
    "der Flüsterer",
    "der Lautlose",
    "der Geräuschlose",
    "der Unsichtbare",
    "der Unbekannte",
    "der Namenlose",
    "der Fremde",
    "der Gast",
    "der Besucher",
    "der Auserwählte",
    "der Letzte",
    "der Erbe",
    "der Thronerbe",
    "der Prinz",
    "der König",
    "der Kaiser",
    "der Imperator",
    "der Monarch",
    "der Beherrscher",
    "der Herrscher",
    "der Gekrönte",
    "der Gesalbte",
    "der Heilige",
    "der Geweihte",
    "der Gefallene",
    "der Verstoßene",
    "der Verbannte",
    "der Verzweifelte",
    "der Einsame",
    "der Melancholiker",
    "der Träumer",
    "der Visionär",
    "der Seher",
    "der Prophet",
    "der Verräter",
    "der Lügner",
    "der Heuchler",
    "der Falsche",
    "der Unechte",
    "der Echte",
    "der Wahre",
    "der Aufrichtige",
    "der Unparteiische",
    "der Richter",
    "der Gesetzgeber"
  ]
}