{
  "authors": [
    {
      "name": "munichjake",
      "email": "munichjake@dnd-session.de",
      "url": "https://dnd-session.de",
      "github": "https://github.com/munichjake"
    }
  ],
  "description": "Deutsche männliche Aasimarvornamen",
  "version": "1.0.0",
  "names": [
    "Ariel",
    "Eliel",
    "Galiel",
    "Valiel",
    "Sariel",
    "Lumiel",
    "Seriel",
    "Myiel",
    "Caeliel",
    "Ariiel",
    "Raziiel",
    "Uriiel",
    "Zeniel",
    "Phaniel",
    "Soliel",
    "Rafiel",
    "Gabiel",
    "Raphaiel",
    "Talaiel",
    "Zeraiel",
    "Amariel",
    "Heliel",
    "Luciel",
    "Meliel",
    "Neriel",
    "Arius",
    "Elius",
    "Galius",
    "Valius",
    "Sarius",
    "Lumius",
    "Serius",
    "Myius",
    "Caelius",
    "Ariius",
    "Raziius",
    "Uriius",
    "Zenius",
    "Phanius",
    "Solius",
    "Rafius",
    "Gabius",
    "Raphaius",
    "Talaius",
    "Zeraius",
    "Amarius",
    "Helius",
    "Lucius",
    "Melius",
    "Nerius",
    "Aron",
    "Elon",
    "Galon",
    "Valon",
    "Saron",
    "Lumon",
    "Seron",
    "Myon",
    "Caelon",
    "Arion",
    "Razion",
    "Urion",
    "Zenon",
    "Phanon",
    "Solon",
    "Rafon",
    "Gabon",
    "Raphaon",
    "Talaon",
    "Zeraon",
    "Amaron",
    "Helon",
    "Lucon",
    "Melon",
    "Neron",
    "Aror",
    "Elor",
    "Galor",
    "Valor",
    "Saror",
    "Lumor",
    "Seror",
    "Myor",
    "Caelor",
    "Arior",
    "Razior",
    "Urior",
    "Zenor",
    "Phanor",
    "Solor",
    "Rafor",
    "Gabor",
    "Raphaor",
    "Talaor",
    "Zeraor",
    "Amaror",
    "Helor",
    "Lucor",
    "Melor",
    "Neror",
    "Arar",
    "Elar",
    "Galar",
    "Valar",
    "Sarar",
    "Lumar",
    "Serar",
    "Myar",
    "Caelar",
    "Ariar",
    "Raziar",
    "Uriar",
    "Zenar",
    "Phanar",
    "Solar",
    "Rafar",
    "Gabar",
    "Raphaar",
    "Talaar",
    "Zeraar",
    "Amarar",
    "Helar",
    "Lucar",
    "Melar",
    "Nerar",
    "Arel",
    "Elel",
    "Galel",
    "Valel",
    "Sarel",
    "Lumel",
    "Serel",
    "Myel",
    "Caelel",
    "Raziel",
    "Uriel",
    "Zenel",
    "Phanel",
    "Solel",
    "Rafel",
    "Gabel",
    "Raphael",
    "Talael",
    "Zerael",
    "Amarel",
    "Helel",
    "Lucel",
    "Melel",
    "Nerel",
    "Elion",
    "Galion",
    "Valion",
    "Sarion",
    "Lumion",
    "Serion",
    "Myion",
    "Caelion",
    "Ariion",
    "Raziion",
    "Uriion",
    "Zenion",
    "Phanion",
    "Solion",
    "Rafion",
    "Gabion",
    "Raphaion",
    "Talaion",
    "Zeraion",
    "Amarion",
    "Helion",
    "Lucion",
    "Melion",
    "Nerion",
    "Arian",
    "Elian",
    "Galian",
    "Valian",
    "Sarian",
    "Lumian",
    "Serian",
    "Myian",
    "Caelian",
    "Ariian",
    "Raziian",
    "Uriian",
    "Zenian",
    "Phanian",
    "Solian",
    "Rafian",
    "Gabian",
    "Raphaian",
    "Talaian",
    "Zeraian",
    "Amarian",
    "Helian",
    "Lucian",
    "Melian",
    "Nerian",
    "Arieliel",
    "Araeliel",
    "Ariusiel",
    "Arioniel",
    "Aranaiel",
    "Arenaiel",
    "Arethiel",
    "Ariahiel",
    "Aroriel",
    "Arrieliel",
    "Araraiel",
    "Aroniel",
    "Arusiel",
    "Araiel",
    "Areliel",
    "Arinaiel",
    "Aresaiel",
    "Aroraiel",
    "Elieliel",
    "Elaeliel",
    "Eliusiel",
    "Elioniel",
    "Elanaiel",
    "Elenaiel",
    "Elethiel",
    "Eliahiel",
    "Eloriel",
    "Elrieliel",
    "Elaraiel",
    "Eloniel",
    "Elusiel",
    "Elaiel",
    "Eleliel",
    "Elinaiel",
    "Elesaiel",
    "Eloraiel",
    "Galieliel",
    "Galaeliel",
    "Galiusiel",
    "Galioniel",
    "Galanaiel",
    "Galenaiel",
    "Galethiel",
    "Galiahiel",
    "Galoriel",
    "Galrieliel",
    "Galaraiel",
    "Galoniel",
    "Galusiel",
    "Galaiel",
    "Galeliel",
    "Galinaiel",
    "Galesaiel",
    "Galoraiel",
    "Valieliel",
    "Valaeliel",
    "Valiusiel",
    "Valioniel",
    "Valanaiel",
    "Valenaiel",
    "Valethiel",
    "Valiahiel",
    "Valoriel",
    "Valrieliel",
    "Valaraiel",
    "Valoniel",
    "Valusiel",
    "Valaiel",
    "Valeliel",
    "Valinaiel",
    "Valesaiel",
    "Valoraiel",
    "Sarieliel",
    "Saraeliel",
    "Sariusiel",
    "Sarioniel",
    "Saranaiel",
    "Sarenaiel",
    "Sarethiel",
    "Sariahiel",
    "Saroriel",
    "Sarrieliel",
    "Sararaiel",
    "Saroniel",
    "Sarusiel",
    "Saraiel",
    "Sareliel",
    "Sarinaiel",
    "Saresaiel",
    "Saroraiel",
    "Lumieliel",
    "Lumaeliel",
    "Lumiusiel",
    "Lumioniel",
    "Lumanaiel",
    "Lumenaiel",
    "Lumethiel",
    "Lumiahiel",
    "Lumoriel",
    "Lumrieliel",
    "Lumaraiel",
    "Lumoniel",
    "Lumusiel",
    "Lumaiel",
    "Lumeliel",
    "Luminaiel",
    "Lumesaiel",
    "Lumoraiel",
    "Serieliel",
    "Seraeliel",
    "Seriusiel",
    "Serioniel",
    "Seranaiel",
    "Serenaiel",
    "Serethiel",
    "Seriahiel",
    "Seroriel",
    "Serrieliel",
    "Seraraiel",
    "Seroniel",
    "Serusiel",
    "Seraiel",
    "Sereliel",
    "Serinaiel",
    "Seresaiel",
    "Seroraiel",
    "Myieliel",
    "Myaeliel",
    "Myiusiel",
    "Myioniel",
    "Myanaiel",
    "Myenaiel",
    "Myethiel",
    "Myiahiel",
    "Myoriel",
    "Myrieliel",
    "Myaraiel",
    "Myoniel",
    "Myusiel",
    "Myaiel",
    "Myeliel",
    "Myinaiel",
    "Myesaiel",
    "Myoraiel",
    "Caelieliel",
    "Caelaeliel",
    "Caeliusiel",
    "Caelioniel",
    "Caelanaiel",
    "Caelenaiel",
    "Caelethiel",
    "Caeliahiel",
    "Caeloriel",
    "Caelrieliel",
    "Caelaraiel",
    "Caeloniel",
    "Caelusiel",
    "Caelaiel",
    "Caeleliel",
    "Caelinaiel",
    "Caelesaiel",
    "Caeloraiel",
    "Ariieliel",
    "Ariaeliel",
    "Ariiusiel",
    "Ariioniel",
    "Arianaiel",
    "Arienaiel",
    "Ariethiel",
    "Ariiahiel",
    "Arioriel",
    "Aririeliel",
    "Ariaraiel",
    "Ariaiel",
    "Ariinaiel",
    "Ariesaiel",
    "Arioraiel",
    "Raziieliel",
    "Raziaeliel",
    "Raziiusiel",
    "Raziioniel",
    "Razianaiel",
    "Razienaiel",
    "Raziethiel",
    "Raziiahiel",
    "Razioriel",
    "Razirieliel",
    "Raziaraiel",
    "Razioniel",
    "Raziusiel",
    "Raziaiel",
    "Razieliel",
    "Raziinaiel",
    "Raziesaiel",
    "Razioraiel",
    "Uriieliel",
    "Uriaeliel",
    "Uriiusiel",
    "Uriioniel",
    "Urianaiel",
    "Urienaiel",
    "Uriethiel",
    "Uriiahiel",
    "Urioriel",
    "Uririeliel",
    "Uriaraiel",
    "Urioniel",
    "Uriusiel",
    "Uriaiel",
    "Urieliel",
    "Uriinaiel",
    "Uriesaiel",
    "Urioraiel",
    "Zenieliel",
    "Zenaeliel",
    "Zeniusiel",
    "Zenioniel",
    "Zenanaiel",
    "Zenenaiel",
    "Zenethiel",
    "Zeniahiel",
    "Zenoriel",
    "Zenrieliel",
    "Zenaraiel",
    "Zenoniel",
    "Zenusiel",
    "Zenaiel",
    "Zeneliel",
    "Zeninaiel",
    "Zenesaiel",
    "Zenoraiel",
    "Phanieliel",
    "Phanaeliel",
    "Phaniusiel",
    "Phanioniel",
    "Phananaiel",
    "Phanenaiel",
    "Phanethiel",
    "Phaniahiel",
    "Phanoriel",
    "Phanrieliel",
    "Phanaraiel",
    "Phanoniel",
    "Phanusiel",
    "Phanaiel",
    "Phaneliel",
    "Phaninaiel",
    "Phanesaiel",
    "Phanoraiel",
    "Solieliel",
    "Solaeliel",
    "Soliusiel",
    "Solioniel",
    "Solanaiel",
    "Solenaiel",
    "Solethiel",
    "Soliahiel",
    "Soloriel",
    "Solrieliel",
    "Solaraiel",
    "Soloniel",
    "Solusiel",
    "Solaiel",
    "Soleliel",
    "Solinaiel",
    "Solesaiel",
    "Soloraiel",
    "Rafieliel",
    "Rafaeliel",
    "Rafiusiel",
    "Rafioniel",
    "Rafanaiel",
    "Rafenaiel",
    "Rafethiel",
    "Rafiahiel",
    "Raforiel",
    "Rafrieliel",
    "Rafaraiel",
    "Rafoniel",
    "Rafusiel",
    "Rafaiel",
    "Rafeliel",
    "Rafinaiel",
    "Rafesaiel",
    "Raforaiel",
    "Gabieliel",
    "Gabaeliel",
    "Gabiusiel",
    "Gabioniel",
    "Gabanaiel",
    "Gabenaiel",
    "Gabethiel",
    "Gabiahiel",
    "Gaboriel",
    "Gabrieliel",
    "Gabaraiel",
    "Gaboniel",
    "Gabusiel",
    "Gabaiel",
    "Gabeliel",
    "Gabinaiel",
    "Gabesaiel",
    "Gaboraiel",
    "Raphaieliel",
    "Raphaaeliel",
    "Raphaiusiel",
    "Raphaioniel",
    "Raphaanaiel",
    "Raphaenaiel",
    "Raphaethiel",
    "Raphaiahiel",
    "Raphaoriel",
    "Rapharieliel",
    "Raphaaraiel",
    "Raphaoniel",
    "Raphausiel",
    "Raphaaiel",
    "Raphaeliel",
    "Raphainaiel",
    "Raphaesaiel",
    "Raphaoraiel",
    "Talaieliel",
    "Talaaeliel",
    "Talaiusiel",
    "Talaioniel",
    "Talaanaiel",
    "Talaenaiel",
    "Talaethiel",
    "Talaiahiel",
    "Talaoriel",
    "Talarieliel",
    "Talaaraiel",
    "Talaoniel",
    "Talausiel",
    "Talaaiel",
    "Talaeliel",
    "Talainaiel",
    "Talaesaiel",
    "Talaoraiel",
    "Zeraieliel",
    "Zeraaeliel",
    "Zeraiusiel",
    "Zeraioniel",
    "Zeraanaiel",
    "Zeraenaiel",
    "Zeraethiel",
    "Zeraiahiel",
    "Zeraoriel",
    "Zerarieliel",
    "Zeraaraiel",
    "Zeraoniel",
    "Zerausiel",
    "Zeraaiel",
    "Zeraeliel",
    "Zerainaiel",
    "Zeraesaiel",
    "Zeraoraiel",
    "Amarieliel",
    "Amaraeliel",
    "Amariusiel",
    "Amarioniel",
    "Amaranaiel",
    "Amarenaiel",
    "Amarethiel",
    "Amariahiel",
    "Amaroriel",
    "Amarrieliel",
    "Amararaiel",
    "Amaroniel",
    "Amarusiel",
    "Amaraiel",
    "Amareliel",
    "Amarinaiel",
    "Amaresaiel",
    "Amaroraiel",
    "Helieliel",
    "Helaeliel",
    "Heliusiel",
    "Helioniel",
    "Helanaiel",
    "Helenaiel",
    "Helethiel",
    "Heliahiel",
    "Heloriel",
    "Helrieliel",
    "Helaraiel",
    "Heloniel",
    "Helusiel",
    "Helaiel",
    "Heleliel",
    "Helinaiel",
    "Helesaiel",
    "Heloraiel",
    "Lucieliel",
    "Lucaeliel",
    "Luciusiel",
    "Lucioniel",
    "Lucanaiel",
    "Lucenaiel",
    "Lucethiel",
    "Luciahiel",
    "Lucoriel",
    "Lucrieliel",
    "Lucaraiel",
    "Luconiel",
    "Lucusiel",
    "Lucaiel",
    "Luceliel",
    "Lucinaiel",
    "Lucesaiel",
    "Lucoraiel",
    "Melieliel",
    "Melaeliel",
    "Meliusiel",
    "Melioniel",
    "Melanaiel",
    "Melenaiel",
    "Melethiel",
    "Meliahiel",
    "Meloriel",
    "Melrieliel",
    "Melaraiel",
    "Meloniel",
    "Melusiel",
    "Melaiel",
    "Meleliel",
    "Melinaiel",
    "Melesaiel",
    "Meloraiel",
    "Nerieliel",
    "Neraeliel",
    "Neriusiel",
    "Nerioniel",
    "Neranaiel",
    "Nerenaiel",
    "Nerethiel",
    "Neriahiel",
    "Neroriel",
    "Nerrieliel",
    "Neraraiel",
    "Neroniel",
    "Nerusiel",
    "Neraiel",
    "Nereliel",
    "Nerinaiel",
    "Neresaiel",
    "Neroraiel",
    "Arielius",
    "Araelius",
    "Ariusius",
    "Arionius",
    "Aranaius",
    "Arenaius",
    "Arethius",
    "Ariahius",
    "Arorius",
    "Arrielius",
    "Araraius",
    "Aronius",
    "Arusius",
    "Araius",
    "Arelius",
    "Arinaius",
    "Aresaius",
    "Aroraius",
    "Elielius",
    "Elaelius",
    "Eliusius",
    "Elionius",
    "Elanaius",
    "Elenaius",
    "Elethius",
    "Eliahius",
    "Elorius",
    "Elrielius",
    "Elaraius",
    "Elonius",
    "Elusius",
    "Elaius",
    "Elelius",
    "Elinaius",
    "Elesaius",
    "Eloraius",
    "Galielius",
    "Galaelius",
    "Galiusius",
    "Galionius",
    "Galanaius",
    "Galenaius",
    "Galethius",
    "Galiahius",
    "Galorius",
    "Galrielius",
    "Galaraius",
    "Galonius",
    "Galusius",
    "Galaius",
    "Galelius",
    "Galinaius",
    "Galesaius",
    "Galoraius",
    "Valielius",
    "Valaelius",
    "Valiusius",
    "Valionius",
    "Valanaius",
    "Valenaius",
    "Valethius",
    "Valiahius",
    "Valorius",
    "Valrielius",
    "Valaraius",
    "Valonius",
    "Valusius",
    "Valaius",
    "Valelius",
    "Valinaius",
    "Valesaius",
    "Valoraius",
    "Sarielius",
    "Saraelius",
    "Sariusius",
    "Sarionius",
    "Saranaius",
    "Sarenaius",
    "Sarethius",
    "Sariahius",
    "Sarorius",
    "Sarrielius",
    "Sararaius",
    "Saronius",
    "Sarusius",
    "Saraius",
    "Sarelius",
    "Sarinaius",
    "Saresaius",
    "Saroraius",
    "Lumielius",
    "Lumaelius",
    "Lumiusius",
    "Lumionius",
    "Lumanaius",
    "Lumenaius",
    "Lumethius",
    "Lumiahius",
    "Lumorius",
    "Lumrielius",
    "Lumaraius",
    "Lumonius",
    "Lumusius",
    "Lumaius",
    "Lumelius",
    "Luminaius",
    "Lumesaius",
    "Lumoraius",
    "Serielius",
    "Seraelius",
    "Seriusius",
    "Serionius",
    "Seranaius",
    "Serenaius",
    "Serethius",
    "Seriahius",
    "Serorius",
    "Serrielius",
    "Seraraius",
    "Seronius",
    "Serusius",
    "Seraius",
    "Serelius",
    "Serinaius",
    "Seresaius",
    "Seroraius",
    "Myielius",
    "Myaelius",
    "Myiusius",
    "Myionius",
    "Myanaius",
    "Myenaius",
    "Myethius",
    "Myiahius",
    "Myorius",
    "Myrielius",
    "Myaraius",
    "Myonius",
    "Myusius",
    "Myaius",
    "Myelius",
    "Myinaius",
    "Myesaius",
    "Myoraius",
    "Caelielius",
    "Caelaelius",
    "Caeliusius",
    "Caelionius",
    "Caelanaius",
    "Caelenaius",
    "Caelethius",
    "Caeliahius",
    "Caelorius",
    "Caelrielius",
    "Caelaraius",
    "Caelonius",
    "Caelusius",
    "Caelaius",
    "Caelelius",
    "Caelinaius",
    "Caelesaius",
    "Caeloraius",
    "Ariielius",
    "Ariaelius",
    "Ariiusius",
    "Ariionius",
    "Arianaius",
    "Arienaius",
    "Ariethius",
    "Ariiahius",
    "Ariorius",
    "Aririelius",
    "Ariaraius",
    "Ariaius",
    "Ariinaius",
    "Ariesaius",
    "Arioraius",
    "Raziielius",
    "Raziaelius",
    "Raziiusius",
    "Raziionius",
    "Razianaius",
    "Razienaius",
    "Raziethius",
    "Raziiahius",
    "Raziorius",
    "Razirielius",
    "Raziaraius",
    "Razionius",
    "Raziusius",
    "Raziaius",
    "Razielius",
    "Raziinaius",
    "Raziesaius",
    "Razioraius",
    "Uriielius",
    "Uriaelius",
    "Uriiusius",
    "Uriionius",
    "Urianaius",
    "Urienaius",
    "Uriethius",
    "Uriiahius",
    "Uriorius",
    "Uririelius",
    "Uriaraius",
    "Urionius",
    "Uriusius",
    "Uriaius",
    "Urielius",
    "Uriinaius",
    "Uriesaius",
    "Urioraius",
    "Zenielius",
    "Zenaelius",
    "Zeniusius",
    "Zenionius",
    "Zenanaius",
    "Zenenaius",
    "Zenethius",
    "Zeniahius",
    "Zenorius",
    "Zenrielius",
    "Zenaraius",
    "Zenonius",
    "Zenusius",
    "Zenaius",
    "Zenelius",
    "Zeninaius",
    "Zenesaius",
    "Zenoraius",
    "Phanielius",
    "Phanaelius",
    "Phaniusius",
    "Phanionius",
    "Phananaius",
    "Phanenaius",
    "Phanethius",
    "Phaniahius",
    "Phanorius",
    "Phanrielius",
    "Phanaraius",
    "Phanonius",
    "Phanusius",
    "Phanaius",
    "Phanelius",
    "Phaninaius",
    "Phanesaius",
    "Phanoraius",
    "Solielius",
    "Solaelius",
    "Soliusius",
    "Solionius",
    "Solanaius",
    "Solenaius",
    "Solethius",
    "Soliahius",
    "Solorius",
    "Solrielius",
    "Solaraius",
    "Solonius",
    "Solusius",
    "Solaius",
    "Solelius",
    "Solinaius",
    "Solesaius",
    "Soloraius",
    "Rafielius",
    "Rafaelius",
    "Rafiusius",
    "Rafionius",
    "Rafanaius",
    "Rafenaius",
    "Rafethius",
    "Rafiahius",
    "Raforius",
    "Rafrielius",
    "Rafaraius",
    "Rafonius",
    "Rafusius",
    "Rafaius",
    "Rafelius",
    "Rafinaius",
    "Rafesaius",
    "Raforaius",
    "Gabielius",
    "Gabaelius",
    "Gabiusius",
    "Gabionius",
    "Gabanaius",
    "Gabenaius",
    "Gabethius",
    "Gabiahius",
    "Gaborius",
    "Gabrielius",
    "Gabaraius",
    "Gabonius",
    "Gabusius",
    "Gabaius",
    "Gabelius",
    "Gabinaius",
    "Gabesaius",
    "Gaboraius",
    "Raphaielius",
    "Raphaaelius",
    "Raphaiusius",
    "Raphaionius",
    "Raphaanaius",
    "Raphaenaius",
    "Raphaethius",
    "Raphaiahius",
    "Raphaorius",
    "Rapharielius",
    "Raphaaraius",
    "Raphaonius",
    "Raphausius",
    "Raphaaius",
    "Raphaelius",
    "Raphainaius",
    "Raphaesaius",
    "Raphaoraius",
    "Talaielius",
    "Talaaelius",
    "Talaiusius",
    "Talaionius",
    "Talaanaius",
    "Talaenaius",
    "Talaethius",
    "Talaiahius",
    "Talaorius",
    "Talarielius",
    "Talaaraius",
    "Talaonius",
    "Talausius",
    "Talaaius",
    "Talaelius",
    "Talainaius",
    "Talaesaius",
    "Talaoraius",
    "Zeraielius",
    "Zeraaelius",
    "Zeraiusius",
    "Zeraionius",
    "Zeraanaius",
    "Zeraenaius",
    "Zeraethius",
    "Zeraiahius",
    "Zeraorius",
    "Zerarielius",
    "Zeraaraius",
    "Zeraonius",
    "Zerausius",
    "Zeraaius",
    "Zeraelius",
    "Zerainaius",
    "Zeraesaius",
    "Zeraoraius",
    "Amarielius",
    "Amaraelius",
    "Amariusius",
    "Amarionius",
    "Amaranaius",
    "Amarenaius",
    "Amarethius",
    "Amariahius",
    "Amarorius",
    "Amarrielius",
    "Amararaius",
    "Amaronius",
    "Amarusius",
    "Amaraius",
    "Amarelius",
    "Amarinaius",
    "Amaresaius",
    "Amaroraius",
    "Helielius",
    "Helaelius",
    "Heliusius",
    "Helionius",
    "Helanaius",
    "Helenaius",
    "Helethius",
    "Heliahius",
    "Helorius"
  ]
}