{
  "authors": [
    {
      "name": "munichjake",
      "email": "munichjake@dnd-session.de",
      "url": "https://dnd-session.de",
      "github": "https://github.com/munichjake"
    }
  ],
  "description": "English female elf first names",
  "version": "1.0.0",
  "names": [
    "Aeriel",
    "Alariel",
    "Arariel",
    "Celeriel",
    "Elariel",
    "Elaeriel",
    "Faeriel",
    "Galariel",
    "Iliriel",
    "Liariel",
    "Lorariel",
    "Melariel",
    "Nariel",
    "Olariel",
    "Phaeriel",
    "Quariel",
    "Raeriel",
    "Sylariel",
    "Talariel",
    "Ulariel",
    "Valariel",
    "Wynriel",
    "Xaeriel",
    "Ylariel",
    "Zeariel",
    "Aeria",
    "Alaria",
    "Araria",
    "Celeria",
    "Elaria",
    "Elaeria",
    "Faeria",
    "Galaria",
    "Iliria",
    "Liaria",
    "Loraria",
    "Melaria",
    "Naria",
    "Olaria",
    "Phaeria",
    "Quaria",
    "Raeria",
    "Sylaria",
    "Talaria",
    "Ularia",
    "Valaria",
    "Wynria",
    "Xaeria",
    "Ylaria",
    "Zearia",
    "Aelith",
    "Alalith",
    "Aralith",
    "Celelith",
    "Elalith",
    "Elaelith",
    "Faelith",
    "Galalith",
    "Ililith",
    "Lialith",
    "Loralith",
    "Melalith",
    "Nalith",
    "Olalith",
    "Phaelith",
    "Qualith",
    "Raelith",
    "Sylalith",
    "Talalith",
    "Ulalith",
    "Valalith",
    "Wynlith",
    "Xaelith",
    "Ylalith",
    "Zealith",
    "Aewen",
    "Alawen",
    "Arawen",
    "Celewen",
    "Elawen",
    "Elaewen",
    "Faewen",
    "Galawen",
    "Iliwen",
    "Liawen",
    "Lorawen",
    "Melawen",
    "Nawen",
    "Olawen",
    "Phaewen",
    "Quawen",
    "Raewen",
    "Sylawen",
    "Talawen",
    "Ulawen",
    "Valawen",
    "Wynwen",
    "Xaewen",
    "Ylawen",
    "Zeawen",
    "Aewyn",
    "Alawyn",
    "Arawyn",
    "Celewyn",
    "Elawyn",
    "Elaewyn",
    "Faewyn",
    "Galawyn",
    "Iliwyn",
    "Liawyn",
    "Lorawyn",
    "Melawyn",
    "Nawyn",
    "Olawyn",
    "Phaewyn",
    "Quawyn",
    "Raewyn",
    "Sylawyn",
    "Talawyn",
    "Ulawyn",
    "Valawyn",
    "Wynwyn",
    "Xaewyn",
    "Ylawyn",
    "Zeawyn",
    "Aeia",
    "Alaia",
    "Araia",
    "Celeia",
    "Elaia",
    "Elaeia",
    "Faeia",
    "Galaia",
    "Iliia",
    "Liaia",
    "Loraia",
    "Melaia",
    "Naia",
    "Olaia",
    "Phaeia",
    "Quaia",
    "Raeia",
    "Sylaia",
    "Talaia",
    "Ulaia",
    "Valaia",
    "Wynia",
    "Xaeia",
    "Ylaia",
    "Zeaia",
    "Aeine",
    "Alaine",
    "Araine",
    "Celeine",
    "Elaine",
    "Elaeine",
    "Faeine",
    "Galaine",
    "Iliine",
    "Liaine",
    "Loraine",
    "Melaine",
    "Naine",
    "Olaine",
    "Phaeine",
    "Quaine",
    "Raeine",
    "Sylaine",
    "Talaine",
    "Ulaine",
    "Valaine",
    "Wynine",
    "Xaeine",
    "Ylaine",
    "Zeaine",
    "Aea",
    "Alaa",
    "Araa",
    "Celea",
    "Elaa",
    "Elaea",
    "Faea",
    "Galaa",
    "Ilia",
    "Liaa",
    "Loraa",
    "Melaa",
    "Naa",
    "Olaa",
    "Phaea",
    "Quaa",
    "Raea",
    "Sylaa",
    "Talaa",
    "Ulaa",
    "Valaa",
    "Wyna",
    "Xaea",
    "Ylaa",
    "Zeaa",
    "Aedrinriel",
    "Aedrielriel",
    "Aelianriel",
    "Aelithriel",
    "Aemirriel",
    "Aemonriel",
    "Aenanriel",
    "Aenelriel",
    "Aenorriel",
    "Aerariel",
    "Aerielriel",
    "Aeriariel",
    "Aerionriel",
    "Aerinriel",
    "Aerosriel",
    "Aesilriel",
    "Aesirriel",
    "Aethariel",
    "Aethirriel",
    "Aethorriel",
    "Aevynriel",
    "Aewynriel",
    "Aeweriel",
    "Aeianariel",
    "Aladrinriel",
    "Aladrielriel",
    "Alalianriel",
    "Alalithriel",
    "Alamirriel",
    "Alamonriel",
    "Alananriel",
    "Alanelriel",
    "Alanorriel",
    "Alarariel",
    "Alarielriel",
    "Alariariel",
    "Alarionriel",
    "Alarinriel",
    "Alarosriel",
    "Alasilriel",
    "Alasirriel",
    "Alathariel",
    "Alathirriel",
    "Alathorriel",
    "Alavynriel",
    "Alawynriel",
    "Alaweriel",
    "Alaianariel",
    "Aradrinriel",
    "Aradrielriel",
    "Aralianriel",
    "Aralithriel",
    "Aramirriel",
    "Aramonriel",
    "Arananriel",
    "Aranelriel",
    "Aranorriel",
    "Ararariel",
    "Ararielriel",
    "Arariariel",
    "Ararionriel",
    "Ararinriel",
    "Ararosriel",
    "Arasilriel",
    "Arasirriel",
    "Arathariel",
    "Arathirriel",
    "Arathorriel",
    "Aravynriel",
    "Arawynriel",
    "Araweriel",
    "Araianariel",
    "Celedrinriel",
    "Celedrielriel",
    "Celelianriel",
    "Celelithriel",
    "Celemirriel",
    "Celemonriel",
    "Celenanriel",
    "Celenelriel",
    "Celenorriel",
    "Celerariel",
    "Celerielriel",
    "Celeriariel",
    "Celerionriel",
    "Celerinriel",
    "Celerosriel",
    "Celesilriel",
    "Celesirriel",
    "Celethariel",
    "Celethirriel",
    "Celethorriel",
    "Celevynriel",
    "Celewynriel",
    "Celeweriel",
    "Celeianariel",
    "Eladrinriel",
    "Eladrielriel",
    "Elalianriel",
    "Elalithriel",
    "Elamirriel",
    "Elamonriel",
    "Elananriel",
    "Elanelriel",
    "Elanorriel",
    "Elarariel",
    "Elarielriel",
    "Elariariel",
    "Elarionriel",
    "Elarinriel",
    "Elarosriel",
    "Elasilriel",
    "Elasirriel",
    "Elathariel",
    "Elathirriel",
    "Elathorriel",
    "Elavynriel",
    "Elawynriel",
    "Elaweriel",
    "Elaianariel",
    "Elaedrinriel",
    "Elaedrielriel",
    "Elaelianriel",
    "Elaelithriel",
    "Elaemirriel",
    "Elaemonriel",
    "Elaenanriel",
    "Elaenelriel",
    "Elaenorriel",
    "Elaerariel",
    "Elaerielriel",
    "Elaeriariel",
    "Elaerionriel",
    "Elaerinriel",
    "Elaerosriel",
    "Elaesilriel",
    "Elaesirriel",
    "Elaethariel",
    "Elaethirriel",
    "Elaethorriel",
    "Elaevynriel",
    "Elaewynriel",
    "Elaeweriel",
    "Elaeianariel",
    "Faedrinriel",
    "Faedrielriel",
    "Faelianriel",
    "Faelithriel",
    "Faemirriel",
    "Faemonriel",
    "Faenanriel",
    "Faenelriel",
    "Faenorriel",
    "Faerariel",
    "Faerielriel",
    "Faeriariel",
    "Faerionriel",
    "Faerinriel",
    "Faerosriel",
    "Faesilriel",
    "Faesirriel",
    "Faethariel",
    "Faethirriel",
    "Faethorriel",
    "Faevynriel",
    "Faewynriel",
    "Faeweriel",
    "Faeianariel",
    "Galadrinriel",
    "Galadrielriel",
    "Galalianriel",
    "Galalithriel",
    "Galamirriel",
    "Galamonriel",
    "Galananriel",
    "Galanelriel",
    "Galanorriel",
    "Galarariel",
    "Galarielriel",
    "Galariariel",
    "Galarionriel",
    "Galarinriel",
    "Galarosriel",
    "Galasilriel",
    "Galasirriel",
    "Galathariel",
    "Galathirriel",
    "Galathorriel",
    "Galavynriel",
    "Galawynriel",
    "Galaweriel",
    "Galaianariel",
    "Ilidrinriel",
    "Ilidrielriel",
    "Ililianriel",
    "Ililithriel",
    "Ilimirriel",
    "Ilimonriel",
    "Ilinanriel",
    "Ilinelriel",
    "Ilinorriel",
    "Ilirariel",
    "Ilirielriel",
    "Iliriariel",
    "Ilirionriel",
    "Ilirinriel",
    "Ilirosriel",
    "Ilisilriel",
    "Ilisirriel",
    "Ilithariel",
    "Ilithirriel",
    "Ilithorriel",
    "Ilivynriel",
    "Iliwynriel",
    "Iliweriel",
    "Iliianariel",
    "Liadrinriel",
    "Liadrielriel",
    "Lialianriel",
    "Lialithriel",
    "Liamirriel",
    "Liamonriel",
    "Liananriel",
    "Lianelriel",
    "Lianorriel",
    "Liarariel",
    "Liarielriel",
    "Liariariel",
    "Liarionriel",
    "Liarinriel",
    "Liarosriel",
    "Liasilriel",
    "Liasirriel",
    "Liathariel",
    "Liathirriel",
    "Liathorriel",
    "Liavynriel",
    "Liawynriel",
    "Liaweriel",
    "Liaianariel",
    "Loradrinriel",
    "Loradrielriel",
    "Loralianriel",
    "Loralithriel",
    "Loramirriel",
    "Loramonriel",
    "Lorananriel",
    "Loranelriel",
    "Loranorriel",
    "Lorarariel",
    "Lorarielriel",
    "Lorariariel",
    "Lorarionriel",
    "Lorarinriel",
    "Lorarosriel",
    "Lorasilriel",
    "Lorasirriel",
    "Lorathariel",
    "Lorathirriel",
    "Lorathorriel",
    "Loravynriel",
    "Lorawynriel",
    "Loraweriel",
    "Loraianariel",
    "Meladrinriel",
    "Meladrielriel",
    "Melalianriel",
    "Melalithriel",
    "Melamirriel",
    "Melamonriel",
    "Melananriel",
    "Melanelriel",
    "Melanorriel",
    "Melarariel",
    "Melarielriel",
    "Melariariel",
    "Melarionriel",
    "Melarinriel",
    "Melarosriel",
    "Melasilriel",
    "Melasirriel",
    "Melathariel",
    "Melathirriel",
    "Melathorriel",
    "Melavynriel",
    "Melawynriel",
    "Melaweriel",
    "Melaianariel",
    "Nadrinriel",
    "Nadrielriel",
    "Nalianriel",
    "Nalithriel",
    "Namirriel",
    "Namonriel",
    "Nananriel",
    "Nanelriel",
    "Nanorriel",
    "Narariel",
    "Narielriel",
    "Nariariel",
    "Narionriel",
    "Narinriel",
    "Narosriel",
    "Nasilriel",
    "Nasirriel",
    "Nathariel",
    "Nathirriel",
    "Nathorriel",
    "Navynriel",
    "Nawynriel",
    "Naweriel",
    "Naianariel",
    "Oladrinriel",
    "Oladrielriel",
    "Olalianriel",
    "Olalithriel",
    "Olamirriel",
    "Olamonriel",
    "Olananriel",
    "Olanelriel",
    "Olanorriel",
    "Olarariel",
    "Olarielriel",
    "Olariariel",
    "Olarionriel",
    "Olarinriel",
    "Olarosriel",
    "Olasilriel",
    "Olasirriel",
    "Olathariel",
    "Olathirriel",
    "Olathorriel",
    "Olavynriel",
    "Olawynriel",
    "Olaweriel",
    "Olaianariel",
    "Phaedrinriel",
    "Phaedrielriel",
    "Phaelianriel",
    "Phaelithriel",
    "Phaemirriel",
    "Phaemonriel",
    "Phaenanriel",
    "Phaenelriel",
    "Phaenorriel",
    "Phaerariel",
    "Phaerielriel",
    "Phaeriariel",
    "Phaerionriel",
    "Phaerinriel",
    "Phaerosriel",
    "Phaesilriel",
    "Phaesirriel",
    "Phaethariel",
    "Phaethirriel",
    "Phaethorriel",
    "Phaevynriel",
    "Phaewynriel",
    "Phaeweriel",
    "Phaeianariel",
    "Quadrinriel",
    "Quadrielriel",
    "Qualianriel",
    "Qualithriel",
    "Quamirriel",
    "Quamonriel",
    "Quananriel",
    "Quanelriel",
    "Quanorriel",
    "Quarariel",
    "Quarielriel",
    "Quariariel",
    "Quarionriel",
    "Quarinriel",
    "Quarosriel",
    "Quasilriel",
    "Quasirriel",
    "Quathariel",
    "Quathirriel",
    "Quathorriel",
    "Quavynriel",
    "Quawynriel",
    "Quaweriel",
    "Quaianariel",
    "Raedrinriel",
    "Raedrielriel",
    "Raelianriel",
    "Raelithriel",
    "Raemirriel",
    "Raemonriel",
    "Raenanriel",
    "Raenelriel",
    "Raenorriel",
    "Raerariel",
    "Raerielriel",
    "Raeriariel",
    "Raerionriel",
    "Raerinriel",
    "Raerosriel",
    "Raesilriel",
    "Raesirriel",
    "Raethariel",
    "Raethirriel",
    "Raethorriel",
    "Raevynriel",
    "Raewynriel",
    "Raeweriel",
    "Raeianariel",
    "Syladrinriel",
    "Syladrielriel",
    "Sylalianriel",
    "Sylalithriel",
    "Sylamirriel",
    "Sylamonriel",
    "Sylananriel",
    "Sylanelriel",
    "Sylanorriel",
    "Sylarariel",
    "Sylarielriel",
    "Sylariariel",
    "Sylarionriel",
    "Sylarinriel",
    "Sylarosriel",
    "Sylasilriel",
    "Sylasirriel",
    "Sylathariel",
    "Sylathirriel",
    "Sylathorriel",
    "Sylavynriel",
    "Sylawynriel",
    "Sylaweriel",
    "Sylaianariel",
    "Taladrinriel",
    "Taladrielriel",
    "Talalianriel",
    "Talalithriel",
    "Talamirriel",
    "Talamonriel",
    "Talananriel",
    "Talanelriel",
    "Talanorriel",
    "Talarariel",
    "Talarielriel",
    "Talariariel",
    "Talarionriel",
    "Talarinriel",
    "Talarosriel",
    "Talasilriel",
    "Talasirriel",
    "Talathariel",
    "Talathirriel",
    "Talathorriel",
    "Talavynriel",
    "Talawynriel",
    "Talaweriel",
    "Talaianariel",
    "Uladrinriel",
    "Uladrielriel",
    "Ulalianriel",
    "Ulalithriel",
    "Ulamirriel",
    "Ulamonriel",
    "Ulananriel",
    "Ulanelriel",
    "Ulanorriel",
    "Ularariel",
    "Ularielriel",
    "Ulariariel",
    "Ularionriel",
    "Ularinriel",
    "Ularosriel",
    "Ulasilriel",
    "Ulasirriel",
    "Ulathariel",
    "Ulathirriel",
    "Ulathorriel",
    "Ulavynriel",
    "Ulawynriel",
    "Ulaweriel",
    "Ulaianariel",
    "Valadrinriel",
    "Valadrielriel",
    "Valalianriel",
    "Valalithriel",
    "Valamirriel",
    "Valamonriel",
    "Valananriel",
    "Valanelriel",
    "Valanorriel",
    "Valarariel",
    "Valarielriel",
    "Valariariel",
    "Valarionriel",
    "Valarinriel",
    "Valarosriel",
    "Valasilriel",
    "Valasirriel",
    "Valathariel",
    "Valathirriel",
    "Valathorriel",
    "Valavynriel",
    "Valawynriel",
    "Valaweriel",
    "Valaianariel",
    "Wyndrinriel",
    "Wyndrielriel",
    "Wynlianriel",
    "Wynlithriel",
    "Wynmirriel",
    "Wynmonriel",
    "Wynnanriel",
    "Wynnelriel",
    "Wynnorriel",
    "Wynrariel",
    "Wynrielriel",
    "Wynriariel",
    "Wynrionriel",
    "Wynrinriel",
    "Wynrosriel",
    "Wynsilriel",
    "Wynsirriel",
    "Wynthariel",
    "Wynthirriel",
    "Wynthorriel",
    "Wynvynriel",
    "Wynwynriel",
    "Wynweriel",
    "Wynianariel",
    "Xaedrinriel",
    "Xaedrielriel",
    "Xaelianriel",
    "Xaelithriel",
    "Xaemirriel",
    "Xaemonriel",
    "Xaenanriel",
    "Xaenelriel",
    "Xaenorriel",
    "Xaerariel",
    "Xaerielriel",
    "Xaeriariel",
    "Xaerionriel",
    "Xaerinriel",
    "Xaerosriel",
    "Xaesilriel",
    "Xaesirriel",
    "Xaethariel",
    "Xaethirriel",
    "Xaethorriel",
    "Xaevynriel",
    "Xaewynriel",
    "Xaeweriel",
    "Xaeianariel",
    "Yladrinriel",
    "Yladrielriel",
    "Ylalianriel",
    "Ylalithriel",
    "Ylamirriel",
    "Ylamonriel",
    "Ylananriel",
    "Ylanelriel",
    "Ylanorriel",
    "Ylarariel",
    "Ylarielriel",
    "Ylariariel",
    "Ylarionriel",
    "Ylarinriel",
    "Ylarosriel",
    "Ylasilriel",
    "Ylasirriel",
    "Ylathariel",
    "Ylathirriel",
    "Ylathorriel",
    "Ylavynriel",
    "Ylawynriel",
    "Ylaweriel",
    "Ylaianariel",
    "Zeadrinriel",
    "Zeadrielriel",
    "Zealianriel",
    "Zealithriel",
    "Zeamirriel",
    "Zeamonriel",
    "Zeananriel",
    "Zeanelriel",
    "Zeanorriel",
    "Zearariel",
    "Zearielriel",
    "Zeariariel",
    "Zearionriel",
    "Zearinriel",
    "Zearosriel",
    "Zeasilriel",
    "Zeasirriel",
    "Zeathariel",
    "Zeathirriel",
    "Zeathorriel",
    "Zeavynriel",
    "Zeawynriel",
    "Zeaweriel",
    "Zeaianariel",
    "Aedrinria",
    "Aedrielria",
    "Aelianria",
    "Aelithria",
    "Aemirria",
    "Aemonria",
    "Aenanria",
    "Aenelria",
    "Aenorria",
    "Aeraria",
    "Aerielria",
    "Aeriaria",
    "Aerionria",
    "Aerinria",
    "Aerosria",
    "Aesilria",
    "Aesirria",
    "Aetharia",
    "Aethirria",
    "Aethorria",
    "Aevynria",
    "Aewynria",
    "Aeweria",
    "Aeianaria",
    "Aladrinria",
    "Aladrielria",
    "Alalianria",
    "Alalithria",
    "Alamirria",
    "Alamonria",
    "Alananria",
    "Alanelria",
    "Alanorria",
    "Alararia",
    "Alarielria",
    "Alariaria",
    "Alarionria",
    "Alarinria",
    "Alarosria",
    "Alasilria",
    "Alasirria",
    "Alatharia",
    "Alathirria",
    "Alathorria",
    "Alavynria",
    "Alawynria",
    "Alaweria",
    "Alaianaria",
    "Aradrinria",
    "Aradrielria",
    "Aralianria",
    "Aralithria",
    "Aramirria",
    "Aramonria",
    "Arananria",
    "Aranelria",
    "Aranorria",
    "Arararia",
    "Ararielria",
    "Arariaria",
    "Ararionria",
    "Ararinria",
    "Ararosria",
    "Arasilria",
    "Arasirria",
    "Aratharia",
    "Arathirria",
    "Arathorria",
    "Aravynria",
    "Arawynria",
    "Araweria",
    "Araianaria",
    "Celedrinria",
    "Celedrielria",
    "Celelianria",
    "Celelithria",
    "Celemirria",
    "Celemonria",
    "Celenanria",
    "Celenelria",
    "Celenorria",
    "Celeraria",
    "Celerielria",
    "Celeriaria",
    "Celerionria",
    "Celerinria",
    "Celerosria",
    "Celesilria",
    "Celesirria",
    "Celetharia",
    "Celethirria",
    "Celethorria",
    "Celevynria",
    "Celewynria",
    "Celeweria",
    "Celeianaria",
    "Eladrinria",
    "Eladrielria",
    "Elalianria",
    "Elalithria",
    "Elamirria",
    "Elamonria",
    "Elananria",
    "Elanelria",
    "Elanorria",
    "Elararia",
    "Elarielria",
    "Elariaria",
    "Elarionria",
    "Elarinria",
    "Elarosria",
    "Elasilria",
    "Elasirria",
    "Elatharia",
    "Elathirria",
    "Elathorria",
    "Elavynria",
    "Elawynria",
    "Elaweria",
    "Elaianaria",
    "Elaedrinria",
    "Elaedrielria",
    "Elaelianria",
    "Elaelithria",
    "Elaemirria",
    "Elaemonria",
    "Elaenanria",
    "Elaenelria",
    "Elaenorria",
    "Elaeraria",
    "Elaerielria",
    "Elaeriaria",
    "Elaerionria",
    "Elaerinria",
    "Elaerosria",
    "Elaesilria",
    "Elaesirria",
    "Elaetharia",
    "Elaethirria",
    "Elaethorria",
    "Elaevynria",
    "Elaewynria",
    "Elaeweria",
    "Elaeianaria",
    "Faedrinria",
    "Faedrielria",
    "Faelianria",
    "Faelithria",
    "Faemirria",
    "Faemonria",
    "Faenanria",
    "Faenelria",
    "Faenorria",
    "Faeraria",
    "Faerielria",
    "Faeriaria",
    "Faerionria",
    "Faerinria",
    "Faerosria",
    "Faesilria",
    "Faesirria",
    "Faetharia",
    "Faethirria",
    "Faethorria",
    "Faevynria",
    "Faewynria",
    "Faeweria",
    "Faeianaria",
    "Galadrinria",
    "Galadrielria",
    "Galalianria",
    "Galalithria",
    "Galamirria",
    "Galamonria",
    "Galananria",
    "Galanelria",
    "Galanorria",
    "Galararia",
    "Galarielria",
    "Galariaria",
    "Galarionria",
    "Galarinria",
    "Galarosria",
    "Galasilria",
    "Galasirria",
    "Galatharia",
    "Galathirria",
    "Galathorria",
    "Galavynria",
    "Galawynria",
    "Galaweria",
    "Galaianaria",
    "Ilidrinria",
    "Ilidrielria",
    "Ililianria",
    "Ililithria",
    "Ilimirria",
    "Ilimonria",
    "Ilinanria",
    "Ilinelria",
    "Ilinorria",
    "Iliraria",
    "Ilirielria",
    "Iliriaria",
    "Ilirionria",
    "Ilirinria",
    "Ilirosria",
    "Ilisilria",
    "Ilisirria",
    "Ilitharia",
    "Ilithirria",
    "Ilithorria",
    "Ilivynria",
    "Iliwynria",
    "Iliweria",
    "Iliianaria",
    "Liadrinria",
    "Liadrielria",
    "Lialianria",
    "Lialithria",
    "Liamirria",
    "Liamonria",
    "Liananria",
    "Lianelria",
    "Lianorria",
    "Liararia",
    "Liarielria",
    "Liariaria",
    "Liarionria",
    "Liarinria",
    "Liarosria",
    "Liasilria",
    "Liasirria",
    "Liatharia",
    "Liathirria",
    "Liathorria",
    "Liavynria",
    "Liawynria",
    "Liaweria",
    "Liaianaria",
    "Loradrinria",
    "Loradrielria",
    "Loralianria",
    "Loralithria",
    "Loramirria",
    "Loramonria",
    "Lorananria",
    "Loranelria",
    "Loranorria",
    "Lorararia",
    "Lorarielria",
    "Lorariaria",
    "Lorarionria",
    "Lorarinria",
    "Lorarosria",
    "Lorasilria",
    "Lorasirria",
    "Loratharia",
    "Lorathirria",
    "Lorathorria",
    "Loravynria",
    "Lorawynria",
    "Loraweria",
    "Loraianaria",
    "Meladrinria",
    "Meladrielria",
    "Melalianria",
    "Melalithria",
    "Melamirria",
    "Melamonria",
    "Melananria",
    "Melanelria",
    "Melanorria",
    "Melararia",
    "Melarielria"
  ]
}