{
  "authors": [
    {
      "name": "munichjake",
      "email": "munichjake@dnd-session.de",
      "url": "https://dnd-session.de",
      "github": "https://github.com/munichjake"
    }
  ],
  "description": "English gnome surnames",
  "version": "1.0.0",
  "names": [
    "Copperwhistle",
    "Coppergadget",
    "Copperbutton",
    "Coppergear",
    "Copperspark",
    "Copperpocket",
    "Copperhopper",
    "Copperspinner",
    "Copperfingers",
    "Coppertoes",
    "Coppercopper",
    "Coppernose",
    "Copperwiggle",
    "Copperbottle",
    "Coppercog",
    "Copperdash",
    "Copperpuff",
    "Copperplume",
    "Copperspring",
    "Copperswitch",
    "Gearwhistle",
    "Geargadget",
    "Gearbutton",
    "Geargear",
    "Gearspark",
    "Gearpocket",
    "Gearhopper",
    "Gearspinner",
    "Gearfingers",
    "Geartoes",
    "Gearcopper",
    "Gearnose",
    "Gearwiggle",
    "Gearbottle",
    "Gearcog",
    "Geardash",
    "Gearpuff",
    "Gearplume",
    "Gearspring",
    "Gearswitch",
    "Sparklewhistle",
    "Sparklegadget",
    "Sparklebutton",
    "Sparklegear",
    "Sparklespark",
    "Sparklepocket",
    "Sparklehopper",
    "Sparklespinner",
    "Sparklefingers",
    "Sparkletoes",
    "Sparklecopper",
    "Sparklenose",
    "Sparklewiggle",
    "Sparklebottle",
    "Sparklecog",
    "Sparkledash",
    "Sparklepuff",
    "Sparkleplume",
    "Sparklespring",
    "Sparkleswitch",
    "Muddlewhistle",
    "Muddlegadget",
    "Muddlebutton",
    "Muddlegear",
    "Muddlespark",
    "Muddlepocket",
    "Muddlehopper",
    "Muddlespinner",
    "Muddlefingers",
    "Muddletoes",
    "Muddlecopper",
    "Muddlenose",
    "Muddlewiggle",
    "Muddlebottle",
    "Muddlecog",
    "Muddledash",
    "Muddlepuff",
    "Muddleplume",
    "Muddlespring",
    "Muddleswitch",
    "Tinkerwhistle",
    "Tinkergadget",
    "Tinkerbutton",
    "Tinkergear",
    "Tinkerspark",
    "Tinkerpocket",
    "Tinkerhopper",
    "Tinkerspinner",
    "Tinkerfingers",
    "Tinkertoes",
    "Tinkercopper",
    "Tinkernose",
    "Tinkerwiggle",
    "Tinkerbottle",
    "Tinkercog",
    "Tinkerdash",
    "Tinkerpuff",
    "Tinkerplume",
    "Tinkerspring",
    "Tinkerswitch",
    "Merrywhistle",
    "Merrygadget",
    "Merrybutton",
    "Merrygear",
    "Merryspark",
    "Merrypocket",
    "Merryhopper",
    "Merryspinner",
    "Merryfingers",
    "Merrytoes",
    "Merrycopper",
    "Merrynose",
    "Merrywiggle",
    "Merrybottle",
    "Merrycog",
    "Merrydash",
    "Merrypuff",
    "Merryplume",
    "Merryspring",
    "Merryswitch",
    "Puddlewhistle",
    "Puddlegadget",
    "Puddlebutton",
    "Puddlegear",
    "Puddlespark",
    "Puddlepocket",
    "Puddlehopper",
    "Puddlespinner",
    "Puddlefingers",
    "Puddletoes",
    "Puddlecopper",
    "Puddlenose",
    "Puddlewiggle",
    "Puddlebottle",
    "Puddlecog",
    "Puddledash",
    "Puddlepuff",
    "Puddleplume",
    "Puddlespring",
    "Puddleswitch",
    "Whistlewhistle",
    "Whistlegadget",
    "Whistlebutton",
    "Whistlegear",
    "Whistlespark",
    "Whistlepocket",
    "Whistlehopper",
    "Whistlespinner",
    "Whistlefingers",
    "Whistletoes",
    "Whistlecopper",
    "Whistlenose",
    "Whistlewiggle",
    "Whistlebottle",
    "Whistlecog",
    "Whistledash",
    "Whistlepuff",
    "Whistleplume",
    "Whistlespring",
    "Whistleswitch",
    "Buttonwhistle",
    "Buttongadget",
    "Buttonbutton",
    "Buttongear",
    "Buttonspark",
    "Buttonpocket",
    "Buttonhopper",
    "Buttonspinner",
    "Buttonfingers",
    "Buttontoes",
    "Buttoncopper",
    "Buttonnose",
    "Buttonwiggle",
    "Buttonbottle",
    "Buttoncog",
    "Buttondash",
    "Buttonpuff",
    "Buttonplume",
    "Buttonspring",
    "Buttonswitch",
    "Bumblewhistle",
    "Bumblegadget",
    "Bumblebutton",
    "Bumblegear",
    "Bumblespark",
    "Bumblepocket",
    "Bumblehopper",
    "Bumblespinner",
    "Bumblefingers",
    "Bumbletoes",
    "Bumblecopper",
    "Bumblenose",
    "Bumblewiggle",
    "Bumblebottle",
    "Bumblecog",
    "Bumbledash",
    "Bumblepuff",
    "Bumbleplume",
    "Bumblespring",
    "Bumbleswitch",
    "Fiddlewhistle",
    "Fiddlegadget",
    "Fiddlebutton",
    "Fiddlegear",
    "Fiddlespark",
    "Fiddlepocket",
    "Fiddlehopper",
    "Fiddlespinner",
    "Fiddlefingers",
    "Fiddletoes",
    "Fiddlecopper",
    "Fiddlenose",
    "Fiddlewiggle",
    "Fiddlebottle",
    "Fiddlecog",
    "Fiddledash",
    "Fiddlepuff",
    "Fiddleplume",
    "Fiddlespring",
    "Fiddleswitch",
    "Gadgetwhistle",
    "Gadgetgadget",
    "Gadgetbutton",
    "Gadgetgear",
    "Gadgetspark",
    "Gadgetpocket",
    "Gadgethopper",
    "Gadgetspinner",
    "Gadgetfingers",
    "Gadgettoes",
    "Gadgetcopper",
    "Gadgetnose",
    "Gadgetwiggle",
    "Gadgetbottle",
    "Gadgetcog",
    "Gadgetdash",
    "Gadgetpuff",
    "Gadgetplume",
    "Gadgetspring",
    "Gadgetswitch",
    "Mugglewhistle",
    "Mugglegadget",
    "Mugglebutton",
    "Mugglegear",
    "Mugglespark",
    "Mugglepocket",
    "Mugglehopper",
    "Mugglespinner",
    "Mugglefingers",
    "Muggletoes",
    "Mugglecopper",
    "Mugglenose",
    "Mugglewiggle",
    "Mugglebottle",
    "Mugglecog",
    "Muggledash",
    "Mugglepuff",
    "Muggleplume",
    "Mugglespring",
    "Muggleswitch",
    "Nimblewhistle",
    "Nimblegadget",
    "Nimblebutton",
    "Nimblegear",
    "Nimblespark",
    "Nimblepocket",
    "Nimblehopper",
    "Nimblespinner",
    "Nimblefingers",
    "Nimbletoes",
    "Nimblecopper",
    "Nimblenose",
    "Nimblewiggle",
    "Nimblebottle",
    "Nimblecog",
    "Nimbledash",
    "Nimblepuff",
    "Nimbleplume",
    "Nimblespring",
    "Nimbleswitch",
    "Pennywhistle",
    "Pennygadget",
    "Pennybutton",
    "Pennygear",
    "Pennyspark",
    "Pennypocket",
    "Pennyhopper",
    "Pennyspinner",
    "Pennyfingers",
    "Pennytoes",
    "Pennycopper",
    "Pennynose",
    "Pennywiggle",
    "Pennybottle",
    "Pennycog",
    "Pennydash",
    "Pennypuff",
    "Pennyplume",
    "Pennyspring",
    "Pennyswitch",
    "Quickwhistle",
    "Quickgadget",
    "Quickbutton",
    "Quickgear",
    "Quickspark",
    "Quickpocket",
    "Quickhopper",
    "Quickspinner",
    "Quickfingers",
    "Quicktoes",
    "Quickcopper",
    "Quicknose",
    "Quickwiggle",
    "Quickbottle",
    "Quickcog",
    "Quickdash",
    "Quickpuff",
    "Quickplume",
    "Quickspring",
    "Quickswitch",
    "Rumblewhistle",
    "Rumblegadget",
    "Rumblebutton",
    "Rumblegear",
    "Rumblespark",
    "Rumblepocket",
    "Rumblehopper",
    "Rumblespinner",
    "Rumblefingers",
    "Rumbletoes",
    "Rumblecopper",
    "Rumblenose",
    "Rumblewiggle",
    "Rumblebottle",
    "Rumblecog",
    "Rumbledash",
    "Rumblepuff",
    "Rumbleplume",
    "Rumblespring",
    "Rumbleswitch",
    "Sprocketwhistle",
    "Sprocketgadget",
    "Sprocketbutton",
    "Sprocketgear",
    "Sprocketspark",
    "Sprocketpocket",
    "Sprockethopper",
    "Sprocketspinner",
    "Sprocketfingers",
    "Sprockettoes",
    "Sprocketcopper",
    "Sprocketnose",
    "Sprocketwiggle",
    "Sprocketbottle",
    "Sprocketcog",
    "Sprocketdash",
    "Sprocketpuff",
    "Sprocketplume",
    "Sprocketspring",
    "Sprocketswitch",
    "Twinklewhistle",
    "Twinklegadget",
    "Twinklebutton",
    "Twinklegear",
    "Twinklespark",
    "Twinklepocket",
    "Twinklehopper",
    "Twinklespinner",
    "Twinklefingers",
    "Twinkletoes",
    "Twinklecopper",
    "Twinklenose",
    "Twinklewiggle",
    "Twinklebottle",
    "Twinklecog",
    "Twinkledash",
    "Twinklepuff",
    "Twinkleplume",
    "Twinklespring",
    "Twinkleswitch",
    "Fizzlewhistle",
    "Fizzlegadget",
    "Fizzlebutton",
    "Fizzlegear",
    "Fizzlespark",
    "Fizzlepocket",
    "Fizzlehopper",
    "Fizzlespinner",
    "Fizzlefingers",
    "Fizzletoes",
    "Fizzlecopper",
    "Fizzlenose",
    "Fizzlewiggle",
    "Fizzlebottle",
    "Fizzlecog",
    "Fizzledash",
    "Fizzlepuff",
    "Fizzleplume",
    "Fizzlespring",
    "Fizzleswitch",
    "Copperwhistlewhistle",
    "Copperwhistlegadget",
    "Copperwhistlebutton",
    "Copperwhistlegear",
    "Copperwhistlespark",
    "Copperwhistlepocket",
    "Copperwhistlehopper",
    "Copperwhistlespinner",
    "Copperwhistlefingers",
    "Copperwhistletoes",
    "Copperwhistlecopper",
    "Copperwhistlenose",
    "Copperwhistlewiggle",
    "Copperwhistlebottle",
    "Copperwhistlecog",
    "Copperwhistledash",
    "Copperwhistlepuff",
    "Copperwhistleplume",
    "Copperwhistlespring",
    "Copperwhistleswitch",
    "Coppergadgetwhistle",
    "Coppergadgetgadget",
    "Coppergadgetbutton",
    "Coppergadgetgear",
    "Coppergadgetspark",
    "Coppergadgetpocket",
    "Coppergadgethopper",
    "Coppergadgetspinner",
    "Coppergadgetfingers",
    "Coppergadgettoes",
    "Coppergadgetcopper",
    "Coppergadgetnose",
    "Coppergadgetwiggle",
    "Coppergadgetbottle",
    "Coppergadgetcog",
    "Coppergadgetdash",
    "Coppergadgetpuff",
    "Coppergadgetplume",
    "Coppergadgetspring",
    "Coppergadgetswitch",
    "Copperbuttonwhistle",
    "Copperbuttongadget",
    "Copperbuttonbutton",
    "Copperbuttongear",
    "Copperbuttonspark",
    "Copperbuttonpocket",
    "Copperbuttonhopper",
    "Copperbuttonspinner",
    "Copperbuttonfingers",
    "Copperbuttontoes",
    "Copperbuttoncopper",
    "Copperbuttonnose",
    "Copperbuttonwiggle",
    "Copperbuttonbottle",
    "Copperbuttoncog",
    "Copperbuttondash",
    "Copperbuttonpuff",
    "Copperbuttonplume",
    "Copperbuttonspring",
    "Copperbuttonswitch",
    "Coppergearwhistle",
    "Coppergeargadget",
    "Coppergearbutton",
    "Coppergeargear",
    "Coppergearspark",
    "Coppergearpocket",
    "Coppergearhopper",
    "Coppergearspinner",
    "Coppergearfingers",
    "Coppergeartoes",
    "Coppergearcopper",
    "Coppergearnose",
    "Coppergearwiggle",
    "Coppergearbottle",
    "Coppergearcog",
    "Coppergeardash",
    "Coppergearpuff",
    "Coppergearplume",
    "Coppergearspring",
    "Coppergearswitch",
    "Coppersparkwhistle",
    "Coppersparkgadget",
    "Coppersparkbutton",
    "Coppersparkgear",
    "Coppersparkspark",
    "Coppersparkpocket",
    "Coppersparkhopper",
    "Coppersparkspinner",
    "Coppersparkfingers",
    "Coppersparktoes",
    "Coppersparkcopper",
    "Coppersparknose",
    "Coppersparkwiggle",
    "Coppersparkbottle",
    "Coppersparkcog",
    "Coppersparkdash",
    "Coppersparkpuff",
    "Coppersparkplume",
    "Coppersparkspring",
    "Coppersparkswitch",
    "Copperpocketwhistle",
    "Copperpocketgadget",
    "Copperpocketbutton",
    "Copperpocketgear",
    "Copperpocketspark",
    "Copperpocketpocket",
    "Copperpockethopper",
    "Copperpocketspinner",
    "Copperpocketfingers",
    "Copperpockettoes",
    "Copperpocketcopper",
    "Copperpocketnose",
    "Copperpocketwiggle",
    "Copperpocketbottle",
    "Copperpocketcog",
    "Copperpocketdash",
    "Copperpocketpuff",
    "Copperpocketplume",
    "Copperpocketspring",
    "Copperpocketswitch",
    "Copperhopperwhistle",
    "Copperhoppergadget",
    "Copperhopperbutton",
    "Copperhoppergear",
    "Copperhopperspark",
    "Copperhopperpocket",
    "Copperhopperhopper",
    "Copperhopperspinner",
    "Copperhopperfingers",
    "Copperhoppertoes",
    "Copperhoppercopper",
    "Copperhoppernose",
    "Copperhopperwiggle",
    "Copperhopperbottle",
    "Copperhoppercog",
    "Copperhopperdash",
    "Copperhopperpuff",
    "Copperhopperplume",
    "Copperhopperspring",
    "Copperhopperswitch",
    "Copperspinnerwhistle",
    "Copperspinnergadget",
    "Copperspinnerbutton",
    "Copperspinnergear",
    "Copperspinnerspark",
    "Copperspinnerpocket",
    "Copperspinnerhopper",
    "Copperspinnerspinner",
    "Copperspinnerfingers",
    "Copperspinnertoes",
    "Copperspinnercopper",
    "Copperspinnernose",
    "Copperspinnerwiggle",
    "Copperspinnerbottle",
    "Copperspinnercog",
    "Copperspinnerdash",
    "Copperspinnerpuff",
    "Copperspinnerplume",
    "Copperspinnerspring",
    "Copperspinnerswitch",
    "Copperfingerswhistle",
    "Copperfingersgadget",
    "Copperfingersbutton",
    "Copperfingersgear",
    "Copperfingersspark",
    "Copperfingerspocket",
    "Copperfingershopper",
    "Copperfingersspinner",
    "Copperfingersfingers",
    "Copperfingerstoes",
    "Copperfingerscopper",
    "Copperfingersnose",
    "Copperfingerswiggle",
    "Copperfingersbottle",
    "Copperfingerscog",
    "Copperfingersdash",
    "Copperfingerspuff",
    "Copperfingersplume",
    "Copperfingersspring",
    "Copperfingersswitch",
    "Coppertoeswhistle",
    "Coppertoesgadget",
    "Coppertoesbutton",
    "Coppertoesgear",
    "Coppertoesspark",
    "Coppertoespocket",
    "Coppertoeshopper",
    "Coppertoesspinner",
    "Coppertoesfingers",
    "Coppertoestoes",
    "Coppertoescopper",
    "Coppertoesnose",
    "Coppertoeswiggle",
    "Coppertoesbottle",
    "Coppertoescog",
    "Coppertoesdash",
    "Coppertoespuff",
    "Coppertoesplume",
    "Coppertoesspring",
    "Coppertoesswitch",
    "Coppercopperwhistle",
    "Coppercoppergadget",
    "Coppercopperbutton",
    "Coppercoppergear",
    "Coppercopperspark",
    "Coppercopperpocket",
    "Coppercopperhopper",
    "Coppercopperspinner",
    "Coppercopperfingers",
    "Coppercoppertoes",
    "Coppercoppercopper",
    "Coppercoppernose",
    "Coppercopperwiggle",
    "Coppercopperbottle",
    "Coppercoppercog",
    "Coppercopperdash",
    "Coppercopperpuff",
    "Coppercopperplume",
    "Coppercopperspring",
    "Coppercopperswitch",
    "Coppernosewhistle",
    "Coppernosegadget",
    "Coppernosebutton",
    "Coppernosegear",
    "Coppernosespark",
    "Coppernosepocket",
    "Coppernosehopper",
    "Coppernosespinner",
    "Coppernosefingers",
    "Coppernosetoes",
    "Coppernosecopper",
    "Coppernosenose",
    "Coppernosewiggle",
    "Coppernosebottle",
    "Coppernosecog",
    "Coppernosedash",
    "Coppernosepuff",
    "Coppernoseplume",
    "Coppernosespring",
    "Coppernoseswitch",
    "Copperwigglewhistle",
    "Copperwigglegadget",
    "Copperwigglebutton",
    "Copperwigglegear",
    "Copperwigglespark",
    "Copperwigglepocket",
    "Copperwigglehopper",
    "Copperwigglespinner",
    "Copperwigglefingers",
    "Copperwiggletoes",
    "Copperwigglecopper",
    "Copperwigglenose",
    "Copperwigglewiggle",
    "Copperwigglebottle",
    "Copperwigglecog",
    "Copperwiggledash",
    "Copperwigglepuff",
    "Copperwiggleplume",
    "Copperwigglespring",
    "Copperwiggleswitch",
    "Copperbottlewhistle",
    "Copperbottlegadget",
    "Copperbottlebutton",
    "Copperbottlegear",
    "Copperbottlespark",
    "Copperbottlepocket",
    "Copperbottlehopper",
    "Copperbottlespinner",
    "Copperbottlefingers",
    "Copperbottletoes",
    "Copperbottlecopper",
    "Copperbottlenose",
    "Copperbottlewiggle",
    "Copperbottlebottle",
    "Copperbottlecog",
    "Copperbottledash",
    "Copperbottlepuff",
    "Copperbottleplume",
    "Copperbottlespring",
    "Copperbottleswitch",
    "Coppercogwhistle",
    "Coppercoggadget",
    "Coppercogbutton",
    "Coppercoggear",
    "Coppercogspark",
    "Coppercogpocket",
    "Coppercoghopper",
    "Coppercogspinner",
    "Coppercogfingers",
    "Coppercogtoes",
    "Coppercogcopper",
    "Coppercognose",
    "Coppercogwiggle",
    "Coppercogbottle",
    "Coppercogcog",
    "Coppercogdash",
    "Coppercogpuff",
    "Coppercogplume",
    "Coppercogspring",
    "Coppercogswitch",
    "Copperdashwhistle",
    "Copperdashgadget",
    "Copperdashbutton",
    "Copperdashgear",
    "Copperdashspark",
    "Copperdashpocket",
    "Copperdashhopper",
    "Copperdashspinner",
    "Copperdashfingers",
    "Copperdashtoes",
    "Copperdashcopper",
    "Copperdashnose",
    "Copperdashwiggle",
    "Copperdashbottle",
    "Copperdashcog",
    "Copperdashdash",
    "Copperdashpuff",
    "Copperdashplume",
    "Copperdashspring",
    "Copperdashswitch",
    "Copperpuffwhistle",
    "Copperpuffgadget",
    "Copperpuffbutton",
    "Copperpuffgear",
    "Copperpuffspark",
    "Copperpuffpocket",
    "Copperpuffhopper",
    "Copperpuffspinner",
    "Copperpufffingers",
    "Copperpufftoes",
    "Copperpuffcopper",
    "Copperpuffnose",
    "Copperpuffwiggle",
    "Copperpuffbottle",
    "Copperpuffcog",
    "Copperpuffdash",
    "Copperpuffpuff",
    "Copperpuffplume",
    "Copperpuffspring",
    "Copperpuffswitch",
    "Copperplumewhistle",
    "Copperplumegadget",
    "Copperplumebutton",
    "Copperplumegear",
    "Copperplumespark",
    "Copperplumepocket",
    "Copperplumehopper",
    "Copperplumespinner",
    "Copperplumefingers",
    "Copperplumetoes",
    "Copperplumecopper",
    "Copperplumenose",
    "Copperplumewiggle",
    "Copperplumebottle",
    "Copperplumecog",
    "Copperplumedash",
    "Copperplumepuff",
    "Copperplumeplume",
    "Copperplumespring",
    "Copperplumeswitch",
    "Copperspringwhistle",
    "Copperspringgadget",
    "Copperspringbutton",
    "Copperspringgear",
    "Copperspringspark",
    "Copperspringpocket",
    "Copperspringhopper",
    "Copperspringspinner",
    "Copperspringfingers",
    "Copperspringtoes",
    "Copperspringcopper",
    "Copperspringnose",
    "Copperspringwiggle",
    "Copperspringbottle",
    "Copperspringcog",
    "Copperspringdash",
    "Copperspringpuff",
    "Copperspringplume",
    "Copperspringspring",
    "Copperspringswitch",
    "Copperswitchwhistle",
    "Copperswitchgadget",
    "Copperswitchbutton",
    "Copperswitchgear",
    "Copperswitchspark",
    "Copperswitchpocket",
    "Copperswitchhopper",
    "Copperswitchspinner",
    "Copperswitchfingers",
    "Copperswitchtoes",
    "Copperswitchcopper",
    "Copperswitchnose",
    "Copperswitchwiggle",
    "Copperswitchbottle",
    "Copperswitchcog",
    "Copperswitchdash",
    "Copperswitchpuff",
    "Copperswitchplume",
    "Copperswitchspring",
    "Copperswitchswitch",
    "Gearwhistlewhistle",
    "Gearwhistlegadget",
    "Gearwhistlebutton",
    "Gearwhistlegear",
    "Gearwhistlespark",
    "Gearwhistlepocket",
    "Gearwhistlehopper",
    "Gearwhistlespinner",
    "Gearwhistlefingers",
    "Gearwhistletoes",
    "Gearwhistlecopper",
    "Gearwhistlenose",
    "Gearwhistlewiggle",
    "Gearwhistlebottle",
    "Gearwhistlecog",
    "Gearwhistledash",
    "Gearwhistlepuff",
    "Gearwhistleplume",
    "Gearwhistlespring",
    "Gearwhistleswitch",
    "Geargadgetwhistle",
    "Geargadgetgadget",
    "Geargadgetbutton",
    "Geargadgetgear",
    "Geargadgetspark",
    "Geargadgetpocket",
    "Geargadgethopper",
    "Geargadgetspinner",
    "Geargadgetfingers",
    "Geargadgettoes",
    "Geargadgetcopper",
    "Geargadgetnose",
    "Geargadgetwiggle",
    "Geargadgetbottle",
    "Geargadgetcog",
    "Geargadgetdash",
    "Geargadgetpuff",
    "Geargadgetplume",
    "Geargadgetspring",
    "Geargadgetswitch",
    "Gearbuttonwhistle",
    "Gearbuttongadget",
    "Gearbuttonbutton",
    "Gearbuttongear",
    "Gearbuttonspark",
    "Gearbuttonpocket",
    "Gearbuttonhopper",
    "Gearbuttonspinner",
    "Gearbuttonfingers",
    "Gearbuttontoes",
    "Gearbuttoncopper",
    "Gearbuttonnose",
    "Gearbuttonwiggle",
    "Gearbuttonbottle",
    "Gearbuttoncog",
    "Gearbuttondash",
    "Gearbuttonpuff",
    "Gearbuttonplume",
    "Gearbuttonspring",
    "Gearbuttonswitch",
    "Geargearwhistle",
    "Geargeargadget",
    "Geargearbutton",
    "Geargeargear",
    "Geargearspark",
    "Geargearpocket",
    "Geargearhopper",
    "Geargearspinner",
    "Geargearfingers",
    "Geargeartoes",
    "Geargearcopper",
    "Geargearnose",
    "Geargearwiggle",
    "Geargearbottle",
    "Geargearcog",
    "Geargeardash",
    "Geargearpuff",
    "Geargearplume",
    "Geargearspring",
    "Geargearswitch",
    "Gearsparkwhistle",
    "Gearsparkgadget",
    "Gearsparkbutton",
    "Gearsparkgear",
    "Gearsparkspark",
    "Gearsparkpocket",
    "Gearsparkhopper",
    "Gearsparkspinner",
    "Gearsparkfingers",
    "Gearsparktoes",
    "Gearsparkcopper",
    "Gearsparknose",
    "Gearsparkwiggle",
    "Gearsparkbottle",
    "Gearsparkcog",
    "Gearsparkdash",
    "Gearsparkpuff",
    "Gearsparkplume",
    "Gearsparkspring",
    "Gearsparkswitch",
    "Gearpocketwhistle",
    "Gearpocketgadget",
    "Gearpocketbutton",
    "Gearpocketgear",
    "Gearpocketspark",
    "Gearpocketpocket",
    "Gearpockethopper",
    "Gearpocketspinner",
    "Gearpocketfingers",
    "Gearpockettoes",
    "Gearpocketcopper",
    "Gearpocketnose",
    "Gearpocketwiggle",
    "Gearpocketbottle",
    "Gearpocketcog",
    "Gearpocketdash",
    "Gearpocketpuff",
    "Gearpocketplume",
    "Gearpocketspring",
    "Gearpocketswitch",
    "Gearhopperwhistle",
    "Gearhoppergadget",
    "Gearhopperbutton",
    "Gearhoppergear",
    "Gearhopperspark",
    "Gearhopperpocket",
    "Gearhopperhopper",
    "Gearhopperspinner",
    "Gearhopperfingers",
    "Gearhoppertoes",
    "Gearhoppercopper",
    "Gearhoppernose",
    "Gearhopperwiggle",
    "Gearhopperbottle",
    "Gearhoppercog",
    "Gearhopperdash",
    "Gearhopperpuff",
    "Gearhopperplume",
    "Gearhopperspring",
    "Gearhopperswitch",
    "Gearspinnerwhistle",
    "Gearspinnergadget",
    "Gearspinnerbutton",
    "Gearspinnergear",
    "Gearspinnerspark",
    "Gearspinnerpocket",
    "Gearspinnerhopper",
    "Gearspinnerspinner",
    "Gearspinnerfingers",
    "Gearspinnertoes",
    "Gearspinnercopper",
    "Gearspinnernose",
    "Gearspinnerwiggle",
    "Gearspinnerbottle",
    "Gearspinnercog",
    "Gearspinnerdash",
    "Gearspinnerpuff",
    "Gearspinnerplume",
    "Gearspinnerspring",
    "Gearspinnerswitch",
    "Gearfingerswhistle",
    "Gearfingersgadget",
    "Gearfingersbutton",
    "Gearfingersgear",
    "Gearfingersspark",
    "Gearfingerspocket",
    "Gearfingershopper",
    "Gearfingersspinner",
    "Gearfingersfingers",
    "Gearfingerstoes",
    "Gearfingerscopper",
    "Gearfingersnose",
    "Gearfingerswiggle",
    "Gearfingersbottle",
    "Gearfingerscog",
    "Gearfingersdash",
    "Gearfingerspuff",
    "Gearfingersplume",
    "Gearfingersspring",
    "Gearfingersswitch",
    "Geartoeswhistle",
    "Geartoesgadget",
    "Geartoesbutton",
    "Geartoesgear",
    "Geartoesspark",
    "Geartoespocket",
    "Geartoeshopper",
    "Geartoesspinner",
    "Geartoesfingers",
    "Geartoestoes",
    "Geartoescopper",
    "Geartoesnose",
    "Geartoeswiggle",
    "Geartoesbottle",
    "Geartoescog",
    "Geartoesdash",
    "Geartoespuff",
    "Geartoesplume",
    "Geartoesspring",
    "Geartoesswitch"
  ]
}