{
  "authors": [
    {
      "name": "munichjake",
      "email": "munichjake@dnd-session.de",
      "url": "https://dnd-session.de",
      "github": "https://github.com/munichjake"
    }
  ],
  "description": "Deutsche weibliche Menschenvornamen",
  "version": "1.0.0",
  "names": [
    "Isolde",
    "Jutta",
    "Kunigunde",
    "Lioba",
    "Luitgard",
    "Magdalena",
    "Margarethe",
    "Mathilde",
    "Mechthild",
    "Odilia",
    "Perchta",
    "Roswitha",
    "Sibylle",
    "Thekla",
    "Ursula",
    "Verena",
    "Walburga",
    "Wilhelma",
    "Adelgund",
    "Adelinde",
    "Agneta",
    "Alheidis",
    "Alwina",
    "Amelgard",
    "Annalind",
    "Apollonia",
    "Avelina",
    "Baldegund",
    "Benedicta",
    "Bertrade",
    "Bertrudis",
    "Cecilia",
    "Christiana",
    "Claudia",
    "Crescentia",
    "Cuniza",
    "Diemut",
    "Dorothee",
    "Droselinde",
    "Eberlind",
    "Edelgard",
    "Edelhild",
    "Ediltrud",
    "Ehrentrud",
    "Elburg",
    "Elektra",
    "Elswina",
    "Emerenzia",
    "Engelberga",
    "Engeltrudis",
    "Ennelind",
    "Ermengarda",
    "Ermengilde",
    "Ethelgund",
    "Euphemia",
    "Eva",
    "Felicitas",
    "Florentina",
    "Franzlind",
    "Friderun",
    "Fridegund",
    "Frigunda",
    "Gerlindis",
    "Gerlob",
    "Gerswinda",
    "Gisberta",
    "Gismunda",
    "Godelieve",
    "Gotlind",
    "Gratia",
    "Grete",
    "Gunhild",
    "Hadewiga",
    "Hedewig",
    "Heidrun",
    "Heiltraud",
    "Helwig",
    "Herlind",
    "Herwigis",
    "Hildebolda",
    "Hildegarda",
    "Hiltrud",
    "Ida",
    "Ilse",
    "Irmingard",
    "Irminlind",
    "Irmgarda",
    "Irmhild",
    "Isengard",
    "Isentrud",
    "Itelgund",
    "Judith",
    "Katharina",
    "Kordula",
    "Kunizza",
    "Lamprechtina",
    "Leocadia",
    "Leonie",
    "Lieselotte",
    "Luitgarda",
    "Luittrud",
    "Lutgarde",
    "Magna",
    "Mahthild",
    "Margarita",
    "Maria",
    "Marina",
    "Martha",
    "Mechtild",
    "Minnegard",
    "Odelhild",
    "Ottilia",
    "Praxedis",
    "Regina",
    "Relindis",
    "Rosalinde",
    "Rothlind",
    "Rufina",
    "Salome",
    "Sibilla",
    "Siglinde",
    "Sigmunda",
    "Sigrun",
    "Sophia",
    "Susanna",
    "Swanhild",
    "Swidberta",
    "Sybilla",
    "Theodora",
    "Theophania",
    "Thietlind",
    "Thrudhild",
    "Trudelinde",
    "Udalhild",
    "Udaltrud",
    "Uta",
    "Valburg",
    "Veronika",
    "Vilhelma",
    "Walborga",
    "Waldrada",
    "Walthera",
    "Wendelgard",
    "Wenonika",
    "Wiborada",
    "Wildburg",
    "Wiltrud",
    "Winibaldina",
    "Wisigard",
    "Yrmengard",
    "Zita",
    "Adalgund",
    "Adeltraud",
    "Agnella",
    "Aldegund",
    "Aleydis",
    "Alheid",
    "Almuthe",
    "Amelina",
    "Anastasia",
    "Annegunde",
    "Anselma",
    "Arnilda",
    "Arntrudis",
    "Aurembiaix",
    "Avia",
    "Baltrun",
    "Benedictina",
    "Bengardis",
    "Berhild",
    "Berta",
    "Bertlinde",
    "Blanchefleur",
    "Brigitta",
    "Brunhilda",
    "Clementina",
    "Cunegunda",
    "Dietlind",
    "Dietlinde",
    "Dorlindis",
    "Droselind",
    "Edilberta",
    "Edelinde",
    "Edilburg",
    "Eilika",
    "Einhildis",
    "Elfrida",
    "Elisanda",
    "Elisind",
    "Elsabetha",
    "Emergarda",
    "Emmerentia",
    "Engelberta",
    "Engelgardis",
    "Engelinda",
    "Engelradis",
    "Ennelda",
    "Ermengardis",
    "Ermengilda",
    "Erna",
    "Ethelgard",
    "Eudokia",
    "Euphemie",
    "Eustachia",
    "Eva-Maria",
    "Everlind",
    "Felicitasia",
    "Florentinae",
    "Fredegundis",
    "Freya",
    "Fridelind",
    "Fridgerda",
    "Fridlinda",
    "Frideberta",
    "Frideburg",
    "Fridegart",
    "Fridetrudis",
    "Fridilind",
    "Frowinlind",
    "Gernlind",
    "Gertrudis",
    "Gisberga",
    "Giselaine",
    "Giselinda",
    "Gismara",
    "Gismerga",
    "Godeberta",
    "Godiva",
    "Gothelindis",
    "Guda",
    "Gudela",
    "Gunhilda",
    "Guntrudis",
    "Hadlind",
    "Hadwig",
    "Hediltrud",
    "Heidelinde",
    "Heidgund",
    "Heildis",
    "Heilfrida",
    "Heimtrud",
    "Helburga",
    "Helfrid",
    "Herlinda",
    "Herlinde",
    "Hermenegilda",
    "Hermetrudis",
    "Hilberga",
    "Hilbertha",
    "Hildelinda",
    "Hildemunda",
    "Hildetrud",
    "Hilgard",
    "Hiltgund",
    "Hirmlind",
    "Idelinde",
    "Ideltrud",
    "Ilburg",
    "Ilmgard",
    "Imelda",
    "Ingeborg",
    "Ingelind",
    "Ingfrida",
    "Ingrid",
    "Irmelinda",
    "Irmentruda",
    "Irmfrida",
    "Irnhild",
    "Iselda",
    "Isengarda",
    "Isentrudis",
    "Ita",
    "Itelburg",
    "Itta",
    "Jolanda",
    "Juliana",
    "Jutta-Maria",
    "Klementia",
    "Kunhild",
    "Kunizzae",
    "Kuntrud",
    "Lambertina",
    "Landberta",
    "Landfrida",
    "Landgund",
    "Landhild",
    "Landlinde",
    "Leoburg",
    "Leokadia",
    "Leonharda",
    "Lidwina",
    "Lietburg",
    "Lindegard",
    "Lindegunde",
    "Lindemunda",
    "Liobwinna",
    "Liutberta",
    "Liutfrida",
    "Liutgardis",
    "Liuttruda",
    "Lobelia",
    "Lorinda",
    "Ludgarda",
    "Luitberta",
    "Luitgunda",
    "Lukretia",
    "Lutgarda",
    "Magdalene",
    "Mahthilda",
    "Margaritha",
    "Margund",
    "Maria-Anna",
    "Marita",
    "Martina",
    "Mechtildis",
    "Mechtildina",
    "Meginlind",
    "Minnegarda",
    "Monika",
    "Odalinde",
    "Odiliae",
    "Odlinda",
    "Oktaviana",
    "Osthild",
    "Ottilinda",
    "Paula",
    "Perlindis",
    "Philippina",
    "Regentrud",
    "Relinda",
    "Richgardis",
    "Adelheid",
    "Agnes",
    "Albruna",
    "Aleida",
    "Alfhild",
    "Almut",
    "Amalinde",
    "Amalia",
    "Annegret",
    "Arntraud",
    "Aurelia",
    "Aveza",
    "Barbara",
    "Bathild",
    "Benedikta",
    "Berengard",
    "Bertha",
    "Brigida",
    "Brunhild",
    "Clara",
    "Cunigund",
    "Dorothea",
    "Editha",
    "Edeltraud",
    "Einhild",
    "Elisabeth",
    "Elsbeth",
    "Emerentia",
    "Engeltrud",
    "Ermentrud",
    "Ermengard",
    "Franziska",
    "Frideruna",
    "Gerlinde",
    "Gertrud",
    "Gisela",
    "Gotelind",
    "Gudrun",
    "Hadewig",
    "Hedwig",
    "Heilwig",
    "Helene",
    "Herburg",
    "Herdis",
    "Herlindis",
    "Hildegard",
    "Irmeltrud",
    "Irmgard",
    "Richenza",
    "Rosamunda",
    "Roslindis",
    "Rotgard",
    "Rotlind",
    "Rufinae",
    "Salomena",
    "Sibyllis",
    "Sigberta",
    "Sigburg",
    "Sigeburg",
    "Sigfrida",
    "Sighild",
    "Sigilda",
    "Siglindae",
    "Sigmundae",
    "Signhild",
    "Sigruna",
    "Silva",
    "Sophie",
    "Sophiana",
    "Sunniva",
    "Sunnhild",
    "Susenna",
    "Swanhilda",
    "Swinda",
    "Sybil",
    "Sybillae",
    "Synhild",
    "Tadelind",
    "Teodora",
    "Teophania",
    "Teresa",
    "Thida",
    "Thietlinda",
    "Thrudberta",
    "Thrudgund",
    "Thrudhilda",
    "Thrudlinde",
    "Thrudtrud",
    "Trudberta",
    "Trudgard",
    "Trudgund",
    "Trudlind",
    "Trudmunda",
    "Trudrada",
    "Trudrun",
    "Trudwigis",
    "Udalberta",
    "Udalburg",
    "Udalhilda",
    "Udalinda",
    "Udalrada",
    "Udaltrudis",
    "Udalwigis",
    "Udelhild",
    "Udila",
    "Ulrike",
    "Una",
    "Unelind",
    "Unetrudis",
    "Ursala",
    "Ursina",
    "Ursulae",
    "Valburgis",
    "Valentina",
    "Valeria",
    "Valeska",
    "Vanda",
    "Venantia",
    "Veronica",
    "Veronikae",
    "Vilhelmine",
    "Viltrud",
    "Vinfrida",
    "Vintrudis",
    "Virdis",
    "Vita",
    "Viviana",
    "Volburg",
    "Voltrud",
    "Walberta",
    "Walburgis",
    "Waldberta",
    "Waldfrida",
    "Waldhild",
    "Waldlind",
    "Waldradae",
    "Waldtrudis",
    "Waldwigis",
    "Walpurga",
    "Wandegund",
    "Wandelind",
    "Wandeltrud",
    "Wandrada",
    "Wenburga",
    "Wendela",
    "Wendelgarda",
    "Wendelinda",
    "Wendetrud",
    "Wenona",
    "Werenhild",
    "Wiburg",
    "Wiburgis",
    "Wichburga",
    "Wichlind",
    "Wichtrud",
    "Widburg",
    "Widelind",
    "Wigerlind",
    "Wildhild",
    "Wilgard",
    "Wilgarda",
    "Wilhelmina",
    "Wilhelmine",
    "Wiltruda",
    "Winbaldina",
    "Winburga",
    "Windegund",
    "Windhild",
    "Winfrida",
    "Winiburg",
    "Winilind",
    "Winimunda",
    "Wintrud",
    "Wisiburg",
    "Wisigarda",
    "Witburga",
    "Witerlind",
    "Wittrudis",
    "Woburg",
    "Wolburga",
    "Wolfrida",
    "Wolhild",
    "Woltrud",
    "Wulfhild",
    "Wulfruna",
    "Yda",
    "Ysengard",
    "Ysentrudis",
    "Zebedaea",
    "Zelinda",
    "Zitae",
    "Adalberta",
    "Adalgarda",
    "Adalgunde",
    "Adalhilda",
    "Adallinda",
    "Adalrada",
    "Adaltruda",
    "Adalwigis",
    "Adelberta",
    "Adelburg",
    "Adelfrida",
    "Adelhilda",
    "Adellinde",
    "Adelrada",
    "Adeltruda",
    "Adelwigis",
    "Ademunda",
    "Adhild",
    "Adila",
    "Adolinda",
    "Adontrud",
    "Adwigis",
    "Afra",
    "Agatha",
    "Agilberta",
    "Agilburg",
    "Agilfrida",
    "Agilhilda",
    "Agillind",
    "Agiltruda",
    "Agilwigis",
    "Aglaia",
    "Agnesa",
    "Agnetha",
    "Alaida",
    "Alamunda",
    "Aldeburg",
    "Aldegarda",
    "Aldegunda",
    "Aldehild",
    "Aldelinda",
    "Alderada",
    "Aldetruda",
    "Aldewigis",
    "Aldgundis",
    "Aldhild",
    "Aldrada",
    "Aldruna",
    "Aldtruda",
    "Aldwigis",
    "Aleberta",
    "Aleburg",
    "Alefrida",
    "Alehild",
    "Aleinda",
    "Aleitrud",
    "Alemunda",
    "Alerada",
    "Aletruda",
    "Alewigis",
    "Alexandra",
    "Alfburg",
    "Alfhilda",
    "Alflind",
    "Alfrada",
    "Alfrida",
    "Alhild",
    "Alinda",
    "Alitrud",
    "Almunda",
    "Alrada",
    "Altrudis",
    "Alwigis",
    "Amalberga",
    "Amalburg",
    "Amalfreda",
    "Amalhild",
    "Amallind",
    "Amalrada",
    "Amaltruda",
    "Amalwigis",
    "Amelia",
    "Amelinda",
    "Amelrada",
    "Ameltrudis",
    "Amelwigis",
    "Amhild",
    "Aminda",
    "Amlinda",
    "Amrada",
    "Amtrud",
    "Amwigis",
    "Anabel",
    "Anastacia",
    "Ancelma",
    "Andrada",
    "Andreasia",
    "Angela",
    "Angelina",
    "Anita",
    "Annamunda",
    "Annerada",
    "Annetrudis",
    "Annewigis",
    "Anselmina",
    "Anseltrud",
    "Anselwigis",
    "Antonia",
    "Apollina",
    "Arberga",
    "Arbergaea",
    "Arbogarda",
    "Arda",
    "Ardrada",
    "Arhild",
    "Arinda",
    "Arlinda",
    "Armelinda",
    "Armtrudis",
    "Arnhilda",
    "Arnlind",
    "Arntruda",
    "Arnwigis",
    "Arpina",
    "Artruda",
    "Asberta",
    "Asbertae",
    "Ascelina",
    "Aselinda",
    "Asmunda",
    "Astrada",
    "Astrid",
    "Athelind",
    "Athild",
    "Athrada",
    "Athruda",
    "Auriana",
    "Adelaisa",
    "Adalhildis",
    "Adeltrudis",
    "Adovisa",
    "Agilrada",
    "Agiltrudis",
    "Ailburg",
    "Alaruna",
    "Alberga",
    "Albrunhild",
    "Alfrun",
    "Algarda",
    "Alhilda",
    "Altrun",
    "Amelgardis",
    "Amelgundis",
    "Ameline",
    "Ameltrud",
    "Amicia",
    "Amira",
    "Anneliese",
    "Anselhild",
    "Ariberta",
    "Arnberga",
    "Arnfrida",
    "Arnlinde",
    "Arntrud",
    "Arwedis",
    "Aselburg",
    "Asfrida",
    "Asgund",
    "Ashild",
    "Asmundae",
    "Astred",
    "Athalinde",
    "Athrun",
    "Atilda",
    "Atrolda",
    "Aveldis",
    "Averhild",
    "Aviana",
    "Avolina",
    "Azrada",
    "Baldgund",
    "Baltrudis",
    "Baptista",
    "Bardhild",
    "Barnhild",
    "Bathildis",
    "Belinda",
    "Benedictia",
    "Bengarda",
    "Berchtrudis",
    "Berengarda",
    "Berna",
    "Bernhild",
    "Berntrud",
    "Bertrada",
    "Bethild",
    "Bianca",
    "Birgitta",
    "Blidgund",
    "Bodilinde",
    "Boglind",
    "Branda",
    "Brangard",
    "Burchtrud",
    "Cecilie",
    "Celestina",
    "Clementia",
    "Clotilda",
    "Clothildis",
    "Cuniburg",
    "Cunigarda",
    "Cunizae",
    "Cypriana",
    "Damaris",
    "Degenlind",
    "Delinda",
    "Deniza",
    "Diana",
    "Dietburga",
    "Dietgund",
    "Dietlinda",
    "Diettrud",
    "Doralind",
    "Doris",
    "Drosilda",
    "Dunhild",
    "Eberlinda",
    "Eda",
    "Edburga",
    "Edelharda",
    "Edelinda",
    "Edgarda",
    "Edhild",
    "Edita",
    "Edmunda",
    "Edytha",
    "Eglantina",
    "Ehrengard",
    "Ehrlind",
    "Eidgund",
    "Eilburgis",
    "Eilhild",
    "Eilikae",
    "Eilrada",
    "Eiltrudis",
    "Eisengard",
    "Eketrudis",
    "Elberta",
    "Elburgis",
    "Eldegund",
    "Eldhild",
    "Eldlinde",
    "Eldrada",
    "Eldrun",
    "Eleonore",
    "Elgarda",
    "Elhild",
    "Elisindis",
    "Elisunda",
    "Elketrud",
    "Ellinora",
    "Elmgard",
    "Elpida",
    "Eltrud",
    "Emelgard",
    "Emergild",
    "Emilda",
    "Emiliana",
    "Emnilda",
    "Engelbertae",
    "Engelburg",
    "Engelhilda",
    "Engelindis",
    "Engelrada",
    "Engeltraud",
    "Engundis",
    "Enrica",
    "Erlinda",
    "Ersinda",
    "Erswinda",
    "Ertrudis",
    "Esca",
    "Ethelind",
    "Ethelhild",
    "Eufemia",
    "Eugardia",
    "Eulalia",
    "Euphrasia",
    "Eurwen",
    "Evaida",
    "Evrun",
    "Exilda",
    "Fabiana",
    "Feliciana",
    "Felizitas",
    "Florensia",
    "Floribella",
    "Florinda",
    "Flosmund",
    "Franca",
    "Francesca",
    "Francisca",
    "Franzlinda",
    "Fredesinda",
    "Fredegunda",
    "Frederuna",
    "Fredrun",
    "Fridberta",
    "Fridgarda",
    "Fridhild",
    "Fridlob",
    "Fridrada",
    "Fridrun",
    "Fridsinda",
    "Frigarda",
    "Frigundis",
    "Frisilinda",
    "Frizlind",
    "Fronika",
    "Frowintraud",
    "Gabriele",
    "Galiena",
    "Gebetrudis",
    "Geila",
    "Gelmunda",
    "Genovefa",
    "Gerberta",
    "Gerloba",
    "Gerlobine",
    "Gertrudisca",
    "Gisbertae",
    "Giselberta",
    "Giselhilda",
    "Giselindae",
    "Gismarae",
    "Gismerlind",
    "Gismundae",
    "Godelina",
    "Gotelinda",
    "Gotloba",
    "Gratiae",
    "Gudae",
    "Gudelia",
    "Gudila",
    "Gudrada",
    "Gunberta",
    "Gunborg",
    "Gundberta",
    "Gundgarda",
    "Gundhildis",
    "Gundlinda",
    "Gundrada",
    "Gundradae",
    "Gunilda",
    "Guntruda",
    "Gutruna",
    "Hadberga",
    "Hadburg",
    "Hadfrida",
    "Hadgunda",
    "Hadloba",
    "Hadlinda",
    "Hadmut",
    "Hadwinna",
    "Haldetrud",
    "Haldgarda",
    "Halfrida",
    "Halmunda",
    "Halswinda",
    "Hametrud",
    "Hanna",
    "Hanswinda",
    "Hardberga",
    "Hardburga",
    "Hardrada",
    "Harmilda",
    "Harswinda",
    "Hartlind",
    "Hartmunda",
    "Hartwiga",
    "Haselinde",
    "Hazelind",
    "Heidberta",
    "Heidburga",
    "Heidfrida",
    "Heidhilda",
    "Heidlinda",
    "Heidrada",
    "Heidrunis",
    "Heilberta",
    "Heilburgis",
    "Heilfridis",
    "Heilhilda",
    "Heilloba",
    "Heilrada",
    "Heiltrudis",
    "Heimara",
    "Heimrada",
    "Heimtrudis",
    "Heinrada",
    "Heinswinda",
    "Helberta",
    "Helburg",
    "Helgarda",
    "Helhilda",
    "Heligunda",
    "Helinda",
    "Helrada",
    "Heltrud",
    "Henrica",
    "Herberta",
    "Herburgis",
    "Herbertae",
    "Heredina",
    "Herengard",
    "Herhilda",
    "Herloba",
    "Hermine",
    "Hermlind",
    "Hermtrud",
    "Hertrudis",
    "Herwina",
    "Hilberta",
    "Hilburgis",
    "Hildberta",
    "Hildeboldis",
    "Hildeburgis",
    "Hildefrida",
    "Hildegunda",
    "Hildegundis",
    "Hildehild",
    "Hildeloba",
    "Hildemundis",
    "Hilderada",
    "Hildesind",
    "Hildetrudis",
    "Hilgarda",
    "Hilgundis",
    "Hilinda",
    "Hilrada",
    "Hiltrudis",
    "Himmelda",
    "Hroswinda",
    "Hunilda",
    "Idelberta",
    "Idelburgis",
    "Idelfrida",
    "Idelhilda",
    "Idellinda",
    "Idelrada",
    "Ideltrudis",
    "Idelwigis",
    "Idrun",
    "Ilselind",
    "Imeldae",
    "Imhilda",
    "Ingeburga",
    "Ingeburgis",
    "Ingitrudis",
    "Ingunda",
    "Inhildis",
    "Irmelburg",
    "Irmelindae",
    "Irmeltrudis",
    "Irmengarda",
    "Irmloba",
    "Irmrada",
    "Irmtrud",
    "Isalda",
    "Iselinde",
    "Isentrudae",
    "Isoldeae",
    "Italinda",
    "Juditha",
    "Julianae",
    "Justina",
    "Justine",
    "Karla",
    "Karolina",
    "Katharinae",
    "Kunberta",
    "Kunegunda",
    "Kunhilda",
    "Kunlind",
    "Kunrada",
    "Kuntruda",
    "Laurentina",
    "Laurentia",
    "Leoburga",
    "Leogarda",
    "Leohilda",
    "Leolinda",
    "Leorada",
    "Leotrudis",
    "Leowigis",
    "Liebhild",
    "Liebtrud",
    "Lienhilda",
    "Lioba-Maria",
    "Liobgunda",
    "Liobaida",
    "Liobrun",
    "Liowin",
    "Lorindae",
    "Lothgarda",
    "Lothilda",
    "Lothlind",
    "Lothrada",
    "Lucia",
    "Luciana",
    "Lucina",
    "Ludberta",
    "Ludfrida",
    "Ludhilda",
    "Ludlinde",
    "Ludrada",
    "Ludtrud",
    "Luitbertae",
    "Luitburga",
    "Luitfridis",
    "Luitgardae",
    "Luitrada",
    "Luitrun",
    "Lutberta",
    "Lutburga",
    "Lutfrida",
    "Luthilda",
    "Lutlind",
    "Lutrada",
    "Lutrun",
    "Magdalina",
    "Maghild",
    "Maglinda",
    "Magrada",
    "Magtrudis",
    "Mainhild",
    "Mairad",
    "Marcellina",
    "Margardia",
    "Margareta",
    "Marglind",
    "Margtrud",
    "Marhilda",
    "Marinda",
    "Marlinda",
    "Marta",
    "Mathildis",
    "Mathtrudis",
    "Mechthilda",
    "Medelinda",
    "Meginda",
    "Meinhilda",
    "Meinswinda"
  ]
}