{
  "authors": [
    {
      "name": "munichjake",
      "email": "munichjake@dnd-session.de",
      "url": "https://dnd-session.de",
      "github": "https://github.com/munichjake"
    }
  ],
  "description": "Deutsche Siedlungsnamen mit grammatischem Geschlecht",
  "version": "1.0.0",
  "settlements": [
    {
      "name": "Rabenfels",
      "gender": "m"
    },
    {
      "name": "Morgenau",
      "gender": "f"
    },
    {
      "name": "Himmelshöhe",
      "gender": "f"
    },
    {
      "name": "Wolfsburg",
      "gender": "f"
    },
    {
      "name": "Silbertal",
      "gender": "n"
    },
    {
      "name": "Drachenruh",
      "gender": "f"
    },
    {
      "name": "Mondscheinhain",
      "gender": "m"
    },
    {
      "name": "Eisenfeld",
      "gender": "n"
    },
    {
      "name": "Rosengrund",
      "gender": "m"
    },
    {
      "name": "Sturmlinde",
      "gender": "f"
    },
    {
      "name": "Waldheim",
      "gender": "n"
    },
    {
      "name": "Kristallquelle",
      "gender": "f"
    },
    {
      "name": "Feuerfeste",
      "gender": "f"
    },
    {
      "name": "Nebelmoor",
      "gender": "n"
    },
    {
      "name": "Sonnenhügel",
      "gender": "m"
    },
    {
      "name": "Bärenbach",
      "gender": "m"
    },
    {
      "name": "Sternenhaven",
      "gender": "m"
    },
    {
      "name": "Donnergrat",
      "gender": "m"
    },
    {
      "name": "Flussfurt",
      "gender": "f"
    },
    {
      "name": "Adlerfurt",
      "gender": "f"
    },
    {
      "name": "Eichenburg",
      "gender": "f"
    },
    {
      "name": "Greifenhain",
      "gender": "m"
    },
    {
      "name": "Kupferdorf",
      "gender": "n"
    },
    {
      "name": "Falkenstadt",
      "gender": "f"
    },
    {
      "name": "Nebeltal",
      "gender": "n"
    },
    {
      "name": "Schattenpass",
      "gender": "m"
    },
    {
      "name": "Goldquell",
      "gender": "m"
    },
    {
      "name": "Tannenheim",
      "gender": "n"
    },
    {
      "name": "Eberhafen",
      "gender": "m"
    },
    {
      "name": "Löwenfels",
      "gender": "m"
    },
    {
      "name": "Birkenau",
      "gender": "f"
    },
    {
      "name": "Donnerbrück",
      "gender": "f"
    },
    {
      "name": "Silbermark",
      "gender": "f"
    },
    {
      "name": "Rosenau",
      "gender": "f"
    },
    {
      "name": "Sturmfeld",
      "gender": "n"
    },
    {
      "name": "Mondtor",
      "gender": "n"
    },
    {
      "name": "Sternenwall",
      "gender": "m"
    },
    {
      "name": "Eisengrund",
      "gender": "m"
    },
    {
      "name": "Hirschwald",
      "gender": "m"
    },
    {
      "name": "Ulmenruh",
      "gender": "f"
    },
    {
      "name": "Zedernklamm",
      "gender": "f"
    },
    {
      "name": "Fichtenmoor",
      "gender": "n"
    },
    {
      "name": "Rabenhain",
      "gender": "m"
    },
    {
      "name": "Blautal",
      "gender": "n"
    },
    {
      "name": "Winterfurt",
      "gender": "f"
    },
    {
      "name": "Sommerwacht",
      "gender": "f"
    },
    {
      "name": "Schattenhafen",
      "gender": "m"
    },
    {
      "name": "Steinheim",
      "gender": "n"
    },
    {
      "name": "Auenfeld",
      "gender": "n"
    },
    {
      "name": "Morgenquell",
      "gender": "m"
    },
    {
      "name": "Hochburg",
      "gender": "f"
    },
    {
      "name": "Blumenstadt",
      "gender": "f"
    },
    {
      "name": "Kristalltor",
      "gender": "n"
    },
    {
      "name": "Wolfsfurt",
      "gender": "f"
    },
    {
      "name": "Ebergrund",
      "gender": "m"
    },
    {
      "name": "Lindenhöhe",
      "gender": "f"
    },
    {
      "name": "Rosenfels",
      "gender": "m"
    },
    {
      "name": "Hainwacht",
      "gender": "f"
    },
    {
      "name": "Donnerkamm",
      "gender": "m"
    },
    {
      "name": "Fliederau",
      "gender": "f"
    },
    {
      "name": "Tiefenmoor",
      "gender": "n"
    },
    {
      "name": "Wasserfeld",
      "gender": "n"
    },
    {
      "name": "Hafenstadt",
      "gender": "f"
    },
    {
      "name": "Eisenhafen",
      "gender": "m"
    },
    {
      "name": "Schwanenruh",
      "gender": "f"
    },
    {
      "name": "Frosttal",
      "gender": "n"
    },
    {
      "name": "Kupfermark",
      "gender": "f"
    },
    {
      "name": "Silberfurt",
      "gender": "f"
    },
    {
      "name": "Goldhügel",
      "gender": "m"
    },
    {
      "name": "Schneekamm",
      "gender": "m"
    },
    {
      "name": "Herbsthain",
      "gender": "m"
    },
    {
      "name": "Frühlingsau",
      "gender": "f"
    },
    {
      "name": "Sommerfeld",
      "gender": "n"
    },
    {
      "name": "Herbsttor",
      "gender": "n"
    },
    {
      "name": "Eberfels",
      "gender": "m"
    },
    {
      "name": "Falkenwacht",
      "gender": "f"
    },
    {
      "name": "Adlerklamm",
      "gender": "f"
    },
    {
      "name": "Bärenfurt",
      "gender": "f"
    },
    {
      "name": "Glasquell",
      "gender": "m"
    },
    {
      "name": "Saphirsee",
      "gender": "m"
    },
    {
      "name": "Perlensee",
      "gender": "m"
    },
    {
      "name": "Bernsteinwald",
      "gender": "m"
    },
    {
      "name": "Silberhain",
      "gender": "m"
    },
    {
      "name": "Edelgrund",
      "gender": "m"
    },
    {
      "name": "Schiefergrat",
      "gender": "m"
    },
    {
      "name": "Krähenfels",
      "gender": "m"
    },
    {
      "name": "Rieddorf",
      "gender": "n"
    },
    {
      "name": "Moosheim",
      "gender": "n"
    },
    {
      "name": "Quellwiese",
      "gender": "f"
    },
    {
      "name": "Lindental",
      "gender": "n"
    },
    {
      "name": "Rosenhain",
      "gender": "m"
    },
    {
      "name": "Eisenpass",
      "gender": "m"
    },
    {
      "name": "Sturmtor",
      "gender": "n"
    },
    {
      "name": "Dämmerfeld",
      "gender": "n"
    },
    {
      "name": "Abendrot",
      "gender": "m"
    },
    {
      "name": "Morgengold",
      "gender": "m"
    },
    {
      "name": "Sternwacht",
      "gender": "f"
    },
    {
      "name": "Windfurt",
      "gender": "f"
    },
    {
      "name": "Wyvernwacht",
      "gender": "f"
    },
    {
      "name": "Drachenpass",
      "gender": "m"
    },
    {
      "name": "Greifenfels",
      "gender": "m"
    },
    {
      "name": "Eisenstein",
      "gender": "m"
    },
    {
      "name": "Königsfeld",
      "gender": "n"
    },
    {
      "name": "Kronenau",
      "gender": "f"
    },
    {
      "name": "Zinnenburg",
      "gender": "f"
    },
    {
      "name": "Zwillingshügel",
      "gender": "m"
    },
    {
      "name": "Wipfelhain",
      "gender": "m"
    },
    {
      "name": "Hochquell",
      "gender": "m"
    },
    {
      "name": "Tiefentann",
      "gender": "m"
    },
    {
      "name": "Felsentor",
      "gender": "n"
    },
    {
      "name": "Winterhafen",
      "gender": "m"
    },
    {
      "name": "Sommerhafen",
      "gender": "m"
    },
    {
      "name": "Herbsthafen",
      "gender": "m"
    },
    {
      "name": "Frühlingshafen",
      "gender": "m"
    },
    {
      "name": "Eberwald",
      "gender": "m"
    },
    {
      "name": "Hirschfurt",
      "gender": "f"
    },
    {
      "name": "Luchsruh",
      "gender": "f"
    },
    {
      "name": "Fuchstal",
      "gender": "n"
    },
    {
      "name": "Wieselheim",
      "gender": "n"
    },
    {
      "name": "Dachsgrund",
      "gender": "m"
    },
    {
      "name": "Otterfurt",
      "gender": "f"
    },
    {
      "name": "Auerhahn",
      "gender": "m"
    },
    {
      "name": "Natternklamm",
      "gender": "f"
    },
    {
      "name": "Viperntor",
      "gender": "n"
    },
    {
      "name": "Wolkenruh",
      "gender": "f"
    },
    {
      "name": "Himmelsfeld",
      "gender": "n"
    },
    {
      "name": "Hochwald",
      "gender": "m"
    },
    {
      "name": "Tiefenforst",
      "gender": "m"
    },
    {
      "name": "Blautor",
      "gender": "n"
    },
    {
      "name": "Grünau",
      "gender": "f"
    },
    {
      "name": "Schwarzfurt",
      "gender": "f"
    },
    {
      "name": "Weißfels",
      "gender": "m"
    },
    {
      "name": "Rotmark",
      "gender": "f"
    },
    {
      "name": "Goldfurt",
      "gender": "f"
    },
    {
      "name": "Silberburg",
      "gender": "f"
    },
    {
      "name": "Eisburg",
      "gender": "f"
    },
    {
      "name": "Bernsteinfurt",
      "gender": "f"
    },
    {
      "name": "Kupferhügel",
      "gender": "m"
    },
    {
      "name": "Zinnfeld",
      "gender": "n"
    },
    {
      "name": "Messingtor",
      "gender": "n"
    },
    {
      "name": "Schattental",
      "gender": "n"
    },
    {
      "name": "Flammenwacht",
      "gender": "f"
    },
    {
      "name": "Glutfeste",
      "gender": "f"
    },
    {
      "name": "Aschenhain",
      "gender": "m"
    },
    {
      "name": "Rauchfurt",
      "gender": "f"
    },
    {
      "name": "Funkenstadt",
      "gender": "f"
    },
    {
      "name": "Kohlegrund",
      "gender": "m"
    },
    {
      "name": "Schieferfeld",
      "gender": "n"
    },
    {
      "name": "Basaltgrat",
      "gender": "m"
    },
    {
      "name": "Granitfels",
      "gender": "m"
    },
    {
      "name": "Marmorruh",
      "gender": "f"
    },
    {
      "name": "Quarzau",
      "gender": "f"
    },
    {
      "name": "Kristallhain",
      "gender": "m"
    },
    {
      "name": "Splittermoor",
      "gender": "n"
    },
    {
      "name": "Spiegelsee",
      "gender": "m"
    },
    {
      "name": "Tannenmark",
      "gender": "f"
    },
    {
      "name": "Lärchenfeld",
      "gender": "n"
    },
    {
      "name": "Birkenhain",
      "gender": "m"
    },
    {
      "name": "Erlenfurt",
      "gender": "f"
    },
    {
      "name": "Ulmenfeld",
      "gender": "n"
    },
    {
      "name": "Ahornhöhe",
      "gender": "f"
    },
    {
      "name": "Eibenwald",
      "gender": "m"
    },
    {
      "name": "Weidenau",
      "gender": "f"
    },
    {
      "name": "Pappeldorf",
      "gender": "n"
    },
    {
      "name": "Kirschheim",
      "gender": "n"
    },
    {
      "name": "Apfelwiese",
      "gender": "f"
    },
    {
      "name": "Pflaumenau",
      "gender": "f"
    },
    {
      "name": "Beerenfurt",
      "gender": "f"
    },
    {
      "name": "Honigbrunn",
      "gender": "m"
    },
    {
      "name": "Mohnfeld",
      "gender": "n"
    },
    {
      "name": "Lavendelruh",
      "gender": "f"
    },
    {
      "name": "Rosmarinmark",
      "gender": "f"
    },
    {
      "name": "Thymianhain",
      "gender": "m"
    },
    {
      "name": "Salbeital",
      "gender": "n"
    },
    {
      "name": "Kornhafen",
      "gender": "m"
    },
    {
      "name": "Gerstenfeld",
      "gender": "n"
    },
    {
      "name": "Roggenau",
      "gender": "f"
    },
    {
      "name": "Haferdorf",
      "gender": "n"
    },
    {
      "name": "Weinberg",
      "gender": "m"
    },
    {
      "name": "Mostfurt",
      "gender": "f"
    },
    {
      "name": "Keltertor",
      "gender": "n"
    },
    {
      "name": "Traubenruh",
      "gender": "f"
    },
    {
      "name": "Eichenfeste",
      "gender": "f"
    },
    {
      "name": "Kastanienburg",
      "gender": "f"
    },
    {
      "name": "Haselmark",
      "gender": "f"
    },
    {
      "name": "Nussheim",
      "gender": "n"
    },
    {
      "name": "Mandelau",
      "gender": "f"
    },
    {
      "name": "Zitronenfurt",
      "gender": "f"
    },
    {
      "name": "Orangentor",
      "gender": "n"
    },
    {
      "name": "Granatapfelhain",
      "gender": "m"
    },
    {
      "name": "Feigenfeld",
      "gender": "n"
    },
    {
      "name": "Dattelwald",
      "gender": "m"
    },
    {
      "name": "Smaragdwiese",
      "gender": "f"
    },
    {
      "name": "Rubintal",
      "gender": "n"
    },
    {
      "name": "Saphirhafen",
      "gender": "m"
    },
    {
      "name": "Amethystfurt",
      "gender": "f"
    },
    {
      "name": "Opalmarkt",
      "gender": "m"
    },
    {
      "name": "Topasruh",
      "gender": "f"
    },
    {
      "name": "Jadehain",
      "gender": "m"
    },
    {
      "name": "Onyxfeld",
      "gender": "n"
    },
    {
      "name": "Perlmark",
      "gender": "f"
    },
    {
      "name": "Korallenklamm",
      "gender": "f"
    },
    {
      "name": "Muschelhafen",
      "gender": "m"
    },
    {
      "name": "Seestern",
      "gender": "m"
    },
    {
      "name": "Brandungstor",
      "gender": "n"
    },
    {
      "name": "Küstendorf",
      "gender": "n"
    },
    {
      "name": "Klippenruh",
      "gender": "f"
    },
    {
      "name": "Dünensand",
      "gender": "m"
    },
    {
      "name": "Leuchtturm",
      "gender": "m"
    },
    {
      "name": "Haffstadt",
      "gender": "f"
    },
    {
      "name": "Himmelsbrück",
      "gender": "f"
    },
    {
      "name": "Wolkenfels",
      "gender": "m"
    },
    {
      "name": "Sturmpass",
      "gender": "m"
    },
    {
      "name": "Regenfurt",
      "gender": "f"
    },
    {
      "name": "Nebelhafen",
      "gender": "m"
    },
    {
      "name": "Dunsttal",
      "gender": "n"
    },
    {
      "name": "Tauwiese",
      "gender": "f"
    },
    {
      "name": "Frostfurt",
      "gender": "f"
    },
    {
      "name": "Eisfeld",
      "gender": "n"
    },
    {
      "name": "Gletschergrat",
      "gender": "m"
    },
    {
      "name": "Schneestadt",
      "gender": "f"
    },
    {
      "name": "Raureifhain",
      "gender": "m"
    },
    {
      "name": "Glaspass",
      "gender": "m"
    },
    {
      "name": "Sturmwiese",
      "gender": "f"
    },
    {
      "name": "Donnerwald",
      "gender": "m"
    },
    {
      "name": "Blitzfels",
      "gender": "m"
    },
    {
      "name": "Krachenkamm",
      "gender": "m"
    },
    {
      "name": "Wyverntor",
      "gender": "n"
    },
    {
      "name": "Hydrafurt",
      "gender": "f"
    },
    {
      "name": "Nixenau",
      "gender": "f"
    },
    {
      "name": "Dryadenhain",
      "gender": "m"
    },
    {
      "name": "Feenwiese",
      "gender": "f"
    },
    {
      "name": "Trollfurt",
      "gender": "f"
    },
    {
      "name": "Riesenpass",
      "gender": "m"
    },
    {
      "name": "Zwerghafen",
      "gender": "m"
    },
    {
      "name": "Elfenwald",
      "gender": "m"
    },
    {
      "name": "Ritterruh",
      "gender": "f"
    },
    {
      "name": "Lanzenfeld",
      "gender": "n"
    },
    {
      "name": "Schildwacht",
      "gender": "f"
    },
    {
      "name": "Helmstadt",
      "gender": "f"
    },
    {
      "name": "Speerhügel",
      "gender": "m"
    },
    {
      "name": "Bollwerk",
      "gender": "n"
    },
    {
      "name": "Zinnenwall",
      "gender": "m"
    },
    {
      "name": "Torwacht",
      "gender": "f"
    },
    {
      "name": "Brunnenau",
      "gender": "f"
    },
    {
      "name": "Quellheim",
      "gender": "n"
    },
    {
      "name": "Stegfurt",
      "gender": "f"
    },
    {
      "name": "Bachwiese",
      "gender": "f"
    },
    {
      "name": "Wellenruh",
      "gender": "f"
    },
    {
      "name": "Flutmark",
      "gender": "f"
    },
    {
      "name": "Ebbegrund",
      "gender": "m"
    },
    {
      "name": "Kieselstrand",
      "gender": "m"
    },
    {
      "name": "Schilfmoor",
      "gender": "n"
    },
    {
      "name": "Riedmark",
      "gender": "f"
    },
    {
      "name": "Halmfeld",
      "gender": "n"
    },
    {
      "name": "Wogenhafen",
      "gender": "m"
    },
    {
      "name": "Fjordtor",
      "gender": "n"
    },
    {
      "name": "Klippenturm",
      "gender": "m"
    },
    {
      "name": "Felsenkron",
      "gender": "m"
    },
    {
      "name": "Krähenturm",
      "gender": "m"
    },
    {
      "name": "Rabenwacht",
      "gender": "f"
    },
    {
      "name": "Drosselau",
      "gender": "f"
    },
    {
      "name": "Amselheim",
      "gender": "n"
    },
    {
      "name": "Eisvogel",
      "gender": "m"
    },
    {
      "name": "Kranichfeld",
      "gender": "n"
    },
    {
      "name": "Schwanensee",
      "gender": "m"
    },
    {
      "name": "Flamingowiese",
      "gender": "f"
    },
    {
      "name": "Reiherfurt",
      "gender": "f"
    },
    {
      "name": "Habichtshain",
      "gender": "m"
    },
    {
      "name": "Milanfels",
      "gender": "m"
    },
    {
      "name": "Wieselgrund",
      "gender": "m"
    },
    {
      "name": "Ottermark",
      "gender": "f"
    },
    {
      "name": "Biberfurt",
      "gender": "f"
    },
    {
      "name": "Bärental",
      "gender": "n"
    },
    {
      "name": "Wolfstal",
      "gender": "n"
    },
    {
      "name": "Luchswald",
      "gender": "m"
    },
    {
      "name": "Fuchsberg",
      "gender": "m"
    },
    {
      "name": "Hirschtor",
      "gender": "n"
    },
    {
      "name": "Eberhügel",
      "gender": "m"
    },
    {
      "name": "Widdergrat",
      "gender": "m"
    },
    {
      "name": "Stierfeld",
      "gender": "n"
    },
    {
      "name": "Ziegenhain",
      "gender": "m"
    },
    {
      "name": "Pferdefurt",
      "gender": "f"
    },
    {
      "name": "Rappenruh",
      "gender": "f"
    },
    {
      "name": "Fohlenau",
      "gender": "f"
    },
    {
      "name": "Silberhuf",
      "gender": "m"
    },
    {
      "name": "Goldmähne",
      "gender": "f"
    },
    {
      "name": "Sattelmark",
      "gender": "f"
    },
    {
      "name": "Zügelhain",
      "gender": "m"
    },
    {
      "name": "Spornfeld",
      "gender": "n"
    },
    {
      "name": "Helmruh",
      "gender": "f"
    },
    {
      "name": "Klingenstadt",
      "gender": "f"
    },
    {
      "name": "Schwertfels",
      "gender": "m"
    },
    {
      "name": "Schilddorf",
      "gender": "n"
    },
    {
      "name": "Bannerwacht",
      "gender": "f"
    },
    {
      "name": "Fanfarenau",
      "gender": "f"
    },
    {
      "name": "Trommeltor",
      "gender": "n"
    },
    {
      "name": "Pfeilhafen",
      "gender": "n"
    },
    {
      "name": "Kirchberg",
      "gender": "m"
    },
    {
      "name": "Reith",
      "gender": "n"
    },
    {
      "name": "Tyrfurt",
      "gender": "f"
    },
    {
      "name": "Mystraheim",
      "gender": "n"
    },
    {
      "name": "Lathandor",
      "gender": "m"
    },
    {
      "name": "Selûnbrück",
      "gender": "f"
    },
    {
      "name": "Kelembronn",
      "gender": "m"
    },
    {
      "name": "Oghmar",
      "gender": "m"
    },
    {
      "name": "Tempusdorf",
      "gender": "n"
    },
    {
      "name": "Bahamutstein",
      "gender": "m"
    },
    {
      "name": "Moradinhall",
      "gender": "m"
    },
    {
      "name": "Tormzell",
      "gender": "f"
    },
    {
      "name": "Amaunbrück",
      "gender": "f"
    },
    {
      "name": "Chaunteau",
      "gender": "f"
    },
    {
      "name": "Seldarin",
      "gender": "m"
    },
    {
      "name": "Lolthbronn",
      "gender": "m"
    },
    {
      "name": "Corellonfurt",
      "gender": "f"
    },
    {
      "name": "Helmstadt",
      "gender": "f"
    },
    {
      "name": "Grünzell",
      "gender": "f"
    },
    {
      "name": "Steinheim",
      "gender": "n"
    },
    {
      "name": "Lindenham",
      "gender": "n"
    },
    {
      "name": "Eichenzell",
      "gender": "f"
    },
    {
      "name": "Birkenheim",
      "gender": "n"
    },
    {
      "name": "Mooszell",
      "gender": "f"
    },
    {
      "name": "Donnerham",
      "gender": "n"
    },
    {
      "name": "Nebelnau",
      "gender": "f"
    },
    {
      "name": "Schwarzbrück",
      "gender": "f"
    },
    {
      "name": "Rotzell",
      "gender": "f"
    },
    {
      "name": "Goldham",
      "gender": "n"
    },
    {
      "name": "Silberzell",
      "gender": "f"
    },
    {
      "name": "Bronn",
      "gender": "m"
    },
    {
      "name": "Fell",
      "gender": "n"
    },
    {
      "name": "Hain",
      "gender": "m"
    },
    {
      "name": "Zell",
      "gender": "f"
    },
    {
      "name": "Brück",
      "gender": "f"
    },
    {
      "name": "Auenham",
      "gender": "n"
    },
    {
      "name": "Riedham",
      "gender": "n"
    },
    {
      "name": "Tannenheim",
      "gender": "n"
    },
    {
      "name": "Eberzell",
      "gender": "f"
    },
    {
      "name": "Wolfham",
      "gender": "n"
    },
    {
      "name": "Fuchshausen",
      "gender": "n"
    },
    {
      "name": "Bärenzell",
      "gender": "f"
    },
    {
      "name": "Adlerheim",
      "gender": "n"
    },
    {
      "name": "Greifenau",
      "gender": "f"
    },
    {
      "name": "Habichtshof",
      "gender": "m"
    },
    {
      "name": "Schwanheim",
      "gender": "n"
    },
    {
      "name": "Rabenham",
      "gender": "n"
    },
    {
      "name": "Krähendorf",
      "gender": "n"
    },
    {
      "name": "Eulenzell",
      "gender": "f"
    },
    {
      "name": "Falkenberg",
      "gender": "m"
    },
    {
      "name": "Lerchenruh",
      "gender": "f"
    },
    {
      "name": "Drosselham",
      "gender": "n"
    },
    {
      "name": "Amselau",
      "gender": "f"
    },
    {
      "name": "Spechthausen",
      "gender": "n"
    },
    {
      "name": "Kuckucksruh",
      "gender": "f"
    },
    {
      "name": "Storchzell",
      "gender": "f"
    },
    {
      "name": "Aurach",
      "gender": "f"
    },
    {
      "name": "Innzell",
      "gender": "f"
    },
    {
      "name": "Rheinbach",
      "gender": "m"
    },
    {
      "name": "Elbhafen",
      "gender": "m"
    },
    {
      "name": "Weserfurt",
      "gender": "f"
    },
    {
      "name": "Isartal",
      "gender": "n"
    },
    {
      "name": "Lechheim",
      "gender": "n"
    },
    {
      "name": "Mainzell",
      "gender": "f"
    },
    {
      "name": "Moselbrück",
      "gender": "f"
    },
    {
      "name": "Saalegrund",
      "gender": "m"
    },
    {
      "name": "Spreewald",
      "gender": "m"
    },
    {
      "name": "Havelheim",
      "gender": "n"
    },
    {
      "name": "Muldenau",
      "gender": "f"
    },
    {
      "name": "Odertor",
      "gender": "n"
    },
    {
      "name": "Pegnitzhain",
      "gender": "m"
    },
    {
      "name": "Passbronn",
      "gender": "m"
    },
    {
      "name": "Saalheim",
      "gender": "n"
    },
    {
      "name": "Lathandorf",
      "gender": "n"
    },
    {
      "name": "Mystrawacht",
      "gender": "f"
    },
    {
      "name": "Tyrbronn",
      "gender": "m"
    },
    {
      "name": "Kelemvorau",
      "gender": "f"
    },
    {
      "name": "Sharhall",
      "gender": "m"
    },
    {
      "name": "Beshabad",
      "gender": "m"
    },
    {
      "name": "Suneheim",
      "gender": "n"
    },
    {
      "name": "Selunestadt",
      "gender": "f"
    },
    {
      "name": "Oghmaruh",
      "gender": "f"
    },
    {
      "name": "Maskurburg",
      "gender": "f"
    },
    {
      "name": "Gondham",
      "gender": "n"
    },
    {
      "name": "Azuthbrück",
      "gender": "f"
    },
    {
      "name": "Chaunteahof",
      "gender": "m"
    },
    {
      "name": "Cyriczell",
      "gender": "f"
    },
    {
      "name": "Talosgrat",
      "gender": "m"
    },
    {
      "name": "Umberleehafen",
      "gender": "m"
    },
    {
      "name": "Aurilheim",
      "gender": "n"
    },
    {
      "name": "Loviatarau",
      "gender": "f"
    },
    {
      "name": "Mililbronn",
      "gender": "m"
    },
    {
      "name": "Savrasdorf",
      "gender": "n"
    },
    {
      "name": "Volkerzell",
      "gender": "f"
    },
    {
      "name": "Hohenham",
      "gender": "n"
    },
    {
      "name": "Altenbronn",
      "gender": "m"
    },
    {
      "name": "Neustadt",
      "gender": "f"
    },
    {
      "name": "Kleinheim",
      "gender": "n"
    },
    {
      "name": "Großzell",
      "gender": "f"
    },
    {
      "name": "Oberdorf",
      "gender": "n"
    },
    {
      "name": "Unterzell",
      "gender": "f"
    },
    {
      "name": "Mittlingen",
      "gender": "n"
    },
    {
      "name": "Endheim",
      "gender": "n"
    },
    {
      "name": "Bergzell",
      "gender": "f"
    },
    {
      "name": "Talheim",
      "gender": "n"
    },
    {
      "name": "Waldenzell",
      "gender": "f"
    },
    {
      "name": "Forstbrück",
      "gender": "f"
    },
    {
      "name": "Heidheim",
      "gender": "n"
    },
    {
      "name": "Weidenzell",
      "gender": "f"
    },
    {
      "name": "Rosenham",
      "gender": "n"
    },
    {
      "name": "Buchenau",
      "gender": "f"
    },
    {
      "name": "Edelzell",
      "gender": "f"
    },
    {
      "name": "Kristallheim",
      "gender": "n"
    },
    {
      "name": "Sturmhof",
      "gender": "m"
    },
    {
      "name": "Glutbronn",
      "gender": "m"
    },
    {
      "name": "Schimmerzell",
      "gender": "f"
    },
    {
      "name": "Frostbrück",
      "gender": "f"
    },
    {
      "name": "Traumfurt",
      "gender": "f"
    },
    {
      "name": "Morgenhall",
      "gender": "m"
    },
    {
      "name": "Abendruh",
      "gender": "f"
    },
    {
      "name": "Dornheim",
      "gender": "n"
    },
    {
      "name": "Schilfbrück",
      "gender": "f"
    },
    {
      "name": "Farnzell",
      "gender": "f"
    },
    {
      "name": "Moosgrund",
      "gender": "m"
    },
    {
      "name": "Tarn",
      "gender": "m"
    },
    {
      "name": "Brun",
      "gender": "m"
    },
    {
      "name": "Kelm",
      "gender": "m"
    },
    {
      "name": "Varn",
      "gender": "m"
    },
    {
      "name": "Lorn",
      "gender": "m"
    },
    {
      "name": "Quellberg",
      "gender": "m"
    },
    {
      "name": "Auenfeld",
      "gender": "n"
    },
    {
      "name": "Bachheim",
      "gender": "n"
    },
    {
      "name": "Kieselbronn",
      "gender": "m"
    },
    {
      "name": "Wogenfurt",
      "gender": "f"
    },
    {
      "name": "Halmzell",
      "gender": "f"
    },
    {
      "name": "Nebelau",
      "gender": "f"
    },
    {
      "name": "Regenbruch",
      "gender": "m"
    },
    {
      "name": "Dürnham",
      "gender": "n"
    },
    {
      "name": "Eisenruh",
      "gender": "f"
    },
    {
      "name": "Bollheim",
      "gender": "n"
    },
    {
      "name": "Kelterbach",
      "gender": "m"
    },
    {
      "name": "Weißrain",
      "gender": "m"
    },
    {
      "name": "Schwarzfeld",
      "gender": "n"
    },
    {
      "name": "Rotfurt",
      "gender": "f"
    },
    {
      "name": "Grünbronn",
      "gender": "m"
    },
    {
      "name": "Blauberg",
      "gender": "m"
    },
    {
      "name": "Goldzell",
      "gender": "f"
    },
    {
      "name": "Silberhain",
      "gender": "m"
    },
    {
      "name": "Kupferdorf",
      "gender": "n"
    },
    {
      "name": "Zinnau",
      "gender": "f"
    },
    {
      "name": "Messingzell",
      "gender": "f"
    },
    {
      "name": "Bleiheim",
      "gender": "n"
    },
    {
      "name": "Edelbrück",
      "gender": "f"
    },
    {
      "name": "Juwelruh",
      "gender": "f"
    },
    {
      "name": "Kristalltor",
      "gender": "n"
    },
    {
      "name": "Rubinfeld",
      "gender": "n"
    },
    {
      "name": "Saphirfurt",
      "gender": "f"
    },
    {
      "name": "Topasgrund",
      "gender": "m"
    },
    {
      "name": "Onyxhain",
      "gender": "m"
    },
    {
      "name": "Perlenmark",
      "gender": "f"
    },
    {
      "name": "Mondhain",
      "gender": "m"
    },
    {
      "name": "Sonnenruh",
      "gender": "f"
    },
    {
      "name": "Sternbrück",
      "gender": "f"
    },
    {
      "name": "Himmelszell",
      "gender": "f"
    },
    {
      "name": "Donnerfels",
      "gender": "m"
    },
    {
      "name": "Blitzhafen",
      "gender": "m"
    },
    {
      "name": "Sturmtal",
      "gender": "n"
    },
    {
      "name": "Wolkenburg",
      "gender": "f"
    },
    {
      "name": "Regenwald",
      "gender": "m"
    },
    {
      "name": "Schneehof",
      "gender": "m"
    },
    {
      "name": "Frosttor",
      "gender": "n"
    },
    {
      "name": "Eisbronn",
      "gender": "m"
    },
    {
      "name": "Raureifzell",
      "gender": "f"
    },
    {
      "name": "Glutheim",
      "gender": "n"
    },
    {
      "name": "Aschenmark",
      "gender": "f"
    },
    {
      "name": "Rauchfurt",
      "gender": "f"
    },
    {
      "name": "Funkenhof",
      "gender": "m"
    },
    {
      "name": "Kohlenau",
      "gender": "f"
    },
    {
      "name": "Schlackbrück",
      "gender": "f"
    },
    {
      "name": "Glaswald",
      "gender": "m"
    },
    {
      "name": "Spiegelsee",
      "gender": "m"
    },
    {
      "name": "Dämmerhain",
      "gender": "m"
    },
    {
      "name": "Schattenruh",
      "gender": "f"
    },
    {
      "name": "Finstertal",
      "gender": "n"
    },
    {
      "name": "Nachtmark",
      "gender": "f"
    },
    {
      "name": "Dunkelbronn",
      "gender": "m"
    },
    {
      "name": "Schwarzfurt",
      "gender": "f"
    },
    {
      "name": "Graufeld",
      "gender": "n"
    },
    {
      "name": "Weißtor",
      "gender": "n"
    },
    {
      "name": "Buntzell",
      "gender": "f"
    },
    {
      "name": "Rosenheim",
      "gender": "n"
    },
    {
      "name": "Tulpenbrück",
      "gender": "f"
    },
    {
      "name": "Nelkenzell",
      "gender": "f"
    },
    {
      "name": "Fliederhof",
      "gender": "m"
    },
    {
      "name": "Veilchenruh",
      "gender": "f"
    },
    {
      "name": "Lilienhain",
      "gender": "m"
    },
    {
      "name": "Asternau",
      "gender": "f"
    },
    {
      "name": "Kornblum",
      "gender": "m"
    },
    {
      "name": "Distelheim",
      "gender": "n"
    },
    {
      "name": "Mohnfeld",
      "gender": "n"
    },
    {
      "name": "Lavendelau",
      "gender": "f"
    },
    {
      "name": "Rosmarinheim",
      "gender": "n"
    },
    {
      "name": "Salbeibrück",
      "gender": "f"
    },
    {
      "name": "Thymianzell",
      "gender": "f"
    },
    {
      "name": "Basilikumdorf",
      "gender": "n"
    },
    {
      "name": "Minzeau",
      "gender": "f"
    },
    {
      "name": "Pfeffermark",
      "gender": "f"
    },
    {
      "name": "Zimtruhe",
      "gender": "f"
    },
    {
      "name": "Ingwerhain",
      "gender": "m"
    },
    {
      "name": "Kardamomtor",
      "gender": "n"
    },
    {
      "name": "Weinberg",
      "gender": "m"
    },
    {
      "name": "Mostfurt",
      "gender": "f"
    },
    {
      "name": "Kelterbronn",
      "gender": "m"
    },
    {
      "name": "Traubenau",
      "gender": "f"
    },
    {
      "name": "Apfelruh",
      "gender": "f"
    },
    {
      "name": "Birnheim",
      "gender": "n"
    },
    {
      "name": "Kirschenfeld",
      "gender": "n"
    },
    {
      "name": "Pflaumenzell",
      "gender": "f"
    },
    {
      "name": "Beerenhain",
      "gender": "m"
    },
    {
      "name": "Nusshof",
      "gender": "m"
    },
    {
      "name": "Kastanienruh",
      "gender": "f"
    },
    {
      "name": "Haselzell",
      "gender": "f"
    },
    {
      "name": "Mandelau",
      "gender": "f"
    },
    {
      "name": "Zitronenfurt",
      "gender": "f"
    },
    {
      "name": "Orangentor",
      "gender": "n"
    },
    {
      "name": "Granatapfelzell",
      "gender": "f"
    },
    {
      "name": "Feigenheim",
      "gender": "n"
    },
    {
      "name": "Dattelhof",
      "gender": "m"
    },
    {
      "name": "Safranruh",
      "gender": "f"
    },
    {
      "name": "Vanillehain",
      "gender": "m"
    },
    {
      "name": "Smaragdwiese",
      "gender": "f"
    },
    {
      "name": "Rubintal",
      "gender": "n"
    },
    {
      "name": "Saphirhafen",
      "gender": "m"
    },
    {
      "name": "Amethystbrück",
      "gender": "f"
    },
    {
      "name": "Opalheim",
      "gender": "n"
    },
    {
      "name": "Topaszell",
      "gender": "f"
    },
    {
      "name": "Jadebronn",
      "gender": "m"
    },
    {
      "name": "Onyxruh",
      "gender": "f"
    },
    {
      "name": "Perlenfeld",
      "gender": "n"
    },
    {
      "name": "Korallenklamm",
      "gender": "f"
    },
    {
      "name": "Muschelhof",
      "gender": "m"
    },
    {
      "name": "Seestern",
      "gender": "m"
    },
    {
      "name": "Brandungstor",
      "gender": "n"
    },
    {
      "name": "Küstendorf",
      "gender": "n"
    },
    {
      "name": "Klippenruh",
      "gender": "f"
    },
    {
      "name": "Dünensand",
      "gender": "m"
    },
    {
      "name": "Leuchthafen",
      "gender": "m"
    },
    {
      "name": "Haffruh",
      "gender": "f"
    },
    {
      "name": "Wogenburg",
      "gender": "f"
    },
    {
      "name": "Sturmhall",
      "gender": "m"
    },
    {
      "name": "Grimmszell",
      "gender": "f"
    },
    {
      "name": "Bergheim",
      "gender": "n"
    },
    {
      "name": "Felsenruh",
      "gender": "f"
    },
    {
      "name": "Klammstein",
      "gender": "m"
    },
    {
      "name": "Talbrück",
      "gender": "f"
    },
    {
      "name": "Hochrain",
      "gender": "m"
    },
    {
      "name": "Tiefenau",
      "gender": "f"
    },
    {
      "name": "Obringen",
      "gender": "n"
    },
    {
      "name": "Niederdorf",
      "gender": "n"
    },
    {
      "name": "Mittengrund",
      "gender": "m"
    },
    {
      "name": "Oberszell",
      "gender": "f"
    },
    {
      "name": "Unterheim",
      "gender": "n"
    },
    {
      "name": "Kleinhof",
      "gender": "m"
    },
    {
      "name": "Großmark",
      "gender": "f"
    },
    {
      "name": "Neubrück",
      "gender": "f"
    },
    {
      "name": "Altfeld",
      "gender": "n"
    },
    {
      "name": "Edelruh",
      "gender": "f"
    },
    {
      "name": "Glanzheim",
      "gender": "n"
    },
    {
      "name": "Schimmerfeld",
      "gender": "n"
    },
    {
      "name": "Strahlenau",
      "gender": "f"
    },
    {
      "name": "Dämmerdorf",
      "gender": "n"
    },
    {
      "name": "Finsterbronn",
      "gender": "m"
    },
    {
      "name": "Lichtzell",
      "gender": "f"
    },
    {
      "name": "Schattenburg",
      "gender": "f"
    },
    {
      "name": "Mondtor",
      "gender": "n"
    },
    {
      "name": "Sonnenwacht",
      "gender": "f"
    },
    {
      "name": "Sternheim",
      "gender": "n"
    },
    {
      "name": "Himmelsruh",
      "gender": "f"
    },
    {
      "name": "Wolkenhall",
      "gender": "m"
    },
    {
      "name": "Sturmbrück",
      "gender": "f"
    },
    {
      "name": "Regenruh",
      "gender": "f"
    },
    {
      "name": "Schneezell",
      "gender": "f"
    },
    {
      "name": "Frostheim",
      "gender": "n"
    },
    {
      "name": "Eishall",
      "gender": "m"
    },
    {
      "name": "Raureifdorf",
      "gender": "n"
    },
    {
      "name": "Glutmark",
      "gender": "f"
    },
    {
      "name": "Feuerzell",
      "gender": "f"
    },
    {
      "name": "Aschenhof",
      "gender": "m"
    },
    {
      "name": "Funkenzell",
      "gender": "f"
    },
    {
      "name": "Rauchham",
      "gender": "n"
    },
    {
      "name": "Kohlenfeld",
      "gender": "n"
    },
    {
      "name": "Schlackheim",
      "gender": "n"
    },
    {
      "name": "Erzbrück",
      "gender": "f"
    },
    {
      "name": "Zinnwald",
      "gender": "m"
    },
    {
      "name": "Kupferruh",
      "gender": "f"
    },
    {
      "name": "Silberdorf",
      "gender": "n"
    },
    {
      "name": "Goldhügel",
      "gender": "m"
    },
    {
      "name": "Eisenau",
      "gender": "f"
    },
    {
      "name": "Bleihausen",
      "gender": "n"
    },
    {
      "name": "Messinghof",
      "gender": "m"
    },
    {
      "name": "Kristallbrück",
      "gender": "f"
    },
    {
      "name": "Rubinzell",
      "gender": "f"
    },
    {
      "name": "Saphirruh",
      "gender": "f"
    },
    {
      "name": "Topashof",
      "gender": "m"
    },
    {
      "name": "Onyxdorf",
      "gender": "n"
    },
    {
      "name": "Jadehain",
      "gender": "m"
    },
    {
      "name": "Opalham",
      "gender": "n"
    },
    {
      "name": "Perlenzell",
      "gender": "f"
    },
    {
      "name": "Korallenruh",
      "gender": "f"
    },
    {
      "name": "Muschelheim",
      "gender": "n"
    },
    {
      "name": "Klippenzell",
      "gender": "f"
    },
    {
      "name": "Dünensheim",
      "gender": "n"
    },
    {
      "name": "Strandburg",
      "gender": "f"
    },
    {
      "name": "Brandungszell",
      "gender": "f"
    },
    {
      "name": "Haffbronn",
      "gender": "m"
    },
    {
      "name": "Seetor",
      "gender": "n"
    },
    {
      "name": "Wogenmark",
      "gender": "f"
    },
    {
      "name": "Regenstrand",
      "gender": "m"
    },
    {
      "name": "Sturmklamm",
      "gender": "f"
    },
    {
      "name": "Blitzdorf",
      "gender": "n"
    },
    {
      "name": "Donnerwald",
      "gender": "m"
    },
    {
      "name": "Sturzhof",
      "gender": "m"
    },
    {
      "name": "Fallheim",
      "gender": "n"
    },
    {
      "name": "Krachenberg",
      "gender": "m"
    },
    {
      "name": "Schlagbronn",
      "gender": "m"
    },
    {
      "name": "Klingenruh",
      "gender": "f"
    },
    {
      "name": "Schwertdorf",
      "gender": "n"
    },
    {
      "name": "Schildbrück",
      "gender": "f"
    },
    {
      "name": "Helmheim",
      "gender": "n"
    },
    {
      "name": "Speerhügel",
      "gender": "m"
    },
    {
      "name": "Lanzenzell",
      "gender": "f"
    },
    {
      "name": "Bogenruh",
      "gender": "f"
    },
    {
      "name": "Pfeilbach",
      "gender": "m"
    },
    {
      "name": "Kettenmark",
      "gender": "f"
    },
    {
      "name": "Ringbrück",
      "gender": "f"
    },
    {
      "name": "Panzerheim",
      "gender": "n"
    },
    {
      "name": "Rossfurt",
      "gender": "f"
    },
    {
      "name": "Rappenruh",
      "gender": "f"
    },
    {
      "name": "Hengstbronn",
      "gender": "m"
    },
    {
      "name": "Fohlenau",
      "gender": "f"
    },
    {
      "name": "Gestüthof",
      "gender": "m"
    },
    {
      "name": "Stallheim",
      "gender": "n"
    },
    {
      "name": "Weidefeld",
      "gender": "n"
    },
    {
      "name": "Trensenau",
      "gender": "f"
    },
    {
      "name": "Sattelbrück",
      "gender": "f"
    },
    {
      "name": "Zügelzell",
      "gender": "f"
    },
    {
      "name": "Spornhof",
      "gender": "m"
    },
    {
      "name": "Bannerzell",
      "gender": "f"
    },
    {
      "name": "Fahnenruh",
      "gender": "f"
    },
    {
      "name": "Standartau",
      "gender": "f"
    },
    {
      "name": "Trommelbronn",
      "gender": "m"
    },
    {
      "name": "Hornheim",
      "gender": "n"
    },
    {
      "name": "Fanfarenzell",
      "gender": "f"
    },
    {
      "name": "Klangtor",
      "gender": "n"
    },
    {
      "name": "Sangesdorf",
      "gender": "n"
    },
    {
      "name": "Melodienau",
      "gender": "f"
    },
    {
      "name": "Tanzbrück",
      "gender": "f"
    },
    {
      "name": "Reigenhof",
      "gender": "m"
    },
    {
      "name": "Reimzell",
      "gender": "f"
    },
    {
      "name": "Liedmark",
      "gender": "f"
    },
    {
      "name": "Tyrzell",
      "gender": "f"
    },
    {
      "name": "Mystrahof",
      "gender": "m"
    },
    {
      "name": "Helmruh",
      "gender": "f"
    },
    {
      "name": "Tormbronn",
      "gender": "m"
    },
    {
      "name": "Sharruh",
      "gender": "f"
    },
    {
      "name": "Oghmau",
      "gender": "f"
    },
    {
      "name": "Gondtor",
      "gender": "n"
    },
    {
      "name": "Selûnham",
      "gender": "n"
    },
    {
      "name": "Taloshall",
      "gender": "m"
    },
    {
      "name": "Umberlaub",
      "gender": "m"
    },
    {
      "name": "Aurilfurt",
      "gender": "f"
    },
    {
      "name": "Loviatarhall",
      "gender": "m"
    },
    {
      "name": "Mililruh",
      "gender": "f"
    },
    {
      "name": "Savrasham",
      "gender": "n"
    },
    {
      "name": "Chaunteabrück",
      "gender": "f"
    },
    {
      "name": "Maskurhall",
      "gender": "m"
    },
    {
      "name": "Cyricdorf",
      "gender": "n"
    },
    {
      "name": "Beshabrück",
      "gender": "f"
    },
    {
      "name": "Sunezell",
      "gender": "f"
    },
    {
      "name": "Azuthhof",
      "gender": "m"
    },
    {
      "name": "Mystmark",
      "gender": "f"
    },
    {
      "name": "Selendorn",
      "gender": "m"
    },
    {
      "name": "Tormwald",
      "gender": "m"
    },
    {
      "name": "Lathanhain",
      "gender": "m"
    },
    {
      "name": "Oghmarfeld",
      "gender": "n"
    },
    {
      "name": "Helmhügel",
      "gender": "m"
    },
    {
      "name": "Sharzell",
      "gender": "f"
    },
    {
      "name": "Aurilheim",
      "gender": "n"
    },
    {
      "name": "Talosfurt",
      "gender": "f"
    },
    {
      "name": "Savrashof",
      "gender": "m"
    },
    {
      "name": "Finsterhain",
      "gender": "m"
    },
    {
      "name": "Lichterruh",
      "gender": "f"
    },
    {
      "name": "Schattenzell",
      "gender": "f"
    },
    {
      "name": "Glanztor",
      "gender": "n"
    },
    {
      "name": "Flammenruh",
      "gender": "f"
    },
    {
      "name": "Aschenbronn",
      "gender": "m"
    },
    {
      "name": "Gluthall",
      "gender": "m"
    },
    {
      "name": "Funkenfurt",
      "gender": "f"
    },
    {
      "name": "Kohlenmark",
      "gender": "f"
    },
    {
      "name": "Erzhof",
      "gender": "m"
    },
    {
      "name": "Kristallhain",
      "gender": "m"
    },
    {
      "name": "Rubinau",
      "gender": "f"
    },
    {
      "name": "Saphirfeld",
      "gender": "n"
    },
    {
      "name": "Topasruh",
      "gender": "f"
    },
    {
      "name": "Onyxbronn",
      "gender": "m"
    },
    {
      "name": "Perlenheim",
      "gender": "n"
    },
    {
      "name": "Korallenzell",
      "gender": "f"
    },
    {
      "name": "Muschelhain",
      "gender": "m"
    },
    {
      "name": "Seesternruh",
      "gender": "f"
    },
    {
      "name": "Brandungsdorf",
      "gender": "n"
    },
    {
      "name": "Küstentor",
      "gender": "n"
    },
    {
      "name": "Wogenbrück",
      "gender": "f"
    },
    {
      "name": "Sturmruh",
      "gender": "f"
    },
    {
      "name": "Donnerzell",
      "gender": "f"
    },
    {
      "name": "Blitzhof",
      "gender": "m"
    },
    {
      "name": "Regenfeld",
      "gender": "n"
    },
    {
      "name": "Schneehall",
      "gender": "m"
    },
    {
      "name": "Frostmark",
      "gender": "f"
    },
    {
      "name": "Eiszell",
      "gender": "f"
    },
    {
      "name": "Raureifruh",
      "gender": "f"
    },
    {
      "name": "Mondheim",
      "gender": "n"
    },
    {
      "name": "Sonnenbronn",
      "gender": "m"
    },
    {
      "name": "Sternruh",
      "gender": "f"
    },
    {
      "name": "Himmelsbrück",
      "gender": "f"
    },
    {
      "name": "Wolkenruh",
      "gender": "f"
    },
    {
      "name": "Dämmermark",
      "gender": "f"
    },
    {
      "name": "Nachtzell",
      "gender": "f"
    },
    {
      "name": "Morgenfeld",
      "gender": "n"
    },
    {
      "name": "Abendtor",
      "gender": "n"
    },
    {
      "name": "Zwielichthof",
      "gender": "m"
    },
    {
      "name": "Rosenruh",
      "gender": "f"
    },
    {
      "name": "Tulpenhof",
      "gender": "m"
    },
    {
      "name": "Nelkenmark",
      "gender": "f"
    },
    {
      "name": "Fliederhain",
      "gender": "m"
    },
    {
      "name": "Veilchenruh",
      "gender": "f"
    },
    {
      "name": "Lilienfeld",
      "gender": "n"
    },
    {
      "name": "Asternbronn",
      "gender": "m"
    },
    {
      "name": "Distelruh",
      "gender": "f"
    },
    {
      "name": "Mohnzell",
      "gender": "f"
    },
    {
      "name": "Lavendelbrück",
      "gender": "f"
    },
    {
      "name": "Rosmarinfeld",
      "gender": "n"
    },
    {
      "name": "Thymianhof",
      "gender": "m"
    },
    {
      "name": "Salbeiauen",
      "gender": "f"
    },
    {
      "name": "Basilikumzell",
      "gender": "f"
    },
    {
      "name": "Minzbrück",
      "gender": "f"
    },
    {
      "name": "Zimthof",
      "gender": "m"
    },
    {
      "name": "Ingwerzell",
      "gender": "f"
    },
    {
      "name": "Safranruh",
      "gender": "f"
    },
    {
      "name": "Vanilleau",
      "gender": "f"
    },
    {
      "name": "Kardamomdorf",
      "gender": "n"
    },
    {
      "name": "Weinruh",
      "gender": "f"
    },
    {
      "name": "Kelterzell",
      "gender": "f"
    },
    {
      "name": "Traubenmark",
      "gender": "f"
    },
    {
      "name": "Apfelham",
      "gender": "n"
    },
    {
      "name": "Birnzell",
      "gender": "f"
    },
    {
      "name": "Kirschenruh",
      "gender": "f"
    },
    {
      "name": "Pflaumenhof",
      "gender": "m"
    },
    {
      "name": "Beerenbrück",
      "gender": "f"
    },
    {
      "name": "Nusshof",
      "gender": "m"
    },
    {
      "name": "Mandelzell",
      "gender": "f"
    },
    {
      "name": "Kastanienheim",
      "gender": "n"
    },
    {
      "name": "Haselruh",
      "gender": "f"
    },
    {
      "name": "Zitronenbronn",
      "gender": "m"
    },
    {
      "name": "Orangenruh",
      "gender": "f"
    },
    {
      "name": "Granatapfelzell",
      "gender": "f"
    },
    {
      "name": "Feigenbrück",
      "gender": "f"
    },
    {
      "name": "Dattelruh",
      "gender": "f"
    },
    {
      "name": "Smaragdbronn",
      "gender": "m"
    },
    {
      "name": "Rubinzell",
      "gender": "f"
    },
    {
      "name": "Saphirruh",
      "gender": "f"
    },
    {
      "name": "Topasmark",
      "gender": "f"
    },
    {
      "name": "Jadehall",
      "gender": "m"
    },
    {
      "name": "Onyxruh",
      "gender": "f"
    },
    {
      "name": "Opalbrück",
      "gender": "f"
    },
    {
      "name": "Perlenau",
      "gender": "f"
    },
    {
      "name": "Korallenbronn",
      "gender": "m"
    },
    {
      "name": "Muschelruh",
      "gender": "f"
    },
    {
      "name": "Seehall",
      "gender": "m"
    },
    {
      "name": "Wogenruh",
      "gender": "f"
    },
    {
      "name": "Strandtor",
      "gender": "n"
    },
    {
      "name": "Sturmau",
      "gender": "f"
    },
    {
      "name": "Donnerbronn",
      "gender": "m"
    },
    {
      "name": "Blitzruh",
      "gender": "f"
    },
    {
      "name": "Regenhof",
      "gender": "m"
    },
    {
      "name": "Schneezell",
      "gender": "f"
    },
    {
      "name": "Frostwald",
      "gender": "m"
    },
    {
      "name": "Eisruh",
      "gender": "f"
    },
    {
      "name": "Raureifbrück",
      "gender": "f"
    },
    {
      "name": "Gluthof",
      "gender": "m"
    },
    {
      "name": "Aschenzell",
      "gender": "f"
    },
    {
      "name": "Tyrbrück",
      "gender": "f"
    },
    {
      "name": "Mystraau",
      "gender": "f"
    },
    {
      "name": "Helmfeld",
      "gender": "n"
    },
    {
      "name": "Tormhall",
      "gender": "m"
    },
    {
      "name": "Sharzell",
      "gender": "f"
    },
    {
      "name": "Oghmabrück",
      "gender": "f"
    },
    {
      "name": "Gondruh",
      "gender": "f"
    },
    {
      "name": "Selûnfeld",
      "gender": "n"
    },
    {
      "name": "Taloshof",
      "gender": "m"
    },
    {
      "name": "Umberleezell",
      "gender": "f"
    },
    {
      "name": "Aurilbronn",
      "gender": "m"
    },
    {
      "name": "Loviatarhall",
      "gender": "m"
    },
    {
      "name": "Mililzell",
      "gender": "f"
    },
    {
      "name": "Savrasmark",
      "gender": "f"
    },
    {
      "name": "Chaunteahain",
      "gender": "m"
    },
    {
      "name": "Maskurdorf",
      "gender": "n"
    },
    {
      "name": "Cyrichall",
      "gender": "m"
    },
    {
      "name": "Beshau",
      "gender": "f"
    },
    {
      "name": "Sunehof",
      "gender": "m"
    },
    {
      "name": "Azuthruh",
      "gender": "f"
    },
    {
      "name": "Myrkulheim",
      "gender": "n"
    },
    {
      "name": "Banehall",
      "gender": "m"
    },
    {
      "name": "Sharbronn",
      "gender": "m"
    },
    {
      "name": "Lathanhof",
      "gender": "m"
    },
    {
      "name": "Mystzell",
      "gender": "f"
    },
    {
      "name": "Kelemvorruh",
      "gender": "f"
    },
    {
      "name": "Tempusmark",
      "gender": "f"
    },
    {
      "name": "Seldinau",
      "gender": "f"
    },
    {
      "name": "Corellonhof",
      "gender": "m"
    },
    {
      "name": "Lolthtor",
      "gender": "n"
    }
  ]
}