{
  "authors": [
    {
      "name": "munichjake",
      "email": "munichjake@dnd-session.de",
      "url": "https://dnd-session.de",
      "github": "https://github.com/munichjake"
    }
  ],
  "description": "Deutsche männliche Menschenvornamen",
  "version": "1.0.0",
  "names": [
    "Adalbert",
    "Adalhard",
    "Adalwin",
    "Aegidius",
    "Agilmar",
    "Alarich",
    "Alban",
    "Albrecht",
    "Aldemar",
    "Aldric",
    "Alexander",
    "Althar",
    "Anselm",
    "Arbogast",
    "Arend",
    "Armin",
    "Arnulf",
    "Arno",
    "Artwin",
    "Athalarich",
    "Balduin",
    "Balthasar",
    "Benedikt",
    "Berengar",
    "Berthold",
    "Bertram",
    "Bodo",
    "Bonifaz",
    "Bruno",
    "Burkhard",
    "Carsten",
    "Clemens",
    "Conrad",
    "Cornelius",
    "Dankmar",
    "Detlef",
    "Dietbald",
    "Dietfried",
    "Diethelm",
    "Dietmar",
    "Dietmund",
    "Dietrich",
    "Dieter",
    "Ditmar",
    "Dominik",
    "Dudo",
    "Eberhard",
    "Eckard",
    "Eckehard",
    "Edelbrecht",
    "Edmund",
    "Egon",
    "Ekbert",
    "Ekkehard",
    "Elimar",
    "Engelbert",
    "Engelmar",
    "Engelwin",
    "Erhard",
    "Erkenbert",
    "Erkenfried",
    "Erkenwin",
    "Ermanarich",
    "Ernst",
    "Ewald",
    "Falk",
    "Falkmar",
    "Falko",
    "Falkwin",
    "Florian",
    "Franz",
    "Fridolin",
    "Fridomar",
    "Fridwin",
    "Friedbert",
    "Friedhelm",
    "Friedmar",
    "Friedrich",
    "Edolf",
    "Fridwald",
    "Gernot",
    "Gerhard",
    "Gerhild",
    "Gerlach",
    "Gernulf",
    "Giselher",
    "Giselmar",
    "Giselwin",
    "Gotthard",
    "Gotthilf",
    "Gotthold",
    "Gottschalk",
    "Gregor",
    "Gunther",
    "Gustav",
    "Hadubert",
    "Hadumar",
    "Hagen",
    "Hartmut",
    "Helmfried",
    "Helmut",
    "Henning",
    "Herbert",
    "Heribert",
    "Hermann",
    "Hermund",
    "Hilbert",
    "Hilmar",
    "Halodwig",
    "Horst",
    "Hubert",
    "Hugobald",
    "Hugo",
    "Hunfried",
    "Ingbert",
    "Ingram",
    "Ingmar",
    "Ingo",
    "Irmin",
    "Isenbard",
    "Gernwald",
    "Isidor",
    "Jakob",
    "Jodokus",
    "Johann",
    "Jörg",
    "Justus",
    "Karlo",
    "Kaspar",
    "Kilian",
    "Klaus",
    "Konrad",
    "Kordian",
    "Korbinian",
    "Kunibert",
    "Kunibald",
    "Kuno",
    "Lamprecht",
    "Landolf",
    "Lazarus",
    "Leibwin",
    "Leifhart",
    "Leonhard",
    "Leopold",
    "Liutbert",
    "Liutfrid",
    "Liutger",
    "Liutwin",
    "Lorenz",
    "Lothar",
    "Ludger",
    "Ludolf",
    "Ludwig",
    "Luitpold",
    "Luitwin",
    "Magnus",
    "Manfred",
    "Marbod",
    "Marcellus",
    "Markward",
    "Markus",
    "Martell",
    "Martin",
    "Mathis",
    "Matthias",
    "Meinrad",
    "Meinhard",
    "Meingolf",
    "Meinulf",
    "Melchior",
    "Norbert",
    "Notker",
    "Odilo",
    "Odo",
    "Odinrich",
    "Ortlieb",
    "Ortwin",
    "Oswald",
    "Otbert",
    "Otfried",
    "Ottmar",
    "Otto",
    "Otwin",
    "Pankratz",
    "Patroklus",
    "Paul",
    "Peikard",
    "Peter",
    "Poppo",
    "Quentin",
    "Quirin",
    "Radulf",
    "Rainald",
    "Rainer",
    "Randolf",
    "Rapoto",
    "Reimar",
    "Reinbert",
    "Reiner",
    "Reinhard",
    "Reinhold",
    "Reinmar",
    "Reinold",
    "Remigius",
    "Richard",
    "Rochus",
    "Roderich",
    "Roderik",
    "Roderulf",
    "Rodolph",
    "Roger",
    "Roland",
    "Rombald",
    "Rorik",
    "Rupert",
    "Ruprecht",
    "Rutger",
    "Sambald",
    "Sambrecht",
    "Siegbert",
    "Siegebald",
    "Siegebert",
    "Siegehard",
    "Siegemar",
    "Siegfried",
    "Siegmar",
    "Siegmund",
    "Siegward",
    "Sigibald",
    "Sigibert",
    "Sigimar",
    "Sigisbert",
    "Sigismund",
    "Sigmund",
    "Sigurd",
    "Silvester",
    "Simon",
    "Starkwin",
    "Stefan",
    "Svend",
    "Swenhard",
    "Swenmar",
    "Theobald",
    "Theodor",
    "Theodoric",
    "Theophil",
    "Thietmar",
    "Thilo",
    "Tilman",
    "Timo",
    "Traugott",
    "Tristan",
    "Ulbert",
    "Ulf",
    "Ulfrich",
    "Ulfried",
    "Ulfwin",
    "Ulrich",
    "Unibald",
    "Unolf",
    "Urban",
    "Urs",
    "Valentin",
    "Volkhard",
    "Volkmar",
    "Volkward",
    "Volrad",
    "Walbert",
    "Waldemar",
    "Waldfrid",
    "Walther",
    "Wandolf",
    "Welf",
    "Wendelin",
    "Werner",
    "Wernhard",
    "Wigand",
    "Wigger",
    "Wigmar",
    "Wigmund",
    "Wilbert",
    "Wilbrand",
    "Wilfried",
    "Wilhelm",
    "Willibald",
    "Wipert",
    "Witbert",
    "Witmar",
    "Witold",
    "Wittmar",
    "Woldemar",
    "Wolfbert",
    "Wolfdietrich",
    "Wolfgang",
    "Wolfhard",
    "Wolfhelm",
    "Wolfmar",
    "Wolfram",
    "Wolfwin",
    "Wulf",
    "Wulfbert",
    "Wulfgar",
    "Wulfhard",
    "Wulfhelm",
    "Wulfram",
    "Zacharias",
    "Achim",
    "Adam",
    "Adelbert",
    "Adelfried",
    "Adelhard",
    "Adelmar",
    "Adelmut",
    "Adelwin",
    "Adrian",
    "Albanus",
    "Alfwald",
    "Alrik",
    "Altfried",
    "Altwin",
    "Amadeus",
    "Ambrosius",
    "Andreas",
    "Ansgar",
    "Anshelm",
    "Antonius",
    "Aribo",
    "Arminius",
    "Arnbert",
    "Arnfrid",
    "Arnhard",
    "Arnhold",
    "Arnmar",
    "Arnold",
    "Arnrich",
    "Arnulfus",
    "Askan",
    "August",
    "Augustin",
    "Axel",
    "Azemar",
    "Baldemar",
    "Balderich",
    "Baldomar",
    "Balthild",
    "Baptist",
    "Barnabas",
    "Bartholomäus",
    "Benedictus",
    "Benno",
    "Berchtold",
    "Berend",
    "Bernfried",
    "Bernhard",
    "Bernulf",
    "Bertilo",
    "Bertmar",
    "Bertold",
    "Bodoal",
    "Boleslaus",
    "Botho",
    "Bovo",
    "Burcard",
    "Burghard",
    "Burchwin",
    "Carloman",
    "Chlodwig",
    "Christan",
    "Christfried",
    "Christian",
    "Christof",
    "Christoph",
    "Cuno",
    "Dagobert",
    "Dankfried",
    "Dankmaro",
    "Dankward",
    "Degenhard",
    "Degenhelm",
    "Degenmar",
    "Degenrich",
    "Degenwin",
    "Delmar",
    "Detmar",
    "Detmaro",
    "Detwin",
    "Diebold",
    "Diemar",
    "Dierk",
    "Dirk",
    "Drachmar",
    "Draswin",
    "Dudoal",
    "Durwin",
    "Eberhelm",
    "Ebermar",
    "Eberolf",
    "Eberwin",
    "Eckbert",
    "Eckehardt",
    "Edelhard",
    "Edelmar",
    "Egbert",
    "Eginhard",
    "Eginolf",
    "Egonhard",
    "Ehrwin",
    "Einhard",
    "Eitel",
    "Ekard",
    "Elger",
    "Eliwin",
    "Elmar",
    "Eloy",
    "Emerich",
    "Emmeram",
    "Emmerich",
    "Engelbrecht",
    "Engelhart",
    "Engelmarus",
    "Engelram",
    "Engenhardt",
    "Enno",
    "Enzenhard",
    "Erbo",
    "Erdmann",
    "Erich",
    "Erkmar",
    "Ermenfried",
    "Ermenhard",
    "Ermenold",
    "Erminold",
    "Erwin",
    "Esiko",
    "Ethelbald",
    "Ewaldus",
    "Fabian",
    "Falkbert",
    "Falkhard",
    "Falkmaro",
    "Falkrich",
    "Farold",
    "Feodor",
    "Ferdinand",
    "Feriolf",
    "Fidelius",
    "Florentin",
    "Folker",
    "Folkmar",
    "Folkward",
    "Fortunat",
    "Franziskus",
    "Fridobald",
    "Fridolinus",
    "Fridwaldus",
    "Friedbald",
    "Friedbertus",
    "Friedebald",
    "Friedegard",
    "Friedel",
    "Friedhard",
    "Friedl",
    "Friedmaro",
    "Frigobert",
    "Frithjof",
    "Frumold",
    "Fulbert",
    "Fulk",
    "Gallus",
    "Gebhard",
    "Georg",
    "Geralt",
    "Gerbaldo",
    "Gerbaldus",
    "Gerbert",
    "Gerbodo",
    "Gerfried",
    "Gerhart",
    "Gerlind",
    "Germar",
    "Gernbert",
    "Gernfried",
    "Gernhard",
    "Gernhelm",
    "Gernulfus",
    "Gerold",
    "Gerowin",
    "Gerulf",
    "Gisilbald",
    "Gisilbrecht",
    "Gisilfried",
    "Gisilhard",
    "Gisilhelm",
    "Gisilmar",
    "Gisilwin",
    "Giselbrecht",
    "Giso",
    "Godemar",
    "Godfrey",
    "Godo",
    "Gosbert",
    "Goswin",
    "Gotbert",
    "Gotebald",
    "Gotefrid",
    "Gotemar",
    "Gottfried",
    "Gotwin",
    "Grimoald",
    "Grimold",
    "Grimwald",
    "Grimwin",
    "Guido",
    "Gundahar",
    "Gundbald",
    "Gundbert",
    "Gundfried",
    "Gundhard",
    "Gundhelm",
    "Gundmar",
    "Gundobald",
    "Gundolf",
    "Gundram",
    "Gundulf",
    "Gunibald",
    "Gunibert",
    "Gunihard",
    "Gunimar",
    "Gunolf",
    "Gunthard",
    "Guntram",
    "Gunter",
    "Gunwald",
    "Gunwin",
    "Hadabald",
    "Hadamar",
    "Hadbert",
    "Hadebald",
    "Hadebrand",
    "Hadefried",
    "Hadewin",
    "Hadobald",
    "Hadubertus",
    "Hadulf",
    "Hadumarus",
    "Hadwin",
    "Hagibert",
    "Hagimar",
    "Haguwin",
    "Haimbert",
    "Haimfried",
    "Haimo",
    "Haimon",
    "Haimrich",
    "Haimwin",
    "Hallvard",
    "Hamberto",
    "Hanfried",
    "Harnold",
    "Haribald",
    "Haribert",
    "Haribodo",
    "Harigast",
    "Harlind",
    "Hartbert",
    "Hartbold",
    "Hartfried",
    "Hartlieb",
    "Hartmar",
    "Hartmund",
    "Hartmutus",
    "Hartwig",
    "Hartwin",
    "Hasbert",
    "Hasmar",
    "Haswin",
    "Hatto",
    "Haugwin",
    "Hedebald",
    "Hedewald",
    "Heidolf",
    "Heilbert",
    "Heilfried",
    "Heilhard",
    "Heilmar",
    "Heilrich",
    "Heilwig",
    "Heimerad",
    "Heimfried",
    "Heimhart",
    "Heimhold",
    "Heimrad",
    "Heinbald",
    "Heinfried",
    "Heinhard",
    "Heinmar",
    "Heinold",
    "Heinrad",
    "Helmbrecht",
    "Helmfriedus",
    "Helmhart",
    "Helmmar",
    "Helmold",
    "Helmrad",
    "Helmreich",
    "Helmwin",
    "Helwig",
    "Hemmerich",
    "Henricus",
    "Herbald",
    "Herbard",
    "Herbertus",
    "Heribold",
    "Heriman",
    "Herimar",
    "Herlind",
    "Hermannus",
    "Hermfried",
    "Hermhart",
    "Hermigild",
    "Hermundus",
    "Hernold",
    "Herold",
    "Herwin",
    "Hesso",
    "Hildebert",
    "Hildebold",
    "Hildefrid",
    "Hildehard",
    "Hildemar",
    "Hildemarun",
    "Hildewin",
    "Hilmarus",
    "Hilperich",
    "Hinbald",
    "Hinrich",
    "Hirmin",
    "Horibert",
    "Hostwin",
    "Hrodbert",
    "Hrodgar",
    "Hrodmar",
    "Hrodmund",
    "Hubald",
    "Hubaldus",
    "Hubbert",
    "Hubold",
    "Hubrecht",
    "Hunbald",
    "Hunbert",
    "Hunibald",
    "Hunibert",
    "Hunihard",
    "Hunimar",
    "Hunold",
    "Hunrad",
    "Hunulf",
    "Hunwald",
    "Hunwin",
    "Idobald",
    "Idobert",
    "Idolf",
    "Irmbert",
    "Irmfried",
    "Irmhard",
    "Irmhelm",
    "Irmrad",
    "Irmwin",
    "Irnfried",
    "Irnhelm",
    "Isenbardus",
    "Isenbert",
    "Isenfried",
    "Isenhard",
    "Isenhelm",
    "Isenrad",
    "Isenulf",
    "Isenwin",
    "Isidorus",
    "Ivo",
    "Jacobus",
    "Joachim",
    "Johannes",
    "Jonas",
    "Jost",
    "Julian",
    "Justinian",
    "Karl",
    "Karolus",
    "Kasimir",
    "Kilianus",
    "Klemens",
    "Konradus",
    "Konstantin",
    "Kord",
    "Kunoald",
    "Kunrad",
    "Kunwin",
    "Lamprechtus",
    "Lampert",
    "Landbert",
    "Landfried",
    "Landhard",
    "Landolfus",
    "Landrad",
    "Landulf",
    "Landwin",
    "Lanfrid",
    "Lanwin",
    "Leibert",
    "Leibfried",
    "Leibhard",
    "Leibmar",
    "Leibold",
    "Leifrid",
    "Leinhard",
    "Leonhardus",
    "Leopoldus",
    "Liudbert",
    "Liudfried",
    "Liudhard",
    "Liudmar",
    "Liudolf",
    "Liudwin",
    "Liutbald",
    "Liutbertus",
    "Liutfried",
    "Liuthard",
    "Liuthelm",
    "Liutmar",
    "Liutold",
    "Liutolf",
    "Liutpoldus",
    "Liutrad",
    "Liutulf",
    "Liutward",
    "Lotharius",
    "Ludbert",
    "Ludhard",
    "Ludmar",
    "Ludolfus",
    "Ludomar",
    "Ludovicus",
    "Ludrad",
    "Ludwin",
    "Luitbert",
    "Luitfried",
    "Luitgard",
    "Luitmar",
    "Luitold",
    "Luitpald",
    "Luitrad",
    "Luitulf",
    "Luitward",
    "Lutbert",
    "Lutfrid",
    "Luthard",
    "Luthelm",
    "Lutmar",
    "Lutold",
    "Lutrad",
    "Lutwin",
    "Magninus",
    "Magnobert",
    "Magnolf",
    "Magnomar",
    "Magnuson",
    "Mainhard",
    "Mainolf",
    "Mainrad",
    "Mainulf",
    "Mainwin",
    "Managold",
    "Managoldus",
    "Manbald",
    "Manbert",
    "Manfried",
    "Manhard",
    "Manhart",
    "Manhelm",
    "Manmar",
    "Manolf",
    "Manrad",
    "Manulf",
    "Marbodus",
    "Marchard",
    "Marchbert",
    "Marchfried",
    "Marchhard",
    "Marchmar",
    "Marcholf",
    "Marchrad",
    "Marchulf",
    "Markwardus",
    "Markwin",
    "Marsilius",
    "Martinus",
    "Marwin",
    "Mathildinus",
    "Mathias",
    "Mathildar",
    "Mechthard",
    "Mechthold",
    "Meinbald",
    "Meinbert",
    "Meinfried",
    "Meinhardus",
    "Meinhelm",
    "Meinmar",
    "Meinolf",
    "Meinradus",
    "Meinswin",
    "Meinulfus",
    "Meinward",
    "Meixner",
    "Meginbald",
    "Meginhard",
    "Meginolf",
    "Meginrad",
    "Meginulfus",
    "Meginward",
    "Meginwin",
    "Meinhold",
    "Meribald",
    "Meribert",
    "Merihard",
    "Merimar",
    "Merowig",
    "Merwin",
    "Metfried",
    "Methelm",
    "Metmar",
    "Metold",
    "Metrad",
    "Metwin",
    "Mildbert",
    "Mildfried",
    "Mildhard",
    "Mildhelm",
    "Mildmar",
    "Mildolf",
    "Mildrad",
    "Mildwin",
    "Milobert",
    "Milofried",
    "Milohard",
    "Milomar",
    "Milrad",
    "Milwin",
    "Miselbert",
    "Miselhard",
    "Miselmar",
    "Miselrad",
    "Miselwin",
    "Moribert",
    "Morihard",
    "Morimar",
    "Morinolf",
    "Moritz",
    "Noribald",
    "Noribert",
    "Norifrid",
    "Norihard",
    "Norimar",
    "Norinolf",
    "Norold",
    "Norowig",
    "Norwin",
    "Notger",
    "Nothelm",
    "Notkerus",
    "Notmar",
    "Notrad",
    "Notulf",
    "Notwin",
    "Odalbald",
    "Odalbert",
    "Odalbold",
    "Odalfried",
    "Odalhard",
    "Odalhelm",
    "Odalmar",
    "Odalrad",
    "Odalulf",
    "Odalwin",
    "Odoaker",
    "Odobert",
    "Odofrid",
    "Odohard",
    "Odohelm",
    "Odomar",
    "Odorad",
    "Odowald",
    "Odwin",
    "Olafrid",
    "Orend",
    "Oribert",
    "Orimar",
    "Orinolf",
    "Orman",
    "Ormbert",
    "Ormfried",
    "Ormhard",
    "Ormhelm",
    "Ormrad",
    "Ormulf",
    "Ormwin",
    "Ortbert",
    "Ortfrid",
    "Orthard",
    "Orthelm",
    "Ortmar",
    "Ortold",
    "Ortrad",
    "Ortulf",
    "Ortwinus",
    "Oskar",
    "Oswaldus",
    "Oswin",
    "Otfriedus",
    "Otger",
    "Othard",
    "Othelm",
    "Othmar",
    "Othold",
    "Othrad",
    "Otmar",
    "Ottbert",
    "Ottfried",
    "Otthard",
    "Otthelm",
    "Ottkar",
    "Ottmarus",
    "Ottobert",
    "Ottofried",
    "Ottokar",
    "Ottomar",
    "Ottwald",
    "Ottwin",
    "Pankraz",
    "Parzival",
    "Pascal",
    "Patroklos",
    "Peikardus",
    "Perthold",
    "Philipp",
    "Placidus",
    "Poppoal",
    "Pribert",
    "Prifrid",
    "Prihard",
    "Prihelm",
    "Primar",
    "Prirad",
    "Priwin",
    "Prybert",
    "Pryhard",
    "Prymar",
    "Quedobald",
    "Quedobert",
    "Quedofrid",
    "Quedohard",
    "Quedomar",
    "Quedorad",
    "Quedowin",
    "Quenbard",
    "Quenhard",
    "Quenrad",
    "Quenwin",
    "Quintus",
    "Quirinus",
    "Radbert",
    "Radbod",
    "Radbold",
    "Radboto",
    "Radfried",
    "Radhard",
    "Radhelm",
    "Radmar",
    "Radobald",
    "Radolfus",
    "Radomar",
    "Radrich",
    "Radswin",
    "Radulfus",
    "Radward",
    "Radwin",
    "Rambert",
    "Ramfried",
    "Ramhard",
    "Ramhelm",
    "Ramiro",
    "Rammar",
    "Ramold",
    "Ramrad",
    "Ramulf",
    "Ramwald",
    "Ramwin",
    "Randbert",
    "Randfried",
    "Randhard",
    "Randhelm",
    "Randmar",
    "Randold",
    "Randrad",
    "Randulf",
    "Randwin",
    "Ranulfus",
    "Ratbert",
    "Ratfried",
    "Rathard",
    "Rathelm",
    "Ratmar",
    "Ratold",
    "Ratrad",
    "Ratulf",
    "Ratwin",
    "Reginbert",
    "Reginfrid",
    "Reginhard",
    "Reginmar",
    "Reginold",
    "Reginrad",
    "Reginulf",
    "Reimbald",
    "Reimbern",
    "Reimbodo",
    "Reimhard",
    "Reimhold"
  ]
}