{
  "authors": [
    {
      "name": "munichjake",
      "email": "munichjake@dnd-session.de",
      "url": "https://dnd-session.de",
      "github": "https://github.com/munichjake"
    }
  ],
  "description": "Deutsche Halblinge-Siedlungsnamen mit grammatischem Geschlecht",
  "version": "1.0.0",
  "settlements": [
    {
      "name": "Pfeifental",
      "gender": "n"
    },
    {
      "name": "Gartenstein",
      "gender": "m"
    },
    {
      "name": "Lindenhufe",
      "gender": "n"
    },
    {
      "name": "Pfeifenfeld",
      "gender": "n"
    },
    {
      "name": "Backkamp",
      "gender": "n"
    },
    {
      "name": "Teigried",
      "gender": "n"
    },
    {
      "name": "Hofbrück",
      "gender": "n"
    },
    {
      "name": "Froschhain",
      "gender": "m"
    },
    {
      "name": "Froschfurt",
      "gender": "n"
    },
    {
      "name": "Pfeifenhorst",
      "gender": "n"
    },
    {
      "name": "Wieseheim",
      "gender": "n"
    },
    {
      "name": "Ahornbach",
      "gender": "n"
    },
    {
      "name": "Schildhain",
      "gender": "m"
    },
    {
      "name": "Kartoffelach",
      "gender": "n"
    },
    {
      "name": "Rübenwinkel",
      "gender": "n"
    },
    {
      "name": "Backbach",
      "gender": "n"
    },
    {
      "name": "Froschfeld",
      "gender": "n"
    },
    {
      "name": "Teigwinkel",
      "gender": "n"
    },
    {
      "name": "Rehmark",
      "gender": "n"
    },
    {
      "name": "Krautwinkel",
      "gender": "n"
    },
    {
      "name": "Erdbeerang",
      "gender": "n"
    },
    {
      "name": "Brombeerfeld",
      "gender": "n"
    },
    {
      "name": "Pfeifenstein",
      "gender": "m"
    },
    {
      "name": "Wurzelhuf",
      "gender": "n"
    },
    {
      "name": "Kleeheim",
      "gender": "n"
    },
    {
      "name": "Kleeschlag",
      "gender": "n"
    },
    {
      "name": "Pfeifengrund",
      "gender": "n"
    },
    {
      "name": "Hasenfurt",
      "gender": "n"
    },
    {
      "name": "Pilzhain",
      "gender": "m"
    },
    {
      "name": "Hasenfeld",
      "gender": "n"
    },
    {
      "name": "Birnschlag",
      "gender": "n"
    },
    {
      "name": "Froschschlag",
      "gender": "n"
    },
    {
      "name": "Pilzrod",
      "gender": "n"
    },
    {
      "name": "Hasenhain",
      "gender": "m"
    },
    {
      "name": "Rehstedt",
      "gender": "n"
    },
    {
      "name": "Zwiebelruh",
      "gender": "n"
    },
    {
      "name": "Zwiebelstedt",
      "gender": "n"
    },
    {
      "name": "Kleebrück",
      "gender": "n"
    },
    {
      "name": "Gartenhuf",
      "gender": "n"
    },
    {
      "name": "Rehhorst",
      "gender": "n"
    },
    {
      "name": "Hasenhorst",
      "gender": "n"
    },
    {
      "name": "Felderruh",
      "gender": "n"
    },
    {
      "name": "Birnried",
      "gender": "n"
    },
    {
      "name": "Teighuf",
      "gender": "n"
    },
    {
      "name": "Wollemark",
      "gender": "n"
    },
    {
      "name": "Hügeldorf",
      "gender": "n"
    },
    {
      "name": "Kuchenstein",
      "gender": "m"
    },
    {
      "name": "Apfelhain",
      "gender": "m"
    },
    {
      "name": "Kartoffelwiesen",
      "gender": "n"
    },
    {
      "name": "Krautschlag",
      "gender": "n"
    },
    {
      "name": "Hasenbrück",
      "gender": "n"
    },
    {
      "name": "Ahornang",
      "gender": "n"
    },
    {
      "name": "Froschgrund",
      "gender": "n"
    },
    {
      "name": "Bratenbach",
      "gender": "n"
    },
    {
      "name": "Kuchenwiesen",
      "gender": "n"
    },
    {
      "name": "Taubach",
      "gender": "n"
    },
    {
      "name": "Wurzelhügel",
      "gender": "m"
    },
    {
      "name": "Kuchenrast",
      "gender": "n"
    },
    {
      "name": "Waldstedt",
      "gender": "n"
    },
    {
      "name": "Brombeerhufe",
      "gender": "n"
    },
    {
      "name": "Sonnbrück",
      "gender": "n"
    },
    {
      "name": "Birntal",
      "gender": "n"
    },
    {
      "name": "Hainang",
      "gender": "n"
    },
    {
      "name": "Wollewiesen",
      "gender": "n"
    },
    {
      "name": "Moorstedt",
      "gender": "n"
    },
    {
      "name": "Hofhuf",
      "gender": "n"
    },
    {
      "name": "Krauthügel",
      "gender": "m"
    },
    {
      "name": "Brombeerschlag",
      "gender": "n"
    },
    {
      "name": "Backrast",
      "gender": "n"
    },
    {
      "name": "Bienenried",
      "gender": "n"
    },
    {
      "name": "Hasenanger",
      "gender": "n"
    },
    {
      "name": "Wurzelgrund",
      "gender": "n"
    },
    {
      "name": "Zwiebelbach",
      "gender": "n"
    },
    {
      "name": "Kleehufe",
      "gender": "n"
    },
    {
      "name": "Gartenfurt",
      "gender": "n"
    },
    {
      "name": "Haselweiler",
      "gender": "n"
    },
    {
      "name": "Hirschwiesen",
      "gender": "n"
    },
    {
      "name": "Bachfurt",
      "gender": "n"
    },
    {
      "name": "Felderhain",
      "gender": "m"
    },
    {
      "name": "Kesselbach",
      "gender": "n"
    },
    {
      "name": "Birnwinkel",
      "gender": "n"
    },
    {
      "name": "Eichenhof",
      "gender": "n"
    },
    {
      "name": "Hügelrod",
      "gender": "n"
    },
    {
      "name": "Haselmark",
      "gender": "n"
    },
    {
      "name": "Birnmark",
      "gender": "n"
    },
    {
      "name": "Winkelbach",
      "gender": "n"
    },
    {
      "name": "Wiesestedt",
      "gender": "n"
    },
    {
      "name": "Zwiebelweiler",
      "gender": "n"
    },
    {
      "name": "Pflaumenmark",
      "gender": "n"
    },
    {
      "name": "Mühlenhorst",
      "gender": "n"
    },
    {
      "name": "Erdbeerdorf",
      "gender": "n"
    },
    {
      "name": "Krauthufe",
      "gender": "n"
    },
    {
      "name": "Rehach",
      "gender": "n"
    },
    {
      "name": "Teichruh",
      "gender": "n"
    },
    {
      "name": "Rübenmark",
      "gender": "n"
    },
    {
      "name": "Winkelach",
      "gender": "n"
    },
    {
      "name": "Haselhain",
      "gender": "m"
    },
    {
      "name": "Hügelhof",
      "gender": "n"
    },
    {
      "name": "Wiesehof",
      "gender": "n"
    },
    {
      "name": "Haintal",
      "gender": "n"
    },
    {
      "name": "Kuchenkamp",
      "gender": "n"
    },
    {
      "name": "Erdbeerwiesen",
      "gender": "n"
    },
    {
      "name": "Wurzeltal",
      "gender": "n"
    },
    {
      "name": "Birnang",
      "gender": "n"
    },
    {
      "name": "Weinbergwinkel",
      "gender": "n"
    },
    {
      "name": "Krauthof",
      "gender": "n"
    },
    {
      "name": "Teigstedt",
      "gender": "n"
    },
    {
      "name": "Beerenried",
      "gender": "n"
    },
    {
      "name": "Rübenfurt",
      "gender": "n"
    },
    {
      "name": "Hirschschlag",
      "gender": "n"
    },
    {
      "name": "Pflaumenweiler",
      "gender": "n"
    },
    {
      "name": "Zwiebelhuf",
      "gender": "n"
    },
    {
      "name": "Rübenstedt",
      "gender": "n"
    },
    {
      "name": "Teigrast",
      "gender": "n"
    },
    {
      "name": "Weinbergrast",
      "gender": "n"
    },
    {
      "name": "Pfeifenach",
      "gender": "n"
    },
    {
      "name": "Sonnort",
      "gender": "n"
    },
    {
      "name": "Rübenkamp",
      "gender": "n"
    },
    {
      "name": "Ahornwiesen",
      "gender": "n"
    },
    {
      "name": "Gartenwiesen",
      "gender": "n"
    },
    {
      "name": "Ahorngrund",
      "gender": "n"
    },
    {
      "name": "Erdbeerstein",
      "gender": "m"
    },
    {
      "name": "Teichort",
      "gender": "n"
    },
    {
      "name": "Wurzelanger",
      "gender": "n"
    },
    {
      "name": "Mühlenkamp",
      "gender": "n"
    },
    {
      "name": "Wurzelmark",
      "gender": "n"
    },
    {
      "name": "Kuchenhain",
      "gender": "m"
    },
    {
      "name": "Lindenhuf",
      "gender": "n"
    },
    {
      "name": "Rehhof",
      "gender": "n"
    },
    {
      "name": "Hirschfurt",
      "gender": "n"
    },
    {
      "name": "Kesselschlag",
      "gender": "n"
    },
    {
      "name": "Waldbach",
      "gender": "n"
    },
    {
      "name": "Weinberghain",
      "gender": "m"
    },
    {
      "name": "Rehstein",
      "gender": "m"
    },
    {
      "name": "Tauhufe",
      "gender": "n"
    },
    {
      "name": "Kleehain",
      "gender": "m"
    },
    {
      "name": "Ahornort",
      "gender": "n"
    },
    {
      "name": "Eichenruh",
      "gender": "n"
    },
    {
      "name": "Zwiebelschlag",
      "gender": "n"
    },
    {
      "name": "Wiesehorst",
      "gender": "n"
    },
    {
      "name": "Haselhorst",
      "gender": "n"
    },
    {
      "name": "Hügelried",
      "gender": "n"
    },
    {
      "name": "Lindenfurt",
      "gender": "n"
    },
    {
      "name": "Pfeifenhuf",
      "gender": "n"
    },
    {
      "name": "Bratenkamp",
      "gender": "n"
    },
    {
      "name": "Hainach",
      "gender": "n"
    },
    {
      "name": "Pfeifenwiesen",
      "gender": "n"
    },
    {
      "name": "Taubrück",
      "gender": "n"
    },
    {
      "name": "Teichdorf",
      "gender": "n"
    },
    {
      "name": "Krauthain",
      "gender": "m"
    },
    {
      "name": "Hirschhuf",
      "gender": "n"
    },
    {
      "name": "Hügelfurt",
      "gender": "n"
    },
    {
      "name": "Pilzau",
      "gender": "f"
    },
    {
      "name": "Hirschau",
      "gender": "f"
    },
    {
      "name": "Zwiebelsgrund",
      "gender": "n"
    },
    {
      "name": "Bachrast",
      "gender": "n"
    },
    {
      "name": "Weinbergried",
      "gender": "n"
    },
    {
      "name": "Felderschlag",
      "gender": "n"
    },
    {
      "name": "Hofdorf",
      "gender": "n"
    },
    {
      "name": "Rehhain",
      "gender": "m"
    },
    {
      "name": "Moorhügel",
      "gender": "m"
    },
    {
      "name": "Hasenang",
      "gender": "n"
    },
    {
      "name": "Bratenau",
      "gender": "f"
    },
    {
      "name": "Ahornach",
      "gender": "n"
    },
    {
      "name": "Erdbeerhufe",
      "gender": "n"
    },
    {
      "name": "Bienental",
      "gender": "n"
    },
    {
      "name": "Pflaumenbach",
      "gender": "n"
    },
    {
      "name": "Pilztal",
      "gender": "n"
    },
    {
      "name": "Apfelstein",
      "gender": "m"
    },
    {
      "name": "Gartenhain",
      "gender": "m"
    },
    {
      "name": "Kartoffelstedt",
      "gender": "n"
    },
    {
      "name": "Rübenrod",
      "gender": "n"
    },
    {
      "name": "Teichkamp",
      "gender": "n"
    },
    {
      "name": "Kartoffelanger",
      "gender": "n"
    },
    {
      "name": "Froschsgrund",
      "gender": "n"
    },
    {
      "name": "Bienenrod",
      "gender": "n"
    },
    {
      "name": "Kuchenhof",
      "gender": "n"
    },
    {
      "name": "Hügelhufe",
      "gender": "n"
    },
    {
      "name": "Rübenweiler",
      "gender": "n"
    },
    {
      "name": "Lindental",
      "gender": "n"
    },
    {
      "name": "Zwiebelfeld",
      "gender": "n"
    },
    {
      "name": "Wollebach",
      "gender": "n"
    },
    {
      "name": "Felderort",
      "gender": "n"
    },
    {
      "name": "Pfeifenhain",
      "gender": "m"
    },
    {
      "name": "Eichenhuf",
      "gender": "n"
    },
    {
      "name": "Taumark",
      "gender": "n"
    },
    {
      "name": "Kesselbrück",
      "gender": "n"
    },
    {
      "name": "Moorort",
      "gender": "n"
    },
    {
      "name": "Kleefurt",
      "gender": "n"
    },
    {
      "name": "Eichenort",
      "gender": "n"
    },
    {
      "name": "Backhuf",
      "gender": "n"
    },
    {
      "name": "Hasensgrund",
      "gender": "n"
    },
    {
      "name": "Bachhof",
      "gender": "n"
    },
    {
      "name": "Wurzelhufe",
      "gender": "n"
    },
    {
      "name": "Bratenstedt",
      "gender": "n"
    },
    {
      "name": "Winkelkamp",
      "gender": "n"
    },
    {
      "name": "Waldhof",
      "gender": "n"
    },
    {
      "name": "Wurzelbach",
      "gender": "n"
    },
    {
      "name": "Sonnfurt",
      "gender": "n"
    },
    {
      "name": "Backhügel",
      "gender": "m"
    },
    {
      "name": "Krautgrund",
      "gender": "n"
    },
    {
      "name": "Froschhügel",
      "gender": "m"
    },
    {
      "name": "Kuchenhufe",
      "gender": "n"
    },
    {
      "name": "Hirschrod",
      "gender": "n"
    },
    {
      "name": "Schildach",
      "gender": "n"
    },
    {
      "name": "Teichhorst",
      "gender": "n"
    },
    {
      "name": "Haselried",
      "gender": "n"
    },
    {
      "name": "Lindenau",
      "gender": "f"
    },
    {
      "name": "Birnruh",
      "gender": "n"
    },
    {
      "name": "Hainhügel",
      "gender": "m"
    },
    {
      "name": "Moorheim",
      "gender": "n"
    },
    {
      "name": "Birnhügel",
      "gender": "m"
    },
    {
      "name": "Krautkamp",
      "gender": "n"
    },
    {
      "name": "Erdbeerrod",
      "gender": "n"
    },
    {
      "name": "Hainwinkel",
      "gender": "n"
    },
    {
      "name": "Backhain",
      "gender": "m"
    },
    {
      "name": "Teiganger",
      "gender": "n"
    },
    {
      "name": "Lindenhof",
      "gender": "n"
    },
    {
      "name": "Wiesewinkel",
      "gender": "n"
    },
    {
      "name": "Apfelstedt",
      "gender": "n"
    },
    {
      "name": "Teichried",
      "gender": "n"
    },
    {
      "name": "Sonnhain",
      "gender": "m"
    },
    {
      "name": "Moorach",
      "gender": "n"
    },
    {
      "name": "Hofgrund",
      "gender": "n"
    },
    {
      "name": "Sonnschlag",
      "gender": "n"
    },
    {
      "name": "Felderhorst",
      "gender": "n"
    },
    {
      "name": "Birnau",
      "gender": "f"
    },
    {
      "name": "Hasenau",
      "gender": "f"
    },
    {
      "name": "Beerenanger",
      "gender": "n"
    },
    {
      "name": "Bachbach",
      "gender": "n"
    },
    {
      "name": "Brombeerhuf",
      "gender": "n"
    },
    {
      "name": "Tauwiesen",
      "gender": "n"
    },
    {
      "name": "Haingrund",
      "gender": "n"
    },
    {
      "name": "Krautach",
      "gender": "n"
    },
    {
      "name": "Gartenwinkel",
      "gender": "n"
    },
    {
      "name": "Pilzmark",
      "gender": "n"
    },
    {
      "name": "Pflaumenfurt",
      "gender": "n"
    },
    {
      "name": "Hofruh",
      "gender": "n"
    },
    {
      "name": "Backdorf",
      "gender": "n"
    },
    {
      "name": "Backfurt",
      "gender": "n"
    },
    {
      "name": "Bienenhorst",
      "gender": "n"
    },
    {
      "name": "Birnweiler",
      "gender": "n"
    },
    {
      "name": "Wiesesgrund",
      "gender": "n"
    },
    {
      "name": "Beerenrast",
      "gender": "n"
    },
    {
      "name": "Gartental",
      "gender": "n"
    },
    {
      "name": "Hügelweiler",
      "gender": "n"
    },
    {
      "name": "Beerenheim",
      "gender": "n"
    },
    {
      "name": "Hasengrund",
      "gender": "n"
    },
    {
      "name": "Taustein",
      "gender": "m"
    },
    {
      "name": "Bachsgrund",
      "gender": "n"
    },
    {
      "name": "Eichenried",
      "gender": "n"
    },
    {
      "name": "Gartenort",
      "gender": "n"
    },
    {
      "name": "Erdbeergrund",
      "gender": "n"
    },
    {
      "name": "Eichenfurt",
      "gender": "n"
    },
    {
      "name": "Schildhufe",
      "gender": "n"
    },
    {
      "name": "Krautruh",
      "gender": "n"
    },
    {
      "name": "Teichwinkel",
      "gender": "n"
    },
    {
      "name": "Erdbeersgrund",
      "gender": "n"
    },
    {
      "name": "Hofhain",
      "gender": "m"
    },
    {
      "name": "Krautweiler",
      "gender": "n"
    },
    {
      "name": "Ahornrast",
      "gender": "n"
    },
    {
      "name": "Tauruh",
      "gender": "n"
    },
    {
      "name": "Bienenbrück",
      "gender": "n"
    },
    {
      "name": "Sonnstedt",
      "gender": "n"
    },
    {
      "name": "Bienenruh",
      "gender": "n"
    },
    {
      "name": "Waldhorst",
      "gender": "n"
    },
    {
      "name": "Hainhain",
      "gender": "m"
    },
    {
      "name": "Haselrast",
      "gender": "n"
    },
    {
      "name": "Rehkamp",
      "gender": "n"
    },
    {
      "name": "Kuchenschlag",
      "gender": "n"
    },
    {
      "name": "Tauhain",
      "gender": "m"
    },
    {
      "name": "Wiesehain",
      "gender": "m"
    },
    {
      "name": "Beerenfurt",
      "gender": "n"
    },
    {
      "name": "Teigruh",
      "gender": "n"
    },
    {
      "name": "Pflaumenang",
      "gender": "n"
    },
    {
      "name": "Moorbrück",
      "gender": "n"
    },
    {
      "name": "Winkelschlag",
      "gender": "n"
    },
    {
      "name": "Rübenbach",
      "gender": "n"
    },
    {
      "name": "Teichbrück",
      "gender": "n"
    },
    {
      "name": "Wurzelstedt",
      "gender": "n"
    },
    {
      "name": "Winkelheim",
      "gender": "n"
    },
    {
      "name": "Sonngrund",
      "gender": "n"
    },
    {
      "name": "Erdbeeranger",
      "gender": "n"
    },
    {
      "name": "Bienenort",
      "gender": "n"
    },
    {
      "name": "Winkelried",
      "gender": "n"
    },
    {
      "name": "Gartenbrück",
      "gender": "n"
    },
    {
      "name": "Weinbergort",
      "gender": "n"
    },
    {
      "name": "Haselfurt",
      "gender": "n"
    },
    {
      "name": "Hasenhuf",
      "gender": "n"
    },
    {
      "name": "Bratengrund",
      "gender": "n"
    },
    {
      "name": "Waldried",
      "gender": "n"
    },
    {
      "name": "Hügelmark",
      "gender": "n"
    },
    {
      "name": "Rehdorf",
      "gender": "n"
    },
    {
      "name": "Hainau",
      "gender": "f"
    },
    {
      "name": "Beerenort",
      "gender": "n"
    },
    {
      "name": "Mühlenbach",
      "gender": "n"
    },
    {
      "name": "Haselschlag",
      "gender": "n"
    },
    {
      "name": "Mühlenried",
      "gender": "n"
    },
    {
      "name": "Brombeerau",
      "gender": "f"
    },
    {
      "name": "Wollestedt",
      "gender": "n"
    },
    {
      "name": "Pflaumenwiesen",
      "gender": "n"
    },
    {
      "name": "Krautheim",
      "gender": "n"
    },
    {
      "name": "Ahornkamp",
      "gender": "n"
    },
    {
      "name": "Schildried",
      "gender": "n"
    },
    {
      "name": "Haselrod",
      "gender": "n"
    },
    {
      "name": "Bachmark",
      "gender": "n"
    },
    {
      "name": "Ahornbrück",
      "gender": "n"
    },
    {
      "name": "Hasenruh",
      "gender": "n"
    },
    {
      "name": "Kleehof",
      "gender": "n"
    },
    {
      "name": "Eichendorf",
      "gender": "n"
    },
    {
      "name": "Teichsgrund",
      "gender": "n"
    },
    {
      "name": "Rübenruh",
      "gender": "n"
    },
    {
      "name": "Wiesebach",
      "gender": "n"
    },
    {
      "name": "Wiesetal",
      "gender": "n"
    },
    {
      "name": "Apfelau",
      "gender": "f"
    },
    {
      "name": "Kuchensgrund",
      "gender": "n"
    },
    {
      "name": "Winkelhuf",
      "gender": "n"
    },
    {
      "name": "Kartoffelbach",
      "gender": "n"
    },
    {
      "name": "Hirschtal",
      "gender": "n"
    },
    {
      "name": "Teigang",
      "gender": "n"
    },
    {
      "name": "Hainhufe",
      "gender": "n"
    },
    {
      "name": "Apfelrod",
      "gender": "n"
    },
    {
      "name": "Kleekamp",
      "gender": "n"
    },
    {
      "name": "Zwiebelhain",
      "gender": "m"
    },
    {
      "name": "Waldweiler",
      "gender": "n"
    },
    {
      "name": "Kartoffelfurt",
      "gender": "n"
    },
    {
      "name": "Schildau",
      "gender": "f"
    },
    {
      "name": "Hasenstedt",
      "gender": "n"
    },
    {
      "name": "Eichenstedt",
      "gender": "n"
    },
    {
      "name": "Birnsgrund",
      "gender": "n"
    },
    {
      "name": "Beerenrod",
      "gender": "n"
    },
    {
      "name": "Teigwiesen",
      "gender": "n"
    },
    {
      "name": "Rehhufe",
      "gender": "n"
    },
    {
      "name": "Krautort",
      "gender": "n"
    },
    {
      "name": "Zwiebelau",
      "gender": "f"
    },
    {
      "name": "Pflaumenhof",
      "gender": "n"
    },
    {
      "name": "Apfelfurt",
      "gender": "n"
    },
    {
      "name": "Wurzelhain",
      "gender": "m"
    },
    {
      "name": "Feldersgrund",
      "gender": "n"
    },
    {
      "name": "Teichhain",
      "gender": "m"
    },
    {
      "name": "Hasenrod",
      "gender": "n"
    },
    {
      "name": "Brombeerang",
      "gender": "n"
    },
    {
      "name": "Winkeltal",
      "gender": "n"
    },
    {
      "name": "Waldmark",
      "gender": "n"
    },
    {
      "name": "Wolledorf",
      "gender": "n"
    },
    {
      "name": "Erdbeermark",
      "gender": "n"
    },
    {
      "name": "Erdbeerhügel",
      "gender": "m"
    },
    {
      "name": "Bachwinkel",
      "gender": "n"
    },
    {
      "name": "Eichengrund",
      "gender": "n"
    },
    {
      "name": "Apfelschlag",
      "gender": "n"
    },
    {
      "name": "Teichfeld",
      "gender": "n"
    },
    {
      "name": "Froschang",
      "gender": "m"
    },
    {
      "name": "Weinbergdorf",
      "gender": "n"
    },
    {
      "name": "Wieseweiler",
      "gender": "n"
    },
    {
      "name": "Birnhain",
      "gender": "m"
    },
    {
      "name": "Wurzelfurt",
      "gender": "n"
    },
    {
      "name": "Wiesemark",
      "gender": "n"
    },
    {
      "name": "Lindenschlag",
      "gender": "n"
    },
    {
      "name": "Kesselanger",
      "gender": "n"
    },
    {
      "name": "Waldrast",
      "gender": "n"
    },
    {
      "name": "Winkelang",
      "gender": "n"
    },
    {
      "name": "Hirschhain",
      "gender": "m"
    },
    {
      "name": "Sonnmark",
      "gender": "n"
    },
    {
      "name": "Rübendorf",
      "gender": "n"
    },
    {
      "name": "Teigheim",
      "gender": "n"
    },
    {
      "name": "Beerenhügel",
      "gender": "m"
    },
    {
      "name": "Apfelmark",
      "gender": "n"
    },
    {
      "name": "Bachrod",
      "gender": "n"
    },
    {
      "name": "Haselhügel",
      "gender": "m"
    },
    {
      "name": "Krautstein",
      "gender": "m"
    },
    {
      "name": "Hasenweiler",
      "gender": "n"
    },
    {
      "name": "Teighain",
      "gender": "m"
    },
    {
      "name": "Gartendorf",
      "gender": "n"
    },
    {
      "name": "Teichmark",
      "gender": "n"
    },
    {
      "name": "Hasenhügel",
      "gender": "m"
    },
    {
      "name": "Wieseruh",
      "gender": "n"
    },
    {
      "name": "Wollerast",
      "gender": "n"
    },
    {
      "name": "Gartenhorst",
      "gender": "n"
    },
    {
      "name": "Froschanger",
      "gender": "n"
    },
    {
      "name": "Hirschort",
      "gender": "n"
    },
    {
      "name": "Zwiebelgrund",
      "gender": "n"
    },
    {
      "name": "Hofkamp",
      "gender": "n"
    },
    {
      "name": "Eichenbach",
      "gender": "n"
    },
    {
      "name": "Sonnfeld",
      "gender": "n"
    },
    {
      "name": "Ahornsgrund",
      "gender": "n"
    },
    {
      "name": "Kesselried",
      "gender": "n"
    },
    {
      "name": "Kartoffelsgrund",
      "gender": "n"
    },
    {
      "name": "Pilzgrund",
      "gender": "n"
    },
    {
      "name": "Rübenanger",
      "gender": "n"
    },
    {
      "name": "Bachhuf",
      "gender": "n"
    },
    {
      "name": "Wiesehügel",
      "gender": "m"
    },
    {
      "name": "Feldertal",
      "gender": "n"
    },
    {
      "name": "Wurzelbrück",
      "gender": "n"
    },
    {
      "name": "Wiesefeld",
      "gender": "n"
    },
    {
      "name": "Rübenbrück",
      "gender": "n"
    },
    {
      "name": "Gartenbach",
      "gender": "n"
    },
    {
      "name": "Teichtal",
      "gender": "n"
    },
    {
      "name": "Backanger",
      "gender": "n"
    },
    {
      "name": "Apfelhügel",
      "gender": "m"
    },
    {
      "name": "Erdbeerruh",
      "gender": "n"
    },
    {
      "name": "Weinbergstein",
      "gender": "m"
    },
    {
      "name": "Zwiebelwiesen",
      "gender": "n"
    },
    {
      "name": "Hofang",
      "gender": "n"
    },
    {
      "name": "Apfelach",
      "gender": "n"
    },
    {
      "name": "Teigbrück",
      "gender": "n"
    },
    {
      "name": "Hasendorf",
      "gender": "n"
    },
    {
      "name": "Bratenhain",
      "gender": "m"
    },
    {
      "name": "Teichhufe",
      "gender": "n"
    },
    {
      "name": "Rehheim",
      "gender": "n"
    },
    {
      "name": "Kartoffelschlag",
      "gender": "n"
    },
    {
      "name": "Erdbeerwinkel",
      "gender": "n"
    },
    {
      "name": "Mühlenfurt",
      "gender": "n"
    },
    {
      "name": "Birngrund",
      "gender": "n"
    },
    {
      "name": "Ahornstedt",
      "gender": "n"
    },
    {
      "name": "Hirschang",
      "gender": "m"
    },
    {
      "name": "Haselbach",
      "gender": "n"
    },
    {
      "name": "Birnrod",
      "gender": "n"
    },
    {
      "name": "Taudorf",
      "gender": "n"
    },
    {
      "name": "Gartenried",
      "gender": "n"
    },
    {
      "name": "Wurzelwinkel",
      "gender": "n"
    },
    {
      "name": "Bratendorf",
      "gender": "n"
    },
    {
      "name": "Beerenbrück",
      "gender": "n"
    },
    {
      "name": "Moorgrund",
      "gender": "n"
    },
    {
      "name": "Pfeifenried",
      "gender": "n"
    },
    {
      "name": "Pfeifenstedt",
      "gender": "n"
    },
    {
      "name": "Winkelrod",
      "gender": "n"
    },
    {
      "name": "Brombeerrod",
      "gender": "n"
    },
    {
      "name": "Pflaumenhuf",
      "gender": "n"
    },
    {
      "name": "Pilzort",
      "gender": "n"
    },
    {
      "name": "Hirschrast",
      "gender": "n"
    },
    {
      "name": "Froschried",
      "gender": "n"
    },
    {
      "name": "Wiesebrück",
      "gender": "n"
    },
    {
      "name": "Bachried",
      "gender": "n"
    },
    {
      "name": "Sonnau",
      "gender": "f"
    },
    {
      "name": "Kartoffelruh",
      "gender": "n"
    },
    {
      "name": "Kleedorf",
      "gender": "n"
    },
    {
      "name": "Bienenhuf",
      "gender": "n"
    },
    {
      "name": "Eichenmark",
      "gender": "n"
    },
    {
      "name": "Hofach",
      "gender": "n"
    },
    {
      "name": "Moortal",
      "gender": "n"
    },
    {
      "name": "Backstein",
      "gender": "m"
    },
    {
      "name": "Lindenbrück",
      "gender": "n"
    },
    {
      "name": "Froschdorf",
      "gender": "n"
    },
    {
      "name": "Apfeltal",
      "gender": "n"
    },
    {
      "name": "Krautmark",
      "gender": "n"
    },
    {
      "name": "Hügelstein",
      "gender": "m"
    },
    {
      "name": "Moorbach",
      "gender": "n"
    },
    {
      "name": "Kuchenmark",
      "gender": "n"
    },
    {
      "name": "Schildort",
      "gender": "n"
    },
    {
      "name": "Mühlenhuf",
      "gender": "n"
    },
    {
      "name": "Felderstein",
      "gender": "m"
    },
    {
      "name": "Sonntal",
      "gender": "n"
    },
    {
      "name": "Mühlenheim",
      "gender": "n"
    },
    {
      "name": "Kesselang",
      "gender": "n"
    },
    {
      "name": "Krautfurt",
      "gender": "n"
    },
    {
      "name": "Apfelsgrund",
      "gender": "n"
    },
    {
      "name": "Pilzweiler",
      "gender": "n"
    },
    {
      "name": "Wiesefurt",
      "gender": "n"
    },
    {
      "name": "Ahornheim",
      "gender": "n"
    },
    {
      "name": "Kartoffelgrund",
      "gender": "n"
    },
    {
      "name": "Hainwiesen",
      "gender": "n"
    },
    {
      "name": "Erdbeerbach",
      "gender": "n"
    },
    {
      "name": "Lindenach",
      "gender": "n"
    },
    {
      "name": "Hofrast",
      "gender": "n"
    },
    {
      "name": "Moorrast",
      "gender": "n"
    },
    {
      "name": "Wollefeld",
      "gender": "n"
    },
    {
      "name": "Wieserast",
      "gender": "n"
    },
    {
      "name": "Brombeerruh",
      "gender": "n"
    },
    {
      "name": "Teichschlag",
      "gender": "n"
    },
    {
      "name": "Wiesegrund",
      "gender": "n"
    },
    {
      "name": "Hasenhof",
      "gender": "n"
    },
    {
      "name": "Hainheim",
      "gender": "n"
    },
    {
      "name": "Pflaumenwinkel",
      "gender": "n"
    },
    {
      "name": "Krautau",
      "gender": "f"
    },
    {
      "name": "Birnbach",
      "gender": "n"
    },
    {
      "name": "Lindenweiler",
      "gender": "n"
    },
    {
      "name": "Bachschlag",
      "gender": "n"
    },
    {
      "name": "Lindenhorst",
      "gender": "n"
    },
    {
      "name": "Hasenrast",
      "gender": "n"
    },
    {
      "name": "Beerenbach",
      "gender": "n"
    },
    {
      "name": "Bienenhügel",
      "gender": "m"
    },
    {
      "name": "Gartenhügel",
      "gender": "m"
    },
    {
      "name": "Hügelanger",
      "gender": "n"
    },
    {
      "name": "Zwiebelort",
      "gender": "n"
    },
    {
      "name": "Wolletal",
      "gender": "n"
    },
    {
      "name": "Gartensgrund",
      "gender": "n"
    },
    {
      "name": "Eichenau",
      "gender": "f"
    },
    {
      "name": "Winkelhof",
      "gender": "n"
    },
    {
      "name": "Wurzelruh",
      "gender": "n"
    },
    {
      "name": "Kleeried",
      "gender": "n"
    },
    {
      "name": "Rübenfeld",
      "gender": "n"
    },
    {
      "name": "Kesselgrund",
      "gender": "n"
    },
    {
      "name": "Kartoffelmark",
      "gender": "n"
    },
    {
      "name": "Hainbach",
      "gender": "n"
    },
    {
      "name": "Hainschlag",
      "gender": "n"
    },
    {
      "name": "Hasental",
      "gender": "n"
    },
    {
      "name": "Kleeach",
      "gender": "n"
    },
    {
      "name": "Brombeertal",
      "gender": "n"
    },
    {
      "name": "Krauthorst",
      "gender": "n"
    },
    {
      "name": "Wollebrück",
      "gender": "n"
    },
    {
      "name": "Kartoffelried",
      "gender": "n"
    },
    {
      "name": "Beerental",
      "gender": "n"
    },
    {
      "name": "Birnkamp",
      "gender": "n"
    },
    {
      "name": "Lindengrund",
      "gender": "n"
    },
    {
      "name": "Kartoffeltal",
      "gender": "n"
    },
    {
      "name": "Tauschlag",
      "gender": "n"
    },
    {
      "name": "Kleebach",
      "gender": "n"
    },
    {
      "name": "Apfelwiesen",
      "gender": "n"
    },
    {
      "name": "Rehgrund",
      "gender": "n"
    },
    {
      "name": "Hügelheim",
      "gender": "n"
    },
    {
      "name": "Krautwiesen",
      "gender": "n"
    },
    {
      "name": "Hofmark",
      "gender": "n"
    },
    {
      "name": "Haselkamp",
      "gender": "n"
    },
    {
      "name": "Bachach",
      "gender": "n"
    },
    {
      "name": "Wurzelstein",
      "gender": "m"
    },
    {
      "name": "Ahornfeld",
      "gender": "n"
    },
    {
      "name": "Brombeerried",
      "gender": "n"
    },
    {
      "name": "Hügelfeld",
      "gender": "n"
    },
    {
      "name": "Teichau",
      "gender": "f"
    },
    {
      "name": "Schildruh",
      "gender": "n"
    },
    {
      "name": "Hügelhorst",
      "gender": "n"
    },
    {
      "name": "Waldhain",
      "gender": "m"
    },
    {
      "name": "Schildhuf",
      "gender": "n"
    },
    {
      "name": "Tauhorst",
      "gender": "n"
    },
    {
      "name": "Pilzhufe",
      "gender": "n"
    },
    {
      "name": "Bienendorf",
      "gender": "n"
    },
    {
      "name": "Teichfurt",
      "gender": "n"
    },
    {
      "name": "Kesselrod",
      "gender": "n"
    },
    {
      "name": "Erdbeerhof",
      "gender": "n"
    },
    {
      "name": "Kuchenheim",
      "gender": "n"
    },
    {
      "name": "Felderweiler",
      "gender": "n"
    },
    {
      "name": "Backhof",
      "gender": "n"
    },
    {
      "name": "Bratenach",
      "gender": "n"
    },
    {
      "name": "Hofstedt",
      "gender": "n"
    },
    {
      "name": "Tausgrund",
      "gender": "n"
    },
    {
      "name": "Sonnrast",
      "gender": "n"
    },
    {
      "name": "Pfeifenbrück",
      "gender": "n"
    },
    {
      "name": "Wiesestein",
      "gender": "m"
    },
    {
      "name": "Schildmark",
      "gender": "n"
    },
    {
      "name": "Hirschanger",
      "gender": "n"
    },
    {
      "name": "Brombeerkamp",
      "gender": "n"
    },
    {
      "name": "Kesselhof",
      "gender": "n"
    },
    {
      "name": "Rübenort",
      "gender": "n"
    },
    {
      "name": "Backmark",
      "gender": "n"
    },
    {
      "name": "Felderfurt",
      "gender": "n"
    },
    {
      "name": "Hofhorst",
      "gender": "n"
    },
    {
      "name": "Erdbeerrast",
      "gender": "n"
    },
    {
      "name": "Froschmark",
      "gender": "n"
    },
    {
      "name": "Taustedt",
      "gender": "n"
    },
    {
      "name": "Rübenwiesen",
      "gender": "n"
    },
    {
      "name": "Schildrast",
      "gender": "n"
    },
    {
      "name": "Teichweiler",
      "gender": "n"
    },
    {
      "name": "Kartoffelhufe",
      "gender": "n"
    },
    {
      "name": "Felderdorf",
      "gender": "n"
    },
    {
      "name": "Hirschmark",
      "gender": "n"
    },
    {
      "name": "Hasenhufe",
      "gender": "n"
    },
    {
      "name": "Eichenkamp",
      "gender": "n"
    },
    {
      "name": "Schildbrück",
      "gender": "n"
    },
    {
      "name": "Bachstein",
      "gender": "m"
    },
    {
      "name": "Ahornhufe",
      "gender": "n"
    },
    {
      "name": "Kleeanger",
      "gender": "n"
    },
    {
      "name": "Birnort",
      "gender": "n"
    },
    {
      "name": "Wieseach",
      "gender": "n"
    },
    {
      "name": "Wolleort",
      "gender": "n"
    },
    {
      "name": "Eichenanger",
      "gender": "n"
    },
    {
      "name": "Teigschlag",
      "gender": "n"
    },
    {
      "name": "Pflaumengrund",
      "gender": "n"
    },
    {
      "name": "Teigfeld",
      "gender": "n"
    },
    {
      "name": "Wurzelau",
      "gender": "f"
    },
    {
      "name": "Wiesedorf",
      "gender": "n"
    },
    {
      "name": "Felderheim",
      "gender": "n"
    },
    {
      "name": "Zwiebelrod",
      "gender": "n"
    },
    {
      "name": "Waldau",
      "gender": "f"
    },
    {
      "name": "Bachruh",
      "gender": "n"
    },
    {
      "name": "Waldgrund",
      "gender": "n"
    },
    {
      "name": "Krautanger",
      "gender": "n"
    },
    {
      "name": "Pflaumenort",
      "gender": "n"
    },
    {
      "name": "Waldwinkel",
      "gender": "n"
    },
    {
      "name": "Kuchenwinkel",
      "gender": "n"
    },
    {
      "name": "Bienenheim",
      "gender": "n"
    },
    {
      "name": "Weinbergach",
      "gender": "n"
    },
    {
      "name": "Weinbergang",
      "gender": "n"
    },
    {
      "name": "Bratenschlag",
      "gender": "n"
    },
    {
      "name": "Kleerod",
      "gender": "n"
    },
    {
      "name": "Haselanger",
      "gender": "n"
    },
    {
      "name": "Lindendorf",
      "gender": "n"
    },
    {
      "name": "Gartenschlag",
      "gender": "n"
    },
    {
      "name": "Tauried",
      "gender": "n"
    },
    {
      "name": "Hirschstein",
      "gender": "m"
    },
    {
      "name": "Winkelstein",
      "gender": "m"
    },
    {
      "name": "Birnrast",
      "gender": "n"
    },
    {
      "name": "Eichenrod",
      "gender": "n"
    },
    {
      "name": "Winkelfurt",
      "gender": "n"
    },
    {
      "name": "Rübenhorst",
      "gender": "n"
    },
    {
      "name": "Wurzelried",
      "gender": "n"
    },
    {
      "name": "Pilzach",
      "gender": "n"
    },
    {
      "name": "Wurzelsgrund",
      "gender": "n"
    },
    {
      "name": "Backheim",
      "gender": "n"
    },
    {
      "name": "Gartenfeld",
      "gender": "n"
    },
    {
      "name": "Moorhufe",
      "gender": "n"
    },
    {
      "name": "Pflaumenruh",
      "gender": "n"
    },
    {
      "name": "Hainkamp",
      "gender": "n"
    },
    {
      "name": "Mühlenwinkel",
      "gender": "n"
    },
    {
      "name": "Kuchenhügel",
      "gender": "m"
    },
    {
      "name": "Erdbeerheim",
      "gender": "n"
    },
    {
      "name": "Mühlenstein",
      "gender": "m"
    },
    {
      "name": "Eichenrast",
      "gender": "n"
    },
    {
      "name": "Bienenkamp",
      "gender": "n"
    },
    {
      "name": "Hofwiesen",
      "gender": "n"
    },
    {
      "name": "Kuchenort",
      "gender": "n"
    },
    {
      "name": "Gartenrod",
      "gender": "n"
    },
    {
      "name": "Rübengrund",
      "gender": "n"
    },
    {
      "name": "Zwiebelhügel",
      "gender": "m"
    },
    {
      "name": "Pfeifenbach",
      "gender": "n"
    },
    {
      "name": "Kleewiesen",
      "gender": "n"
    },
    {
      "name": "Wieserod",
      "gender": "n"
    },
    {
      "name": "Sonnkamp",
      "gender": "n"
    },
    {
      "name": "Pfeifenrod",
      "gender": "n"
    },
    {
      "name": "Pflaumenach",
      "gender": "n"
    },
    {
      "name": "Pilzstedt",
      "gender": "n"
    },
    {
      "name": "Weinbergfeld",
      "gender": "n"
    },
    {
      "name": "Backgrund",
      "gender": "n"
    },
    {
      "name": "Pilzschlag",
      "gender": "n"
    },
    {
      "name": "Hirschfeld",
      "gender": "n"
    },
    {
      "name": "Bienenfeld",
      "gender": "n"
    },
    {
      "name": "Pilzbrück",
      "gender": "n"
    },
    {
      "name": "Kleemark",
      "gender": "n"
    },
    {
      "name": "Schildang",
      "gender": "n"
    },
    {
      "name": "Felderkamp",
      "gender": "n"
    },
    {
      "name": "Felderwinkel",
      "gender": "n"
    },
    {
      "name": "Lindensgrund",
      "gender": "n"
    },
    {
      "name": "Schilddorf",
      "gender": "n"
    },
    {
      "name": "Krautstedt",
      "gender": "n"
    },
    {
      "name": "Winkelhügel",
      "gender": "m"
    },
    {
      "name": "Pilzhorst",
      "gender": "n"
    },
    {
      "name": "Bachhain",
      "gender": "m"
    },
    {
      "name": "Hofanger",
      "gender": "n"
    },
    {
      "name": "Bienenang",
      "gender": "n"
    },
    {
      "name": "Beerenhain",
      "gender": "m"
    },
    {
      "name": "Haselgrund",
      "gender": "n"
    },
    {
      "name": "Ahornmark",
      "gender": "n"
    },
    {
      "name": "Hügelbach",
      "gender": "n"
    },
    {
      "name": "Brombeerhain",
      "gender": "m"
    },
    {
      "name": "Tautal",
      "gender": "n"
    },
    {
      "name": "Teichbach",
      "gender": "n"
    },
    {
      "name": "Pfeifendorf",
      "gender": "n"
    },
    {
      "name": "Rehang",
      "gender": "m"
    },
    {
      "name": "Haselheim",
      "gender": "n"
    },
    {
      "name": "Waldsgrund",
      "gender": "n"
    },
    {
      "name": "Wolleanger",
      "gender": "n"
    },
    {
      "name": "Wollesgrund",
      "gender": "n"
    },
    {
      "name": "Brombeerbach",
      "gender": "n"
    },
    {
      "name": "Kartoffelort",
      "gender": "n"
    },
    {
      "name": "Pflaumendorf",
      "gender": "n"
    },
    {
      "name": "Bratenweiler",
      "gender": "n"
    },
    {
      "name": "Eichenhügel",
      "gender": "m"
    },
    {
      "name": "Bratenrast",
      "gender": "n"
    },
    {
      "name": "Teigau",
      "gender": "f"
    },
    {
      "name": "Teigfurt",
      "gender": "n"
    },
    {
      "name": "Gartenmark",
      "gender": "n"
    },
    {
      "name": "Brombeerfurt",
      "gender": "n"
    },
    {
      "name": "Schildwinkel",
      "gender": "n"
    },
    {
      "name": "Teichrod",
      "gender": "n"
    },
    {
      "name": "Birnanger",
      "gender": "n"
    },
    {
      "name": "Mühlenstedt",
      "gender": "n"
    },
    {
      "name": "Feldergrund",
      "gender": "n"
    },
    {
      "name": "Pilzfeld",
      "gender": "n"
    },
    {
      "name": "Pfeifenschlag",
      "gender": "n"
    },
    {
      "name": "Waldheim",
      "gender": "n"
    },
    {
      "name": "Pfeifenau",
      "gender": "f"
    },
    {
      "name": "Gartenang",
      "gender": "n"
    },
    {
      "name": "Brombeergrund",
      "gender": "n"
    },
    {
      "name": "Winkelruh",
      "gender": "n"
    },
    {
      "name": "Wieseau",
      "gender": "f"
    },
    {
      "name": "Krautsgrund",
      "gender": "n"
    },
    {
      "name": "Beerenau",
      "gender": "f"
    },
    {
      "name": "Brombeerwiesen",
      "gender": "n"
    },
    {
      "name": "Apfelruh",
      "gender": "n"
    },
    {
      "name": "Hirschhufe",
      "gender": "n"
    },
    {
      "name": "Rehrast",
      "gender": "n"
    },
    {
      "name": "Teichanger",
      "gender": "n"
    },
    {
      "name": "Pilzfurt",
      "gender": "n"
    },
    {
      "name": "Moorweiler",
      "gender": "n"
    },
    {
      "name": "Haselwinkel",
      "gender": "n"
    },
    {
      "name": "Kesselweiler",
      "gender": "n"
    },
    {
      "name": "Teigsgrund",
      "gender": "n"
    },
    {
      "name": "Winkelrast",
      "gender": "n"
    },
    {
      "name": "Sonnried",
      "gender": "n"
    },
    {
      "name": "Pflaumenhain",
      "gender": "m"
    },
    {
      "name": "Eichenach",
      "gender": "n"
    },
    {
      "name": "Bratenheim",
      "gender": "n"
    },
    {
      "name": "Bienengrund",
      "gender": "n"
    },
    {
      "name": "Eichenhorst",
      "gender": "n"
    },
    {
      "name": "Rehhuf",
      "gender": "n"
    },
    {
      "name": "Pilzsgrund",
      "gender": "n"
    },
    {
      "name": "Hirschweiler",
      "gender": "n"
    },
    {
      "name": "Apfelhof",
      "gender": "n"
    },
    {
      "name": "Pflaumental",
      "gender": "n"
    },
    {
      "name": "Birnhuf",
      "gender": "n"
    },
    {
      "name": "Pflaumenhufe",
      "gender": "n"
    },
    {
      "name": "Froschkamp",
      "gender": "n"
    },
    {
      "name": "Tauheim",
      "gender": "n"
    },
    {
      "name": "Kleewinkel",
      "gender": "n"
    },
    {
      "name": "Rübenhof",
      "gender": "n"
    },
    {
      "name": "Wolleach",
      "gender": "n"
    },
    {
      "name": "Weinberghof",
      "gender": "n"
    },
    {
      "name": "Gartenrast",
      "gender": "n"
    },
    {
      "name": "Hainstedt",
      "gender": "n"
    },
    {
      "name": "Kesselfurt",
      "gender": "n"
    },
    {
      "name": "Hirschbach",
      "gender": "n"
    },
    {
      "name": "Bratenried",
      "gender": "n"
    },
    {
      "name": "Haselhuf",
      "gender": "n"
    },
    {
      "name": "Froschheim",
      "gender": "n"
    },
    {
      "name": "Schildschlag",
      "gender": "n"
    },
    {
      "name": "Pflaumenstedt",
      "gender": "n"
    },
    {
      "name": "Wurzelhof",
      "gender": "n"
    },
    {
      "name": "Beerenhufe",
      "gender": "n"
    },
    {
      "name": "Erdbeerach",
      "gender": "n"
    },
    {
      "name": "Lindenbach",
      "gender": "n"
    },
    {
      "name": "Winkelwinkel",
      "gender": "n"
    },
    {
      "name": "Apfeldorf",
      "gender": "n"
    },
    {
      "name": "Bachhügel",
      "gender": "m"
    },
    {
      "name": "Bachstedt",
      "gender": "n"
    },
    {
      "name": "Rübenstein",
      "gender": "m"
    },
    {
      "name": "Erdbeerfurt",
      "gender": "n"
    },
    {
      "name": "Moorschlag",
      "gender": "n"
    },
    {
      "name": "Pflaumenrod",
      "gender": "n"
    },
    {
      "name": "Hofrod",
      "gender": "n"
    },
    {
      "name": "Sonndorf",
      "gender": "n"
    },
    {
      "name": "Teichang",
      "gender": "m"
    },
    {
      "name": "Kartoffeldorf",
      "gender": "n"
    },
    {
      "name": "Sonnbach",
      "gender": "n"
    },
    {
      "name": "Schildheim",
      "gender": "n"
    },
    {
      "name": "Teigstein",
      "gender": "m"
    },
    {
      "name": "Kesselhorst",
      "gender": "n"
    },
    {
      "name": "Eichenschlag",
      "gender": "n"
    },
    {
      "name": "Kuchenruh",
      "gender": "n"
    },
    {
      "name": "Hainhorst",
      "gender": "n"
    },
    {
      "name": "Krautbach",
      "gender": "n"
    },
    {
      "name": "Hofhof",
      "gender": "n"
    },
    {
      "name": "Feldermark",
      "gender": "n"
    },
    {
      "name": "Ahornruh",
      "gender": "n"
    },
    {
      "name": "Bratenwinkel",
      "gender": "n"
    },
    {
      "name": "Hasenmark",
      "gender": "n"
    },
    {
      "name": "Tauach",
      "gender": "n"
    },
    {
      "name": "Froschbrück",
      "gender": "n"
    },
    {
      "name": "Brombeerheim",
      "gender": "n"
    },
    {
      "name": "Lindenheim",
      "gender": "n"
    },
    {
      "name": "Hirschbrück",
      "gender": "n"
    },
    {
      "name": "Teighufe",
      "gender": "n"
    },
    {
      "name": "Zwiebelstein",
      "gender": "m"
    },
    {
      "name": "Hügelrast",
      "gender": "n"
    },
    {
      "name": "Hirschruh",
      "gender": "n"
    },
    {
      "name": "Hainanger",
      "gender": "n"
    },
    {
      "name": "Apfelanger",
      "gender": "n"
    },
    {
      "name": "Wollehuf",
      "gender": "n"
    },
    {
      "name": "Eichenfeld",
      "gender": "n"
    },
    {
      "name": "Birnach",
      "gender": "n"
    },
    {
      "name": "Pfeifenweiler",
      "gender": "n"
    },
    {
      "name": "Froschruh",
      "gender": "n"
    },
    {
      "name": "Kesselwiesen",
      "gender": "n"
    },
    {
      "name": "Pfeifenanger",
      "gender": "n"
    },
    {
      "name": "Winkelau",
      "gender": "f"
    },
    {
      "name": "Rehfurt",
      "gender": "n"
    },
    {
      "name": "Teichach",
      "gender": "n"
    },
    {
      "name": "Froschstedt",
      "gender": "n"
    },
    {
      "name": "Hügelach",
      "gender": "n"
    },
    {
      "name": "Tauau",
      "gender": "f"
    },
    {
      "name": "Bienenau",
      "gender": "f"
    },
    {
      "name": "Winkelweiler",
      "gender": "n"
    },
    {
      "name": "Erdbeerhain",
      "gender": "m"
    },
    {
      "name": "Kesseltal",
      "gender": "n"
    },
    {
      "name": "Winkelmark",
      "gender": "n"
    },
    {
      "name": "Erdbeerstedt",
      "gender": "n"
    },
    {
      "name": "Hügelhuf",
      "gender": "n"
    },
    {
      "name": "Wolleang",
      "gender": "n"
    },
    {
      "name": "Bratenrod",
      "gender": "n"
    },
    {
      "name": "Hofstein",
      "gender": "m"
    },
    {
      "name": "Sonnweiler",
      "gender": "n"
    },
    {
      "name": "Taufurt",
      "gender": "n"
    },
    {
      "name": "Zwiebelkamp",
      "gender": "n"
    },
    {
      "name": "Pflaumenried",
      "gender": "n"
    },
    {
      "name": "Gartenheim",
      "gender": "n"
    },
    {
      "name": "Kartoffelkamp",
      "gender": "n"
    },
    {
      "name": "Zwiebelmark",
      "gender": "n"
    },
    {
      "name": "Tauhof",
      "gender": "n"
    },
    {
      "name": "Pfeifenfurt",
      "gender": "n"
    },
    {
      "name": "Weinbergsgrund",
      "gender": "n"
    },
    {
      "name": "Schildhügel",
      "gender": "m"
    },
    {
      "name": "Wurzelhorst",
      "gender": "n"
    },
    {
      "name": "Kartoffelau",
      "gender": "f"
    },
    {
      "name": "Mühlenfeld",
      "gender": "n"
    },
    {
      "name": "Kesselheim",
      "gender": "n"
    },
    {
      "name": "Rehort",
      "gender": "n"
    },
    {
      "name": "Krauttal",
      "gender": "n"
    },
    {
      "name": "Schildsgrund",
      "gender": "n"
    },
    {
      "name": "Backrod",
      "gender": "n"
    },
    {
      "name": "Beerenhof",
      "gender": "n"
    },
    {
      "name": "Pilzheim",
      "gender": "n"
    },
    {
      "name": "Wurzelort",
      "gender": "n"
    },
    {
      "name": "Hainort",
      "gender": "n"
    },
    {
      "name": "Winkelfeld",
      "gender": "n"
    },
    {
      "name": "Brombeersgrund",
      "gender": "n"
    },
    {
      "name": "Brombeerbrück",
      "gender": "n"
    },
    {
      "name": "Rehruh",
      "gender": "n"
    },
    {
      "name": "Pfeifenruh",
      "gender": "n"
    },
    {
      "name": "Hainbrück",
      "gender": "n"
    },
    {
      "name": "Bienenfurt",
      "gender": "n"
    },
    {
      "name": "Schildgrund",
      "gender": "n"
    },
    {
      "name": "Brombeerstedt",
      "gender": "n"
    },
    {
      "name": "Rehwiesen",
      "gender": "n"
    },
    {
      "name": "Zwiebelach",
      "gender": "n"
    },
    {
      "name": "Hasenheim",
      "gender": "n"
    },
    {
      "name": "Rehbach",
      "gender": "n"
    },
    {
      "name": "Zwiebeltal",
      "gender": "n"
    },
    {
      "name": "Weinbergbach",
      "gender": "n"
    },
    {
      "name": "Sonnach",
      "gender": "n"
    },
    {
      "name": "Hofhügel",
      "gender": "m"
    }
  ]
}