{
  "authors": [
    {
      "name": "munichjake",
      "email": "munichjake@dnd-session.de",
      "url": "https://dnd-session.de",
      "github": "https://github.com/munichjake"
    }
  ],
  "description": "Deutsche Halblinge-Nachnamen",
  "version": "1.0.0",
  "names": [
    "Erdbeerbauer",
    "Buchensteller",
    "Blumeschneider",
    "Käsefreund",
    "Käsemüller",
    "Talerschnitz",
    "Honiggruber",
    "Beerenhändler",
    "Rahmkoch",
    "Krautbräu",
    "Knopfsammler",
    "Wolleheimer",
    "Bienenknecht",
    "Brotträger",
    "Kuchenmacher",
    "Schmiedetaler",
    "Birnenküfer",
    "Taschentöpfer",
    "Pfefferbauch",
    "Gartenhüter",
    "Pflaumenmacher",
    "Birnengruber",
    "Wolleklopfer",
    "Butterpfeifer",
    "Feldrichter",
    "Waldmüller",
    "Salzfinder",
    "Heuhüter",
    "Pfeffertaler",
    "Kirschensteller",
    "Kesselküfer",
    "Glockenbräu",
    "Knopfknecht",
    "Bäckerknecht",
    "Talersinger",
    "Gamshändler",
    "Brotlieb",
    "Weinküfer",
    "Knopfbräu",
    "Kohleklopfer",
    "Weinhüter",
    "Kirschengärtner",
    "Pfeifenheimer",
    "Möhrekoch",
    "Hügelkessel",
    "Holztrunk",
    "Kohlegärtner",
    "Butterweber",
    "Salzgruber",
    "Erdbeerfinder",
    "Waldgruber",
    "Wollebräu",
    "Kesselblender",
    "Rahmschmied",
    "Holztopfer",
    "Gartenbauer",
    "Salzlieb",
    "Salzsammler",
    "Käsesteller",
    "Bäckerschlepper",
    "Glockentopfer",
    "Wolletopfer",
    "Holzbauer",
    "Schaftrunk",
    "Kleebringer",
    "Pflaumensinger",
    "Waldbringer",
    "Eichelküfer",
    "Pflaumenrichter",
    "Knopfmüller",
    "Kuchenhändler",
    "Kleetrunk",
    "Kirschenblender",
    "Waldtöpfer",
    "Gartenweber",
    "Krautschmied",
    "Kleebräu",
    "Pfeifentaler",
    "Bienentaler",
    "Honigmüller",
    "Knopfbäcker",
    "Rahmheimer",
    "Apfeltrunk",
    "Bäckerschmied",
    "Pflaumenfreund",
    "Waldsinger",
    "Nudelweber",
    "Kessellieb",
    "Taschenschneider",
    "Blumehändler",
    "Erdbeerdiener",
    "Salztaler",
    "Pfeifenkoch",
    "Weinmüller",
    "Lehmgruber",
    "Weinträger",
    "Birnenfreund",
    "Brotschnitz",
    "Pflaumenkämmer",
    "Waldtrunk",
    "Blumeblender",
    "Kleeschmied",
    "Pflaumenblender",
    "Möhreschnitz",
    "Rahmkämmer",
    "Bäckerfinder",
    "Bienenlieb",
    "Kuchendiener",
    "Fischetöpfer",
    "Birnengärtner",
    "Beerenbinder",
    "Hügeltöpfer",
    "Pflaumengruber",
    "Gamsbauer",
    "Kesselweber",
    "Milchfinder",
    "Buchenschnitz",
    "Heutrunk",
    "Pfefferdiener",
    "Krauttaler",
    "Hügelmacher",
    "Käsehüter",
    "Wolletrunk",
    "Kohlegruber",
    "Heutopfer",
    "Rahmgärtner",
    "Buchenkämmer",
    "Pfeifenträger",
    "Schuhbringer",
    "Kohlefinder",
    "Talerbäcker",
    "Pilztrunk",
    "Knopfsteller",
    "Kleefuß",
    "Rahmmacher",
    "Heubräu",
    "Schuhfreund",
    "Erdbeergärtner",
    "Käsetöpfer",
    "Talertopfer",
    "Schmiedeklopfer",
    "Buchenschneider",
    "Bäckergärtner",
    "Talerlieb",
    "Karottenträger",
    "Karottensteller",
    "Teigschnitz",
    "Möhrerichter",
    "Schmiedebrauer",
    "Glockenschlepper",
    "Karottenhüter",
    "Erdbeerschlepper",
    "Apfelgärtner",
    "Waldhüter",
    "Wiesensammler",
    "Honigrichter",
    "Pflaumenpfeifer",
    "Kleeblender",
    "Blumeschlepper",
    "Nudelbräu",
    "Eichelrichter",
    "Wiesenpfeifer",
    "Teigkämmer",
    "Bratenmüller",
    "Schuhbäcker",
    "Feldtöpfer",
    "Brothüter",
    "Blumetopfer",
    "Schafbräu",
    "Blumemeister",
    "Lehmschmied",
    "Apfelhändler",
    "Kuchenbäcker",
    "Rahmbäcker",
    "Holzträger",
    "Buchenmacher",
    "Erdbeerbinder",
    "Rahmsteller",
    "Pflaumenweber",
    "Kleepfeifer",
    "Milchschneider",
    "Heubäcker",
    "Butterkämmer",
    "Bäckergruber",
    "Schuhsinger",
    "Pflaumentaler",
    "Lehmbrauer",
    "Eichelbräu",
    "Blumetrunk",
    "Heuschnitz",
    "Kohlebringer",
    "Honigknecht",
    "Knopfweber",
    "Wollegruber",
    "Pilzknecht",
    "Pfeifenküfer",
    "Buchendiener",
    "Kleesammler",
    "Weinschneider",
    "Teigbringer",
    "Rahmpfeifer",
    "Käsekämmer",
    "Kleeschneider",
    "Taschenheimer",
    "Salzkessel",
    "Knopflieb",
    "Kirschenhüter",
    "Kuchenbräu",
    "Wiesentaler",
    "Käsepfeifer",
    "Fischemüller",
    "Bratensammler",
    "Schmiedefuß",
    "Nudelblender",
    "Möhregruber",
    "Salzmeister",
    "Eichelkessel",
    "Kuchenfreund",
    "Holzfreund",
    "Erdbeerbräu",
    "Kohlediener",
    "Kleebäcker",
    "Wiesenbräu",
    "Eichelschnitz",
    "Krautkämmer",
    "Möhrebauch",
    "Birnentöpfer",
    "Schafknecht",
    "Pfeifenknecht",
    "Bäckerhändler",
    "Kesselsammler",
    "Gamskämmer",
    "Wiesenträger",
    "Kirschenküfer",
    "Salzgärtner",
    "Pfeifenklopfer",
    "Kuchenmüller",
    "Kirschenweber",
    "Talermüller",
    "Honigklopfer",
    "Bäckerkessel",
    "Honigtrunk",
    "Buchenmüller",
    "Eicheltöpfer",
    "Wiesenbäcker",
    "Kuchenweber",
    "Krautblender",
    "Gamsküfer",
    "Bienensteller",
    "Beerenheimer",
    "Buchenknecht",
    "Beerentopfer",
    "Waldkoch",
    "Teigtopfer",
    "Milchfuß",
    "Pflaumenschnitz",
    "Eichelmacher",
    "Kesseltrunk",
    "Wollelieb",
    "Beerenlieb",
    "Apfelfinder",
    "Gamsdiener",
    "Schmiedegärtner",
    "Heuschneider",
    "Eichelmüller",
    "Heurichter",
    "Bäckerbräu",
    "Pilzschneider",
    "Feldknecht",
    "Talerkessel",
    "Schuhfuß",
    "Kesselheimer",
    "Gamsschnitz",
    "Kuchenkoch",
    "Eicheltaler",
    "Buchenfuß",
    "Talermacher",
    "Buchensinger",
    "Lehmschneider",
    "Beerenküfer",
    "Kuchengärtner",
    "Kleebauer",
    "Kuchentrunk",
    "Beerenbauch",
    "Talerhüter",
    "Heupfeifer",
    "Taschenschnitz",
    "Schuhlieb",
    "Wollehüter",
    "Buchenbinder",
    "Bäckerklopfer",
    "Apfelfreund",
    "Pfeifengärtner",
    "Schuhtrunk",
    "Schmiedefinder",
    "Kleebinder",
    "Krautküfer",
    "Pfeffertrunk",
    "Gartenbräu",
    "Knopfblender",
    "Nudelgärtner",
    "Heuheimer",
    "Karottentöpfer",
    "Käseblender",
    "Wiesenfinder",
    "Bienenblender",
    "Heugärtner",
    "Birnenschlepper",
    "Talergruber",
    "Wolleknecht",
    "Fischerichter",
    "Gartensammler",
    "Apfelhüter",
    "Lehmtrunk",
    "Käsebäcker",
    "Birnenhändler",
    "Möhrebrauer",
    "Honigsammler",
    "Heublender",
    "Kesseltaler",
    "Feldkämmer",
    "Nudeltaler",
    "Teigknecht",
    "Erdbeerheimer",
    "Hügelbauer",
    "Holzgruber",
    "Apfeltaler",
    "Birnenschnitz",
    "Möhrefuß",
    "Kleeträger",
    "Kesselfreund",
    "Honigtopfer",
    "Krauthüter",
    "Kesselgärtner",
    "Nudelrichter",
    "Gamssammler",
    "Bratenfinder",
    "Talerbräu",
    "Pfeifenpfeifer",
    "Kuchenklopfer",
    "Beerenmeister",
    "Blumelieb",
    "Lehmweber",
    "Kohlefreund",
    "Taschenküfer",
    "Buchenkessel",
    "Karottenbrauer",
    "Pfefferbinder",
    "Pilzkessel",
    "Schmiedehüter",
    "Fischeschlepper",
    "Nudelbringer",
    "Kirschenheimer",
    "Schuhbrauer",
    "Milchkessel",
    "Bäckertöpfer",
    "Bäckermeister",
    "Karottenmacher",
    "Fischelieb",
    "Glockenbrauer",
    "Pfefferfinder",
    "Heukessel",
    "Honigpfeifer",
    "Buttermacher",
    "Gamsbinder",
    "Pfeifengruber",
    "Schafklopfer",
    "Holzheimer",
    "Knopfträger",
    "Karottenknecht",
    "Schafmeister",
    "Glockenschnitz",
    "Schmiederichter",
    "Rahmblender",
    "Buchenbrauer",
    "Blumepfeifer",
    "Fischeknecht",
    "Erdbeertopfer",
    "Lehmschlepper",
    "Käseheimer",
    "Nudelheimer",
    "Beerenschlepper",
    "Möhremacher",
    "Taschenhändler",
    "Pilzgruber",
    "Pflaumentopfer",
    "Pfeffersammler",
    "Bäckerfreund",
    "Karottenschmied",
    "Feldkoch",
    "Rahmfreund",
    "Blumetaler",
    "Knopfküfer",
    "Schuhhüter",
    "Beerengruber",
    "Knopftopfer",
    "Feldtopfer",
    "Hügelweber",
    "Kirschenrichter",
    "Glockenpfeifer",
    "Pfeffergärtner",
    "Honigbrauer",
    "Blumemacher",
    "Waldpfeifer",
    "Nudelpfeifer",
    "Schmiedeschnitz",
    "Bienenbäcker",
    "Weinkessel",
    "Kleetopfer",
    "Milchschmied",
    "Bäckerbauch",
    "Gartenmacher",
    "Hügellieb",
    "Bienentopfer",
    "Pilzgärtner",
    "Birnenkoch",
    "Schafrichter",
    "Käsehändler",
    "Butterbauch",
    "Glockenheimer",
    "Salzschlepper",
    "Feldbauch",
    "Lehmbäcker",
    "Eichelbauer",
    "Weinheimer",
    "Erdbeerhändler",
    "Milchküfer",
    "Kesselschnitz",
    "Salztöpfer",
    "Beerenklopfer",
    "Gamsmeister",
    "Brotbauch",
    "Salzbinder",
    "Möhreschneider",
    "Pflaumentrunk",
    "Bienentrunk",
    "Kohleblender",
    "Pilzkämmer",
    "Blumegruber",
    "Waldbauer",
    "Weinschlepper",
    "Wolleschneider",
    "Teigbrauer",
    "Gartendiener",
    "Kesselhüter",
    "Wiesenrichter",
    "Teigsammler",
    "Karottenschnitz",
    "Eichelhändler",
    "Beerenknecht",
    "Möhreknecht",
    "Waldbauch",
    "Weinfuß",
    "Schuhschmied",
    "Fischetrunk",
    "Pfeifenbauer",
    "Pilzschmied",
    "Karottenpfeifer",
    "Birnenknecht",
    "Käsetopfer",
    "Bratenbräu",
    "Hügelbinder",
    "Pilztöpfer",
    "Apfelmacher",
    "Kirschenpfeifer",
    "Talerheimer",
    "Nudelschneider",
    "Hügelfinder",
    "Feldmacher",
    "Lehmrichter",
    "Holzbinder",
    "Pfeifentöpfer",
    "Erdbeerbauch",
    "Brotbrauer",
    "Rahmmüller",
    "Pfefferbringer",
    "Weinweber",
    "Bratenkoch",
    "Gamsgruber",
    "Rahmhüter",
    "Taschenblender",
    "Schmiedeträger",
    "Taschenlieb",
    "Talerküfer",
    "Pfeifenbrauer",
    "Knopfbauch",
    "Kesselpfeifer",
    "Bäckertopfer",
    "Bratenbringer",
    "Schafweber",
    "Eichelbringer",
    "Felddiener",
    "Feldfinder",
    "Bienenmeister",
    "Kohleweber",
    "Bienenbauch",
    "Honigmeister",
    "Wollemacher",
    "Kuchenbrauer",
    "Schuhhändler",
    "Erdbeerweber",
    "Salzkoch",
    "Kesselbringer",
    "Milchschnitz",
    "Heutöpfer",
    "Kesselbräu",
    "Birnenklopfer",
    "Lehmschnitz",
    "Blumekoch",
    "Weinsteller",
    "Gamsschlepper",
    "Brotmacher",
    "Bienentöpfer",
    "Eichelpfeifer",
    "Kuchenbringer",
    "Milchmeister",
    "Schafsammler",
    "Apfelkämmer",
    "Fischebrauer",
    "Butterfuß",
    "Nudelknecht",
    "Hügelfuß",
    "Birnenkessel",
    "Knopfhüter",
    "Teigblender",
    "Wiesentrunk",
    "Pilzfinder",
    "Kuchenschmied",
    "Bäckertaler",
    "Feldbrauer",
    "Weinfinder",
    "Pflaumenküfer",
    "Kirschenbräu",
    "Glockenblender",
    "Holzbäcker",
    "Kleeschlepper",
    "Lehmknecht",
    "Kleekämmer",
    "Lehmbringer",
    "Blumebringer",
    "Käsegärtner",
    "Blumeküfer",
    "Rahmweber",
    "Krautsinger",
    "Apfelheimer",
    "Apfelklopfer",
    "Nudellieb",
    "Milchmacher",
    "Nudelkämmer",
    "Knopfmacher",
    "Feldgruber",
    "Honigsinger",
    "Bienenbrauer",
    "Blumesammler",
    "Möhreweber",
    "Schmiedesinger",
    "Birnensammler",
    "Birnenweber",
    "Glockenfuß",
    "Gartenknecht",
    "Rahmbringer",
    "Waldschmied",
    "Fischetaler",
    "Feldtaler",
    "Bratenbäcker",
    "Hügelbringer",
    "Bienenschnitz",
    "Glockensinger",
    "Weinsinger",
    "Buchenbräu",
    "Hügelmüller",
    "Bratentrunk",
    "Beerenkessel",
    "Wiesenbrauer",
    "Knopfschneider",
    "Knopfgruber",
    "Rahmknecht",
    "Schmiedefreund",
    "Kleefinder",
    "Fischebauch",
    "Käseküfer",
    "Wollebringer",
    "Schafschneider",
    "Möhremüller",
    "Schuhmacher",
    "Kleelieb",
    "Teiglieb",
    "Pflaumenbräu",
    "Salzfuß",
    "Nudelfinder",
    "Blumebräu",
    "Schafträger",
    "Bratenweber",
    "Schmiedekoch",
    "Wiesenkämmer",
    "Milchlieb",
    "Knopfrichter",
    "Kesselschneider",
    "Feldklopfer",
    "Brottaler",
    "Erdbeerklopfer",
    "Kirschenmeister",
    "Honigbinder",
    "Gamsbäcker",
    "Knopfdiener",
    "Krautbrauer",
    "Pflaumenmüller",
    "Gartengärtner",
    "Blumediener",
    "Pfeffermeister",
    "Rahmrichter",
    "Weingärtner",
    "Kohletrunk",
    "Bienenhüter",
    "Kleerichter",
    "Fischeschnitz",
    "Kohlekessel",
    "Holzdiener",
    "Schmiedeschneider",
    "Milchdiener",
    "Fischediener",
    "Eichelblender",
    "Pflaumenknecht",
    "Buchenfinder",
    "Bienenschmied",
    "Apfelkessel",
    "Lehmheimer",
    "Feldküfer",
    "Brotfreund",
    "Honigkessel",
    "Lehmküfer",
    "Fischebauer",
    "Möhrefinder",
    "Butterkessel",
    "Lehmtopfer",
    "Schuhgärtner",
    "Hügelhändler",
    "Karottenschneider",
    "Kesselkoch",
    "Knopfkessel",
    "Kesselbrauer",
    "Kesselsinger",
    "Schmiedediener",
    "Kirschenfreund",
    "Pflaumenbäcker",
    "Honigblender",
    "Buchenbäcker",
    "Kirschenträger",
    "Erdbeerträger",
    "Birnenbinder",
    "Kirschenschneider",
    "Karottenfinder",
    "Kirschentrunk",
    "Pfefferhändler",
    "Bratentöpfer",
    "Kesselmüller",
    "Knopffuß",
    "Waldbäcker",
    "Eichelbauch",
    "Taschenschlepper",
    "Wiesentöpfer",
    "Bienenschlepper",
    "Gartenträger",
    "Kuchenknecht",
    "Knopftöpfer",
    "Kirschentöpfer",
    "Beerensteller",
    "Lehmkämmer",
    "Heubauer",
    "Milchheimer",
    "Bienengruber",
    "Erdbeergruber",
    "Kesselsteller",
    "Nudelschlepper",
    "Waldklopfer",
    "Karottenkämmer",
    "Schmiedekessel",
    "Käsegruber",
    "Bienenhändler",
    "Krautschnitz",
    "Bratenbrauer",
    "Lehmsinger",
    "Salzbauch",
    "Birnendiener",
    "Brotschlepper",
    "Pfefferheimer",
    "Brotkoch",
    "Krautsteller",
    "Krautlieb",
    "Talerfuß",
    "Gartentöpfer",
    "Weinkoch",
    "Wolleweber",
    "Kuchentopfer",
    "Pfeifenweber",
    "Fischetopfer",
    "Talerblender",
    "Fischefreund",
    "Taschenbringer",
    "Teighüter",
    "Glockenmacher",
    "Lehmträger",
    "Wiesenmüller",
    "Holzfinder",
    "Möhregärtner",
    "Brotgruber",
    "Glockenkessel",
    "Glockenbauch",
    "Teigbauch",
    "Hügelsinger",
    "Bäckerkämmer",
    "Beerentrunk",
    "Pflaumenschlepper",
    "Eichelschneider",
    "Hügelgruber",
    "Krautträger",
    "Pfefferbrauer",
    "Karottensinger",
    "Blumebauch",
    "Bienenpfeifer",
    "Kohleschnitz",
    "Kohleschlepper",
    "Heudiener",
    "Bratenpfeifer",
    "Pilztopfer",
    "Erdbeerblender",
    "Möhrepfeifer",
    "Kleemacher",
    "Pfefferschneider",
    "Eichelsinger",
    "Gartentrunk",
    "Pilzfuß",
    "Kesselbauch",
    "Fischemeister",
    "Hügelküfer",
    "Möhrebringer",
    "Rahmfuß",
    "Gamsheimer",
    "Pfeifenfuß",
    "Blumefinder",
    "Feldsteller",
    "Rahmtrunk",
    "Weintopfer",
    "Beerenbauer",
    "Wolletaler",
    "Waldfreund",
    "Wiesenklopfer",
    "Schmiedegruber",
    "Pilzbauch",
    "Feldhüter",
    "Brottöpfer",
    "Pfeifentrunk",
    "Talerbrauer",
    "Lehmmüller",
    "Feldheimer",
    "Bienenklopfer",
    "Pfeifentopfer",
    "Birnenfinder",
    "Schafmacher",
    "Teigdiener",
    "Kirschensinger",
    "Wolleblender",
    "Apfelfuß",
    "Salzbäcker",
    "Schmiedekämmer",
    "Holzkessel",
    "Birnenrichter",
    "Eichelschlepper",
    "Kohlemeister",
    "Beerenblender",
    "Eicheltrunk",
    "Waldheimer",
    "Bratenklopfer",
    "Pfeifenkämmer",
    "Kirschenfuß",
    "Kirschenkessel",
    "Kirschenbäcker",
    "Milchbinder",
    "Möhremeister",
    "Teigmeister",
    "Honigschnitz",
    "Bratenhüter",
    "Salzfreund",
    "Eichelbäcker",
    "Wiesenbauer",
    "Kleebrauer",
    "Apfelbrauer",
    "Gamssinger",
    "Butterklopfer",
    "Kleeknecht",
    "Lehmkessel",
    "Knopfschmied",
    "Nudelkessel",
    "Talersammler",
    "Schaftöpfer",
    "Teigkessel",
    "Weinrichter",
    "Gartenbringer",
    "Schmiedeblender",
    "Weingruber",
    "Schafkessel",
    "Fischeweber",
    "Wollebauch",
    "Kesselfinder",
    "Schafblender",
    "Birnensinger",
    "Kuchenfinder",
    "Teigschlepper",
    "Honigweber",
    "Gamssteller",
    "Rahmgruber",
    "Waldblender",
    "Beerensinger",
    "Hügeldiener",
    "Kleekoch",
    "Butterhüter",
    "Bäckerfuß",
    "Pfeffergruber",
    "Blumefreund",
    "Apfelsammler",
    "Kleemeister",
    "Feldbringer",
    "Nudelklopfer",
    "Erdbeerschneider",
    "Taschenfreund",
    "Birnenschmied",
    "Pilzheimer",
    "Schafsteller",
    "Eichelhüter",
    "Hügelhüter",
    "Milchkämmer",
    "Buchenkoch",
    "Kesselmeister",
    "Butterfreund",
    "Hügelblender",
    "Lehmmacher",
    "Waldgärtner",
    "Kohlemüller",
    "Taschenschmied",
    "Fischegärtner",
    "Kohlebinder",
    "Honiggärtner",
    "Birnenträger",
    "Apfeldiener",
    "Butterbringer",
    "Käsebauer",
    "Käsekoch",
    "Pfeifenbäcker",
    "Pflaumenklopfer",
    "Apfelknecht",
    "Lehmsteller",
    "Apfelträger",
    "Butterlieb",
    "Teigsinger",
    "Pilzlieb",
    "Wollekämmer",
    "Krautheimer",
    "Kirschenkoch",
    "Kleeküfer",
    "Weinklopfer",
    "Milchblender",
    "Gamsrichter",
    "Feldfuß",
    "Honigfreund",
    "Kesselträger",
    "Kleediener",
    "Honigtaler",
    "Talerdiener",
    "Knopfklopfer",
    "Pilzblender",
    "Holzkämmer",
    "Eichelfinder",
    "Glockentrunk",
    "Holzklopfer",
    "Feldlieb",
    "Schmiedepfeifer",
    "Lehmklopfer",
    "Waldbinder",
    "Buttermüller",
    "Pilzträger",
    "Gartenpfeifer",
    "Glockenschneider",
    "Pflaumenbauch",
    "Hügelbräu",
    "Waldtopfer",
    "Rahmdiener",
    "Bratenschnitz",
    "Milchtöpfer",
    "Hügelklopfer",
    "Bienenkoch",
    "Pfefferlieb",
    "Apfelschnitz",
    "Lehmsammler",
    "Weinbräu",
    "Käsediener",
    "Kohleheimer",
    "Bratenlieb",
    "Teigweber",
    "Pfeifenbauch",
    "Teigschneider",
    "Taschensammler",
    "Pflaumenheimer",
    "Honighändler",
    "Kleehändler",
    "Milchbauch",
    "Bienensinger",
    "Talerschlepper",
    "Heuweber",
    "Talerknecht",
    "Teigmacher",
    "Apfeltopfer",
    "Holzgärtner",
    "Buchenrichter",
    "Eichelschmied",
    "Käsebinder",
    "Bienenküfer",
    "Beerenschneider",
    "Beerenträger",
    "Kohlebäcker",
    "Karottenbräu",
    "Wollemeister",
    "Krautbinder",
    "Buchenlieb",
    "Teigfreund",
    "Eichellieb",
    "Feldhändler",
    "Kirschentopfer",
    "Blumemüller",
    "Rahmmeister",
    "Teigsteller",
    "Holzschneider",
    "Kleetöpfer",
    "Kohlepfeifer",
    "Kirschenbauer",
    "Weintrunk",
    "Schmiedemeister",
    "Pfefferschlepper",
    "Buttersammler",
    "Pfefferhüter",
    "Gamsschneider",
    "Kuchensteller",
    "Talerfreund",
    "Käseknecht",
    "Bienenbauer",
    "Weinmeister",
    "Beerenkämmer",
    "Bäckerblender",
    "Buchenpfeifer",
    "Bratenfreund",
    "Beerensammler",
    "Karottentrunk",
    "Schmiedebäcker",
    "Knopfhändler",
    "Bratenfuß",
    "Bäckerlieb",
    "Kleeweber",
    "Pfefferklopfer",
    "Brotschneider",
    "Möhretopfer",
    "Beerenbräu",
    "Rahmschlepper",
    "Schuhschlepper",
    "Milchgruber",
    "Knopftrunk",
    "Kirschenbrauer",
    "Möhreschlepper",
    "Käsebräu",
    "Salzmacher",
    "Pflaumenbringer",
    "Pilzfreund",
    "Rahmbauch",
    "Buchenhändler",
    "Talerschmied",
    "Hügelbäcker",
    "Lehmfuß",
    "Taschenhüter",
    "Karottenmeister",
    "Schuhbräu",
    "Bäckerküfer",
    "Lehmfinder",
    "Teigküfer",
    "Beerenschmied",
    "Pfefferkoch",
    "Buttersinger",
    "Krautfinder",
    "Buttergruber",
    "Honigsteller",
    "Bäckerbringer",
    "Eichelmeister",
    "Wolleschnitz",
    "Pilzhüter",
    "Pilzklopfer",
    "Gamsweber",
    "Schuhpfeifer",
    "Buttergärtner",
    "Honigschmied",
    "Gartenkämmer",
    "Salzhändler",
    "Kohlesammler",
    "Schafhändler"
  ]
}