{
  "authors": [
    {
      "name": "munichjake",
      "email": "munichjake@dnd-session.de",
      "url": "https://dnd-session.de",
      "github": "https://github.com/munichjake"
    }
  ],
  "description": "Deutsche Gnome-Nachnamen",
  "version": "1.0.0",
  "names": [
    "Meiselknirsch",
    "Gummizähler",
    "Höhlenflicker",
    "Quarzknacker",
    "Schmiedekuppler",
    "Kohleschuster",
    "Gusswerker",
    "Hammerräder",
    "Kristalldrücker",
    "Gummirichter",
    "Funkensammler",
    "Schraubräder",
    "Werkflicker",
    "Bronzeknacker",
    "Feuerfechter",
    "Werksammler",
    "Zinndreher",
    "Eisensteinschöpfer",
    "Quarzfechter",
    "Ritzelbauer",
    "Bergschwinger",
    "Aschenagler",
    "Kesselklopf",
    "Hobelbringer",
    "Kristallfeiler",
    "Tunnelschuster",
    "Kieselarbeiter",
    "Funkefinder",
    "Felsensammler",
    "Ritzelbringer",
    "Messingbrenner",
    "Hammertüftler",
    "Höhlenarbeiter",
    "Radwerfer",
    "Wurfarbeiter",
    "Zylinderbrenner",
    "Schmiedeschwinger",
    "Schleifrichter",
    "Ritzelzähler",
    "Hammerschöpfer",
    "Bolzendreher",
    "Funkenschwinger",
    "Felsenflicker",
    "Zinnmacher",
    "Radschneider",
    "Hobeldrücker",
    "Zylinderfeger",
    "Höhlenschleifer",
    "Schleiffinder",
    "Zinnrichter",
    "Meiselschuster",
    "Stahlarbeiter",
    "Dampftüftler",
    "Bolzenbringer",
    "Quarzfeger",
    "Bronzezähler",
    "Zahnschraub",
    "Felsfechter",
    "Federfeger",
    "Felstüftler",
    "Klingenschwinger",
    "Kohlewerfer",
    "Felsenzähler",
    "Hammerfeiler",
    "Schraubklopf",
    "Quarzarbeiter",
    "Klingendrücker",
    "Funkenfeiler",
    "Eisenbohrer",
    "Flammenräder",
    "Glaszähler",
    "Ziegelspanner",
    "Wurfknacker",
    "Federrichter",
    "Schraubdreher",
    "Funkenläufer",
    "Feuerwerker",
    "Dampfbauer",
    "Stahlknacker",
    "Federschmied",
    "Flammenhammer",
    "Federschöpfer",
    "Wurzelschraub",
    "Radzähler",
    "Felsenwerker",
    "Gussarbeiter",
    "Eisenfinder",
    "Zinnbringer",
    "Klingenhammer",
    "Bergschuster",
    "Radarbeiter",
    "Hobelwerfer",
    "Wurzelbringer",
    "Zylindergießer",
    "Kohleklopf",
    "Glasschmied",
    "Bronzefeiler",
    "Gussfeiler",
    "Gummischleifer",
    "Bolzenkuppler",
    "Wurzelhammer",
    "Silberdreher",
    "Kristallbastler",
    "Funkenschneider",
    "Eisensteinräder",
    "Glasfräser",
    "Kohleschraub",
    "Berghammer",
    "Zahnhammer",
    "Wurfgießer",
    "Wurfschuster",
    "Bergrichter",
    "Bronzebarrenbrenner",
    "Felsfeiler",
    "Felsgießer",
    "Zinnschneider",
    "Kieseldrücker",
    "Funkenspanner",
    "Gummiräder",
    "Bronzebarrenschuster",
    "Schraubbringer",
    "Schleifschreiber",
    "Bergfinder",
    "Glaswerfer",
    "Bronzebarrenbastler",
    "Gussknacker",
    "Funkegießer",
    "Werktüftler",
    "Kolbenkuppler",
    "Bolzenläufer",
    "Kolbendrücker",
    "Gummikuppler",
    "Funkewerfer",
    "Ziegelfräser",
    "Quarzbohrer",
    "Werkbrenner",
    "Kohlefinder",
    "Zinnschwinger",
    "Funkebohrer",
    "Werkarbeiter",
    "Bergzähler",
    "Kristallfeger",
    "Messinggießer",
    "Kohlearbeiter",
    "Schleifschwinger",
    "Gummiarbeiter",
    "Kieselsammler",
    "Radschraub",
    "Zahnwerfer",
    "Kohlebrenner",
    "Flammenschreiber",
    "Zunderbrenner",
    "Feuerzähler",
    "Bronzebarrenzähler",
    "Hammerzähler",
    "Gussbrenner",
    "Spulefräser",
    "Hammerknacker",
    "Tunneltüftler",
    "Kolbenflicker",
    "Federbringer",
    "Quarzgießer",
    "Kristallfunker",
    "Meiselwerker",
    "Aschefechter",
    "Zylindermacher",
    "Ritzeldrücker",
    "Eisensteinbringer",
    "Werkwerfer",
    "Felsenschneider",
    "Quarzzähler",
    "Aschefunker",
    "Kohlebauer",
    "Bronzeschneider",
    "Ziegelwerker",
    "Ziegelräder",
    "Bolzenzähler",
    "Funkenfechter",
    "Bergklopf",
    "Meiselschneider",
    "Blitzbrenner",
    "Zunderdrücker",
    "Stahlschneider",
    "Kristallfechter",
    "Blitzarbeiter",
    "Zunderdreher",
    "Flammenschmied",
    "Kristallfräser",
    "Silberspanner",
    "Schleifschöpfer",
    "Funkenbringer",
    "Ritzelbastler",
    "Zahnbringer",
    "Kolbenschmied",
    "Wurzelwerfer",
    "Ritzelbohrer",
    "Kesselhammer",
    "Dampfgießer",
    "Glaswerker",
    "Bolzengießer",
    "Eisensteinfinder",
    "Schmiedemacher",
    "Kohleräder",
    "Ritzelschuster",
    "Kristallknacker",
    "Kupferbohrer",
    "Zinnschraub",
    "Stahlschmied",
    "Schleiffunker",
    "Felsenschmied",
    "Zahngießer",
    "Werkknirsch",
    "Wurfknirsch",
    "Radsammler",
    "Funkefunker",
    "Kupfererzflicker",
    "Bergfunker",
    "Quarzschreiber",
    "Bronzebarrenkuppler",
    "Gummifinder",
    "Funkengießer",
    "Federmacher",
    "Federklopf",
    "Hammerbrenner",
    "Kieselgießer",
    "Eisenräder",
    "Messingbastler",
    "Klingenschöpfer",
    "Hammerwerker",
    "Tunnelbringer",
    "Zylinderschöpfer",
    "Blitzbringer",
    "Spulewerker",
    "Bolzenrichter",
    "Schraubbastler",
    "Felsenschraub",
    "Glasschneider",
    "Kesselsammler",
    "Zinnschuster",
    "Höhlenschreiber",
    "Funkeräder",
    "Messingfunker",
    "Bronzewerker",
    "Schraubwerker",
    "Hobelschleifer",
    "Feuerschuster",
    "Bronzebarrengießer",
    "Kupferfräser",
    "Quarzspanner",
    "Werkknacker",
    "Stahlwerfer",
    "Hammerwerfer",
    "Bergfräser",
    "Federfeiler",
    "Bronzebarrenbohrer",
    "Kohlefunker",
    "Flammenfräser",
    "Werkbastler",
    "Werkläufer",
    "Felsnagler",
    "Werkhammer",
    "Eisensteinhammer",
    "Hammerbohrer",
    "Kesselbastler",
    "Schleifknirsch",
    "Höhlenfräser",
    "Hobelschmied",
    "Bergsammler",
    "Zinnbauer",
    "Gummiläufer",
    "Zinndrücker",
    "Ritzelschneider",
    "Kesselspanner",
    "Federflicker",
    "Bergschleifer",
    "Hammerhammer",
    "Wurfnagler",
    "Werkspanner",
    "Blitzbastler",
    "Zahnschleifer",
    "Silbernagler",
    "Felswerfer",
    "Kristallhammer",
    "Schraubflicker",
    "Blitzsammler",
    "Schmiedewerfer",
    "Eisensteinspanner",
    "Feuergießer",
    "Zylinderschmied",
    "Kolbenläufer",
    "Gummidreher",
    "Bergschreiber",
    "Ziegelbastler",
    "Messingrichter",
    "Felsbauer",
    "Bergwerfer",
    "Gummiwerker",
    "Glastüftler",
    "Schmiedenagler",
    "Zinnfeger",
    "Ritzelgießer",
    "Eisensteinbauer",
    "Hammermacher",
    "Klingenbrenner",
    "Wurfwerker",
    "Werkbringer",
    "Blitzhammer",
    "Bronzebarrenklopf",
    "Ritzelfunker",
    "Spulewerfer",
    "Schmiedefinder",
    "Bronzebarrenwerfer",
    "Gummibrenner",
    "Federbauer",
    "Klingenschneider",
    "Messingfinder",
    "Gussläufer",
    "Ritzeldreher",
    "Eisenbringer",
    "Spulerichter",
    "Messingschreiber",
    "Kristallknirsch",
    "Eisensteintüftler",
    "Kesselzähler",
    "Wurfschwinger",
    "Silberbauer",
    "Felsenwerfer",
    "Schmiedeflicker",
    "Federwerker",
    "Feuerschneider",
    "Feuerbastler",
    "Kesselarbeiter",
    "Schraubgießer",
    "Flammenflicker",
    "Schraubfinder",
    "Feuerschmied",
    "Schleifkuppler",
    "Eisenhammer",
    "Meiselsammler",
    "Dampfflicker",
    "Tunnelknacker",
    "Kolbenklopf",
    "Kohlebohrer",
    "Eisenfunker",
    "Schmiedebastler",
    "Zahnarbeiter",
    "Kieselschraub",
    "Ascheflicker",
    "Kohlerichter",
    "Bronzetüftler",
    "Bronzebarrenbauer",
    "Bergbauer",
    "Kupfererzbastler",
    "Blitzschleifer",
    "Tunnelsammler",
    "Kolbenarbeiter",
    "Dampfzähler",
    "Kieselwerker",
    "Werkschmied",
    "Blitzläufer",
    "Flammenwerker",
    "Bolzentüftler",
    "Bronzeknirsch",
    "Blitzflicker",
    "Zunderknirsch",
    "Wurfsammler",
    "Dampfdreher",
    "Stahlzähler",
    "Eisensteinknirsch",
    "Stahlschreiber",
    "Tunnelfeiler",
    "Zylinderschraub",
    "Zinnflicker",
    "Hammerspanner",
    "Spulespanner",
    "Hammerfräser",
    "Schmiedeklopf",
    "Zylinderbohrer",
    "Ascheläufer",
    "Schmiedefechter",
    "Bronzebarrendrücker",
    "Zylinderwerker",
    "Feuertüftler",
    "Eisenbastler",
    "Schraubkuppler",
    "Silbermacher",
    "Wurzelschmied",
    "Schleifklopf",
    "Werkgießer",
    "Höhlenspanner",
    "Blitzmacher",
    "Ascheschwinger",
    "Federfunker",
    "Kohleschöpfer",
    "Schleifknacker",
    "Meiselschöpfer",
    "Schmiederichter",
    "Quarzschneider",
    "Messingfeiler",
    "Kohleknacker",
    "Flammenschleifer",
    "Wurfbastler",
    "Aschedreher",
    "Gummiklopf",
    "Zylinderfräser",
    "Bronzehammer",
    "Stahlschwinger",
    "Aschegießer",
    "Quarzfinder",
    "Gusshammer",
    "Quarzwerfer",
    "Kohleschneider",
    "Aschebrenner",
    "Dampfschwinger",
    "Bronzegießer",
    "Eisenarbeiter",
    "Höhlendreher",
    "Wurzelkuppler",
    "Bergflicker",
    "Eisensteinbohrer",
    "Radspanner",
    "Feuerbringer",
    "Zylinderfeiler",
    "Ziegelschuster",
    "Bronzebarrenfunker",
    "Kolbenschneider",
    "Werkwerker",
    "Kupfererzzähler",
    "Blitztüftler",
    "Werkrichter",
    "Kupfererzfunker",
    "Klingenfräser",
    "Kieselbauer",
    "Hobelwerker",
    "Felsschleifer",
    "Kolbenfeger",
    "Stahlkuppler",
    "Dampfknirsch",
    "Zinnzähler",
    "Zunderbringer",
    "Werkfunker",
    "Funkefeiler",
    "Silberbohrer",
    "Tunnelfräser",
    "Gussdreher",
    "Zinnschmied",
    "Glasdrücker",
    "Ziegelbrenner",
    "Bergkuppler",
    "Kupfererzschuster",
    "Zinntüftler",
    "Dampfsammler",
    "Zahntüftler",
    "Federfechter",
    "Stahlläufer",
    "Schraubschleifer",
    "Funkebauer",
    "Ziegelflicker",
    "Eisensteindreher",
    "Messingräder",
    "Kupfererzbringer",
    "Blitzklopf",
    "Höhlenbringer",
    "Kolbentüftler",
    "Zinnschleifer",
    "Aschehammer",
    "Eisensteinfechter",
    "Hobelschöpfer",
    "Radläufer",
    "Spulebauer",
    "Bronzeläufer",
    "Kieselfeiler",
    "Federräder",
    "Höhlenfinder",
    "Radschmied",
    "Ritzelsammler",
    "Kieseltüftler",
    "Spulefinder",
    "Blitzschneider",
    "Kupfergießer",
    "Gummibastler",
    "Bergschmied",
    "Glasschleifer",
    "Messingdreher",
    "Bolzenfeiler",
    "Bronzebarrensammler",
    "Eisensteinflicker",
    "Schraubnagler",
    "Tunnelschraub",
    "Gusstüftler",
    "Tunnelwerker",
    "Klingendreher",
    "Felsengießer",
    "Radtüftler",
    "Kupfererzwerfer",
    "Kupfererzschmied",
    "Blitzschuster",
    "Hobelhammer",
    "Radnagler",
    "Flammengießer",
    "Kohlenagler",
    "Zunderschraub",
    "Kupferschneider",
    "Wurzelfechter",
    "Kupfererzarbeiter",
    "Spuleschreiber",
    "Funkenknacker",
    "Bergdrücker",
    "Schraubwerfer",
    "Kupfererzklopf",
    "Funkenzähler",
    "Tunnelgießer",
    "Dampfmacher",
    "Dampfbrenner",
    "Meiselfinder",
    "Ziegelschmied",
    "Stahlräder",
    "Felsfunker",
    "Felsenfunker",
    "Kieselfechter",
    "Funkenwerfer",
    "Zylinderdrücker",
    "Hammerdrücker",
    "Zylinderdreher",
    "Zylinderschwinger",
    "Silbergießer",
    "Meiselzähler",
    "Zahnkuppler",
    "Ziegelknirsch",
    "Kupfersammler",
    "Silberfräser",
    "Schraubschraub",
    "Werkräder",
    "Federschreiber",
    "Feuerflicker",
    "Flammenbauer",
    "Eisentüftler",
    "Kesselschreiber",
    "Stahlgießer",
    "Blitzschmied",
    "Wurfflicker",
    "Radfinder",
    "Dampfdrücker",
    "Feuerschwinger",
    "Flammendreher",
    "Kristallräder",
    "Bolzenhammer",
    "Kohleschmied",
    "Stahlschraub",
    "Bronzebohrer",
    "Zahnfräser",
    "Kupfererzdreher",
    "Federschleifer",
    "Werkfeger",
    "Blitzbauer",
    "Ascheknirsch",
    "Zahnfechter",
    "Messingwerfer",
    "Quarzmacher",
    "Gussräder",
    "Flammenkuppler",
    "Glasbauer",
    "Silberläufer",
    "Stahlwerker",
    "Schleifbauer",
    "Kupferwerker",
    "Glasfeger",
    "Zahnbauer",
    "Schleiffeiler",
    "Bronzebarrenhammer",
    "Schraubschwinger",
    "Kupferschleifer",
    "Hobelbrenner",
    "Funkewerker",
    "Ascheklopf",
    "Tunnelmacher",
    "Wurzelschöpfer",
    "Flammensammler",
    "Ascheschneider",
    "Kupferläufer",
    "Zahnbohrer",
    "Felsenrichter",
    "Werkfeiler",
    "Bolzenschneider",
    "Wurfdreher",
    "Dampfwerker",
    "Bolzenarbeiter",
    "Glasschöpfer",
    "Tunnelfeger",
    "Silberklopf",
    "Ascheschöpfer",
    "Quarzfeiler",
    "Dampfschneider",
    "Messingfechter",
    "Kristallgießer",
    "Hobelarbeiter",
    "Wurfmacher",
    "Kolbenwerker",
    "Felssammler",
    "Hammerschneider",
    "Spulebohrer",
    "Meiselbastler",
    "Kristallzähler",
    "Ziegeltüftler",
    "Flammenwerfer",
    "Silberschraub",
    "Kesselschneider",
    "Wurfbringer",
    "Glasfunker",
    "Gummifechter",
    "Silbersammler",
    "Bronzeschwinger",
    "Quarzschleifer",
    "Höhlenknacker",
    "Quarzkuppler",
    "Gussbringer",
    "Felsenbohrer",
    "Wurzelschneider",
    "Hammerschreiber",
    "Kesselfunker",
    "Kolbengießer",
    "Funkebastler",
    "Kupfererzwerker",
    "Funkeschneider",
    "Schmiedegießer",
    "Aschedrücker",
    "Schmiedeschneider",
    "Bolzenbohrer",
    "Blitzfechter",
    "Glasnagler",
    "Quarzflicker",
    "Aschewerfer",
    "Wurffeger",
    "Zylinderarbeiter",
    "Kesselnagler",
    "Bronzebarrenfräser",
    "Bergtüftler",
    "Wurzelfeger",
    "Zunderkuppler",
    "Kupferschwinger",
    "Bronzeflicker",
    "Felsspanner",
    "Radräder",
    "Kieselschreiber",
    "Kolbenfeiler",
    "Quarzknirsch",
    "Eisensteinfräser",
    "Bronzefunker",
    "Zylinderfechter",
    "Spulebringer",
    "Eisensteinschraub",
    "Höhlenfeger",
    "Felsklopf",
    "Messingbauer",
    "Kupfererzknirsch",
    "Bronzebastler",
    "Eisenschmied",
    "Tunnelbohrer",
    "Eisensteinwerfer",
    "Funkendreher",
    "Zinnwerfer",
    "Hammersammler",
    "Ziegelfechter",
    "Kupferbastler",
    "Stahlfunker",
    "Blitzfeger",
    "Zylinderschneider",
    "Spulehammer",
    "Felsenfeiler",
    "Höhlenbrenner",
    "Kupferklopf",
    "Eisensteinschuster",
    "Silberschwinger",
    "Eisenspanner",
    "Schmiedebrenner",
    "Kupfererzfräser",
    "Werkmacher",
    "Funkeschleifer",
    "Bergarbeiter",
    "Kupferbringer",
    "Gummischraub",
    "Kristallschleifer",
    "Kristallschneider",
    "Höhlenwerfer",
    "Silberwerfer",
    "Wurzelrichter",
    "Flammenbohrer",
    "Schmiededrücker",
    "Eisenwerker",
    "Zundermacher",
    "Kristallschwinger",
    "Zunderschmied",
    "Kohlemacher",
    "Höhlenfunker",
    "Wurfklopf",
    "Kesselschleifer",
    "Stahlbohrer",
    "Quarzdrücker",
    "Hobelschraub",
    "Feuerfunker",
    "Berggießer",
    "Felsendrücker",
    "Funkeschuster",
    "Eisenwerfer",
    "Klingenknacker",
    "Ascheschreiber",
    "Funkeknacker",
    "Klingengießer",
    "Bolzenwerker",
    "Ziegelschneider",
    "Stahlschöpfer",
    "Höhlenknirsch",
    "Schleifnagler",
    "Ziegeldreher",
    "Höhlenschöpfer",
    "Raddrücker",
    "Gummihammer",
    "Zunderflicker",
    "Hammergießer",
    "Wurzelschuster",
    "Felsschneider",
    "Schmiedehammer",
    "Feuerwerfer",
    "Zunderbohrer",
    "Wurzeldrücker",
    "Silberräder",
    "Hobelläufer",
    "Schraubschneider",
    "Kolbenschöpfer",
    "Meiselläufer",
    "Felshammer",
    "Kolbenwerfer",
    "Kolbenschleifer",
    "Werkschneider",
    "Eisenschneider",
    "Flammenschöpfer",
    "Meiselfunker",
    "Ziegelschleifer",
    "Bolzenfinder",
    "Feuerrichter",
    "Wurzelmacher",
    "Zahnsammler",
    "Messingkuppler",
    "Kristallbauer",
    "Kristallschreiber",
    "Bolzenfeger",
    "Zundersammler",
    "Wurfschneider",
    "Zylinderbastler",
    "Bronzebarrenschneider",
    "Funkenhammer",
    "Gussgießer",
    "Klingenklopf",
    "Gussfräser",
    "Bronzebarrenschraub",
    "Werkschwinger",
    "Flammenmacher",
    "Gummiknirsch",
    "Wurffechter",
    "Schleifschmied",
    "Schleifarbeiter",
    "Funkenbauer",
    "Bronzesammler",
    "Kupferfeger",
    "Ziegelrichter",
    "Zylinderschleifer",
    "Kupfererzknacker",
    "Eisensteinschreiber",
    "Kohlefeiler",
    "Dampfschöpfer",
    "Ziegeldrücker",
    "Eisensteinbrenner",
    "Bergfeger",
    "Eisensteinmacher",
    "Schmiedefräser",
    "Schraubläufer",
    "Zunderarbeiter",
    "Höhlenschuster",
    "Ritzelfeger",
    "Funkefräser",
    "Gussknirsch",
    "Hobelrichter",
    "Kieselfinder",
    "Stahlfräser",
    "Blitzschraub",
    "Kupferschreiber",
    "Blitzwerfer",
    "Funkedreher",
    "Höhlenkuppler",
    "Wurzelräder",
    "Dampffeger",
    "Stahlschuster",
    "Meiselgießer",
    "Schleifwerfer",
    "Schmiedefeger",
    "Hammerkuppler",
    "Stahlspanner",
    "Eisenfeiler",
    "Gusskuppler",
    "Felskuppler",
    "Messingschneider",
    "Felsschöpfer",
    "Eisensteinfeger",
    "Wurzelflicker",
    "Blitznagler",
    "Hammerbringer",
    "Bergknirsch",
    "Aschebauer",
    "Tunnelklopf",
    "Schmiedeschuster",
    "Schmiedeschöpfer",
    "Felsbohrer",
    "Radfeiler",
    "Bolzenmacher",
    "Gummischreiber",
    "Kesselfinder",
    "Gusswerfer",
    "Spuleflicker",
    "Kieselnagler",
    "Bronzebarrenspanner",
    "Funkeklopf",
    "Eisensteinrichter",
    "Spuledrücker",
    "Bergspanner",
    "Funkenbohrer",
    "Kupferräder",
    "Messingfräser",
    "Werkklopf",
    "Funkeläufer",
    "Bronzeklopf",
    "Silberrichter",
    "Hammerrichter",
    "Messingarbeiter",
    "Dampfläufer",
    "Kieselfeger",
    "Kohlekuppler",
    "Kupferknacker",
    "Klingennagler",
    "Klingenbringer",
    "Felsenarbeiter",
    "Wurfschreiber",
    "Felsenknirsch",
    "Zunderschuster",
    "Eisensteinzähler",
    "Glasmacher",
    "Dampfwerfer",
    "Zahnmacher",
    "Bronzebarrennagler",
    "Hobelspanner",
    "Kristallschöpfer",
    "Ziegelarbeiter",
    "Zahnwerker",
    "Werkbohrer",
    "Werkfräser",
    "Kupfererzkuppler",
    "Tunnelläufer",
    "Spulegießer",
    "Werkschraub",
    "Kristallwerfer",
    "Eisengießer",
    "Zinnhammer",
    "Bronzebarrenfinder",
    "Zinnklopf",
    "Kesselwerker",
    "Wurfwerfer",
    "Bolzennagler",
    "Ziegelwerfer",
    "Silberschneider",
    "Gussspanner",
    "Funkemacher",
    "Eisenkuppler",
    "Werknagler",
    "Bergläufer",
    "Kesselläufer",
    "Aschetüftler",
    "Radknirsch",
    "Schraubmacher",
    "Kupferfechter",
    "Blitzgießer",
    "Felsarbeiter",
    "Eisenzähler",
    "Höhlenschneider",
    "Messingzähler",
    "Bergwerker",
    "Zahnfeiler",
    "Schraubknirsch",
    "Radschöpfer",
    "Hobelzähler",
    "Bronzebarrenknirsch",
    "Bronzefechter",
    "Hobelbastler",
    "Klingentüftler",
    "Kristallkuppler",
    "Bolzensammler",
    "Messingwerker",
    "Felsläufer",
    "Gussrichter",
    "Schleiffechter",
    "Ritzelschraub",
    "Kupferknirsch",
    "Kupferfunker",
    "Stahltüftler",
    "Felsenhammer",
    "Meiselbrenner",
    "Dampffinder",
    "Gummibringer",
    "Kesselflicker",
    "Zinngießer",
    "Gummischneider",
    "Schmiededreher",
    "Kristallrichter",
    "Radflicker",
    "Kolbenbringer",
    "Flammendrücker",
    "Funkeschmied",
    "Federfräser",
    "Kohledreher",
    "Stahlsammler",
    "Glasarbeiter",
    "Meiselschmied",
    "Bolzenfunker",
    "Tunnelflicker",
    "Bronzekuppler",
    "Gussdrücker",
    "Tunneldrücker",
    "Gummischmied",
    "Felsrichter",
    "Wurzelknacker",
    "Eisennagler",
    "Zunderschreiber",
    "Kolbenschwinger",
    "Ritzelfechter",
    "Wurzelschleifer",
    "Quarzdreher",
    "Dampfbohrer",
    "Spulebastler",
    "Eisensteinläufer",
    "Zinnknirsch",
    "Federkuppler",
    "Eisensteinschleifer",
    "Zylinderläufer",
    "Ritzelfinder",
    "Kupfererzsammler",
    "Klingenfechter",
    "Kohledrücker",
    "Zunderwerfer",
    "Spuleschneider",
    "Eisensteinschwinger",
    "Meiselwerfer",
    "Tunnelwerfer",
    "Eisenknirsch",
    "Felsenschleifer",
    "Zunderklopf",
    "Dampfknacker",
    "Ritzelwerfer",
    "Federknirsch",
    "Schleifzähler",
    "Funkebringer",
    "Eisenschleifer",
    "Funkenmacher",
    "Kesselmacher",
    "Schraubfunker",
    "Kupferwerfer",
    "Feuerschraub",
    "Bronzebarrenschreiber",
    "Quarzräder",
    "Ritzelfräser",
    "Zunderwerker",
    "Kohlefräser",
    "Schraubzähler",
    "Wurzelbohrer",
    "Felsentüftler",
    "Dampffeiler",
    "Funkeschreiber",
    "Kupfererzmacher",
    "Funkenagler",
    "Bergknacker",
    "Zahnschwinger",
    "Ritzelbrenner",
    "Kupfererzdrücker",
    "Bolzenschöpfer",
    "Wurfbrenner",
    "Felsschmied",
    "Dampfhammer",
    "Kolbenbastler",
    "Kesselfechter",
    "Höhlenbauer",
    "Zunderräder",
    "Zundergießer",
    "Bolzenfechter",
    "Kristallläufer",
    "Glasdreher",
    "Kolbenfräser",
    "Kupferschraub",
    "Wurfzähler",
    "Hobelschuster",
    "Zinnschöpfer",
    "Funkeschöpfer",
    "Kohlesammler",
    "Bolzenfräser"
  ]
}