{
  "authors": [
    {
      "name": "munichjake",
      "email": "munichjake@dnd-session.de",
      "url": "https://dnd-session.de",
      "github": "https://github.com/munichjake"
    }
  ],
  "description": "English male gnome first names",
  "version": "1.0.0",
  "names": [
    "Bodbin",
    "Nimbin",
    "Pipbin",
    "Fizbin",
    "Zanbin",
    "Wigbin",
    "Nackbin",
    "Tinkbin",
    "Wobbin",
    "Belbin",
    "Fonbin",
    "Ebinbin",
    "Zilbin",
    "Wizzlebin",
    "Merribin",
    "Kipbin",
    "Dibbin",
    "Gigbin",
    "Hobbin",
    "Jebbin",
    "Knogbin",
    "Lixbin",
    "Mopbin",
    "Quonbin",
    "Bodbick",
    "Nimbick",
    "Pipbick",
    "Fizbick",
    "Zanbick",
    "Wigbick",
    "Nackbick",
    "Tinkbick",
    "Wobbick",
    "Belbick",
    "Fonbick",
    "Ebinbick",
    "Zilbick",
    "Wizzlebick",
    "Merribick",
    "Kipbick",
    "Dibbick",
    "Gigbick",
    "Hobbick",
    "Jebbick",
    "Knogbick",
    "Lixbick",
    "Mopbick",
    "Quonbick",
    "Bodton",
    "Nimton",
    "Pipton",
    "Fizton",
    "Zanton",
    "Wigton",
    "Nackton",
    "Tinkton",
    "Wobton",
    "Belton",
    "Fonton",
    "Ebinton",
    "Zilton",
    "Wizzleton",
    "Merriton",
    "Kipton",
    "Dibton",
    "Gigton",
    "Hobton",
    "Jebton",
    "Knogton",
    "Lixton",
    "Mopton",
    "Quonton",
    "Bodmop",
    "Nimmop",
    "Pipmop",
    "Fizmop",
    "Zanmop",
    "Wigmop",
    "Nackmop",
    "Tinkmop",
    "Wobmop",
    "Belmop",
    "Fonmop",
    "Ebinmop",
    "Zilmop",
    "Wizzlemop",
    "Merrimop",
    "Kipmop",
    "Dibmop",
    "Gigmop",
    "Hobmop",
    "Jebmop",
    "Knogmop",
    "Lixmop",
    "Mopmop",
    "Quonmop",
    "Bodwick",
    "Nimwick",
    "Pipwick",
    "Fizwick",
    "Zanwick",
    "Wigwick",
    "Nackwick",
    "Tinkwick",
    "Wobwick",
    "Belwick",
    "Fonwick",
    "Ebinwick",
    "Zilwick",
    "Wizzlewick",
    "Merriwick",
    "Kipwick",
    "Dibwick",
    "Gigwick",
    "Hobwick",
    "Jebwick",
    "Knogwick",
    "Lixwick",
    "Mopwick",
    "Quonwick",
    "Bodbert",
    "Nimbert",
    "Pipbert",
    "Fizbert",
    "Zanbert",
    "Wigbert",
    "Nackbert",
    "Tinkbert",
    "Wobbert",
    "Belbert",
    "Fonbert",
    "Ebinbert",
    "Zilbert",
    "Wizzlebert",
    "Merribert",
    "Kipbert",
    "Dibbert",
    "Gigbert",
    "Hobbert",
    "Jebbert",
    "Knogbert",
    "Lixbert",
    "Mopbert",
    "Quonbert",
    "Bodnock",
    "Nimnock",
    "Pipnock",
    "Fiznock",
    "Zannock",
    "Wignock",
    "Nacknock",
    "Tinknock",
    "Wobnock",
    "Belnock",
    "Fonnock",
    "Ebinnock",
    "Zilnock",
    "Wizzlenock",
    "Merrinock",
    "Kipnock",
    "Dibnock",
    "Gignock",
    "Hobnock",
    "Jebnock",
    "Knognock",
    "Lixnock",
    "Mopnock",
    "Quonnock",
    "Bodwin",
    "Nimwin",
    "Pipwin",
    "Fizwin",
    "Zanwin",
    "Wigwin",
    "Nackwin",
    "Tinkwin",
    "Wobwin",
    "Belwin",
    "Fonwin",
    "Ebinwin",
    "Zilwin",
    "Wizzlewin",
    "Merriwin",
    "Kipwin",
    "Dibwin",
    "Gigwin",
    "Hobwin",
    "Jebwin",
    "Knogwin",
    "Lixwin",
    "Mopwin",
    "Quonwin",
    "Bodryn",
    "Nimryn",
    "Pipryn",
    "Fizryn",
    "Zanryn",
    "Wigryn",
    "Nackryn",
    "Tinkryn",
    "Wobryn",
    "Belryn",
    "Fonryn",
    "Ebinryn",
    "Zilryn",
    "Wizzleryn",
    "Merriryn",
    "Kipryn",
    "Dibryn",
    "Gigryn",
    "Hobryn",
    "Jebryn",
    "Knogryn",
    "Lixryn",
    "Mopryn",
    "Quonryn",
    "Bodbinbin",
    "Bodbickbin",
    "Bodbertbin",
    "Boddlebin",
    "Bodmopbin",
    "Bodwickbin",
    "Bodwizzlebin",
    "Bodbopbin",
    "Boddoodlebin",
    "Bodfizzbin",
    "Bodmugbin",
    "Bodnockbin",
    "Bodtonbin",
    "Bodwinbin",
    "Bodvynbin",
    "Bodrynbin",
    "Bodbelbin",
    "Bodpuffbin",
    "Bodtootbin",
    "Bodlopbin",
    "Bodwigbin",
    "Bodpiddlebin",
    "Bodsprybin",
    "Bodnibbin",
    "Nimbinbin",
    "Nimbickbin",
    "Nimbertbin",
    "Nimdlebin",
    "Nimmopbin",
    "Nimwickbin",
    "Nimwizzlebin",
    "Nimbopbin",
    "Nimdoodlebin",
    "Nimfizzbin",
    "Nimmugbin",
    "Nimnockbin",
    "Nimtonbin",
    "Nimwinbin",
    "Nimvynbin",
    "Nimrynbin",
    "Nimbelbin",
    "Nimpuffbin",
    "Nimtootbin",
    "Nimlopbin",
    "Nimwigbin",
    "Nimpiddlebin",
    "Nimsprybin",
    "Nimnibbin",
    "Pipbinbin",
    "Pipbickbin",
    "Pipbertbin",
    "Pipdlebin",
    "Pipmopbin",
    "Pipwickbin",
    "Pipwizzlebin",
    "Pipbopbin",
    "Pipdoodlebin",
    "Pipfizzbin",
    "Pipmugbin",
    "Pipnockbin",
    "Piptonbin",
    "Pipwinbin",
    "Pipvynbin",
    "Piprynbin",
    "Pipbelbin",
    "Pippuffbin",
    "Piptootbin",
    "Piplopbin",
    "Pipwigbin",
    "Pippiddlebin",
    "Pipsprybin",
    "Pipnibbin",
    "Fizbinbin",
    "Fizbickbin",
    "Fizbertbin",
    "Fizdlebin",
    "Fizmopbin",
    "Fizwickbin",
    "Fizwizzlebin",
    "Fizbopbin",
    "Fizdoodlebin",
    "Fizfizzbin",
    "Fizmugbin",
    "Fiznockbin",
    "Fiztonbin",
    "Fizwinbin",
    "Fizvynbin",
    "Fizrynbin",
    "Fizbelbin",
    "Fizpuffbin",
    "Fiztootbin",
    "Fizlopbin",
    "Fizwigbin",
    "Fizpiddlebin",
    "Fizsprybin",
    "Fiznibbin",
    "Zanbinbin",
    "Zanbickbin",
    "Zanbertbin",
    "Zandlebin",
    "Zanmopbin",
    "Zanwickbin",
    "Zanwizzlebin",
    "Zanbopbin",
    "Zandoodlebin",
    "Zanfizzbin",
    "Zanmugbin",
    "Zannockbin",
    "Zantonbin",
    "Zanwinbin",
    "Zanvynbin",
    "Zanrynbin",
    "Zanbelbin",
    "Zanpuffbin",
    "Zantootbin",
    "Zanlopbin",
    "Zanwigbin",
    "Zanpiddlebin",
    "Zansprybin",
    "Zannibbin",
    "Wigbinbin",
    "Wigbickbin",
    "Wigbertbin",
    "Wigdlebin",
    "Wigmopbin",
    "Wigwickbin",
    "Wigwizzlebin",
    "Wigbopbin",
    "Wigdoodlebin",
    "Wigfizzbin",
    "Wigmugbin",
    "Wignockbin",
    "Wigtonbin",
    "Wigwinbin",
    "Wigvynbin",
    "Wigrynbin",
    "Wigbelbin",
    "Wigpuffbin",
    "Wigtootbin",
    "Wiglopbin",
    "Wigwigbin",
    "Wigpiddlebin",
    "Wigsprybin",
    "Wignibbin",
    "Nackbinbin",
    "Nackbickbin",
    "Nackbertbin",
    "Nackdlebin",
    "Nackmopbin",
    "Nackwickbin",
    "Nackwizzlebin",
    "Nackbopbin",
    "Nackdoodlebin",
    "Nackfizzbin",
    "Nackmugbin",
    "Nacknockbin",
    "Nacktonbin",
    "Nackwinbin",
    "Nackvynbin",
    "Nackrynbin",
    "Nackbelbin",
    "Nackpuffbin",
    "Nacktootbin",
    "Nacklopbin",
    "Nackwigbin",
    "Nackpiddlebin",
    "Nacksprybin",
    "Nacknibbin",
    "Tinkbinbin",
    "Tinkbickbin",
    "Tinkbertbin",
    "Tinkdlebin",
    "Tinkmopbin",
    "Tinkwickbin",
    "Tinkwizzlebin",
    "Tinkbopbin",
    "Tinkdoodlebin",
    "Tinkfizzbin",
    "Tinkmugbin",
    "Tinknockbin",
    "Tinktonbin",
    "Tinkwinbin",
    "Tinkvynbin",
    "Tinkrynbin",
    "Tinkbelbin",
    "Tinkpuffbin",
    "Tinktootbin",
    "Tinklopbin",
    "Tinkwigbin",
    "Tinkpiddlebin",
    "Tinksprybin",
    "Tinknibbin",
    "Wobbinbin",
    "Wobbickbin",
    "Wobbertbin",
    "Wobdlebin",
    "Wobmopbin",
    "Wobwickbin",
    "Wobwizzlebin",
    "Wobbopbin",
    "Wobdoodlebin",
    "Wobfizzbin",
    "Wobmugbin",
    "Wobnockbin",
    "Wobtonbin",
    "Wobwinbin",
    "Wobvynbin",
    "Wobrynbin",
    "Wobbelbin",
    "Wobpuffbin",
    "Wobtootbin",
    "Woblopbin",
    "Wobwigbin",
    "Wobpiddlebin",
    "Wobsprybin",
    "Wobnibbin",
    "Belbinbin",
    "Belbickbin",
    "Belbertbin",
    "Beldlebin",
    "Belmopbin",
    "Belwickbin",
    "Belwizzlebin",
    "Belbopbin",
    "Beldoodlebin",
    "Belfizzbin",
    "Belmugbin",
    "Belnockbin",
    "Beltonbin",
    "Belwinbin",
    "Belvynbin",
    "Belrynbin",
    "Belbelbin",
    "Belpuffbin",
    "Beltootbin",
    "Bellopbin",
    "Belwigbin",
    "Belpiddlebin",
    "Belsprybin",
    "Belnibbin",
    "Fonbinbin",
    "Fonbickbin",
    "Fonbertbin",
    "Fondlebin",
    "Fonmopbin",
    "Fonwickbin",
    "Fonwizzlebin",
    "Fonbopbin",
    "Fondoodlebin",
    "Fonfizzbin",
    "Fonmugbin",
    "Fonnockbin",
    "Fontonbin",
    "Fonwinbin",
    "Fonvynbin",
    "Fonrynbin",
    "Fonbelbin",
    "Fonpuffbin",
    "Fontootbin",
    "Fonlopbin",
    "Fonwigbin",
    "Fonpiddlebin",
    "Fonsprybin",
    "Fonnibbin",
    "Ebinbinbin",
    "Ebinbickbin",
    "Ebinbertbin",
    "Ebindlebin",
    "Ebinmopbin",
    "Ebinwickbin",
    "Ebinwizzlebin",
    "Ebinbopbin",
    "Ebindoodlebin",
    "Ebinfizzbin",
    "Ebinmugbin",
    "Ebinnockbin",
    "Ebintonbin",
    "Ebinwinbin",
    "Ebinvynbin",
    "Ebinrynbin",
    "Ebinbelbin",
    "Ebinpuffbin",
    "Ebintootbin",
    "Ebinlopbin",
    "Ebinwigbin",
    "Ebinpiddlebin",
    "Ebinsprybin",
    "Ebinnibbin",
    "Zilbinbin",
    "Zilbickbin",
    "Zilbertbin",
    "Zildlebin",
    "Zilmopbin",
    "Zilwickbin",
    "Zilwizzlebin",
    "Zilbopbin",
    "Zildoodlebin",
    "Zilfizzbin",
    "Zilmugbin",
    "Zilnockbin",
    "Ziltonbin",
    "Zilwinbin",
    "Zilvynbin",
    "Zilrynbin",
    "Zilbelbin",
    "Zilpuffbin",
    "Ziltootbin",
    "Zillopbin",
    "Zilwigbin",
    "Zilpiddlebin",
    "Zilsprybin",
    "Zilnibbin",
    "Wizzlebinbin",
    "Wizzlebickbin",
    "Wizzlebertbin",
    "Wizzledlebin",
    "Wizzlemopbin",
    "Wizzlewickbin",
    "Wizzlewizzlebin",
    "Wizzlebopbin",
    "Wizzledoodlebin",
    "Wizzlefizzbin",
    "Wizzlemugbin",
    "Wizzlenockbin",
    "Wizzletonbin",
    "Wizzlewinbin",
    "Wizzlevynbin",
    "Wizzlerynbin",
    "Wizzlebelbin",
    "Wizzlepuffbin",
    "Wizzletootbin",
    "Wizzlelopbin",
    "Wizzlewigbin",
    "Wizzlepiddlebin",
    "Wizzlesprybin",
    "Wizzlenibbin",
    "Merribinbin",
    "Merribickbin",
    "Merribertbin",
    "Merridlebin",
    "Merrimopbin",
    "Merriwickbin",
    "Merriwizzlebin",
    "Merribopbin",
    "Merridoodlebin",
    "Merrifizzbin",
    "Merrimugbin",
    "Merrinockbin",
    "Merritonbin",
    "Merriwinbin",
    "Merrivynbin",
    "Merrirynbin",
    "Merribelbin",
    "Merripuffbin",
    "Merritootbin",
    "Merrilopbin",
    "Merriwigbin",
    "Merripiddlebin",
    "Merrisprybin",
    "Merrinibbin",
    "Kipbinbin",
    "Kipbickbin",
    "Kipbertbin",
    "Kipdlebin",
    "Kipmopbin",
    "Kipwickbin",
    "Kipwizzlebin",
    "Kipbopbin",
    "Kipdoodlebin",
    "Kipfizzbin",
    "Kipmugbin",
    "Kipnockbin",
    "Kiptonbin",
    "Kipwinbin",
    "Kipvynbin",
    "Kiprynbin",
    "Kipbelbin",
    "Kippuffbin",
    "Kiptootbin",
    "Kiplopbin",
    "Kipwigbin",
    "Kippiddlebin",
    "Kipsprybin",
    "Kipnibbin",
    "Dibbinbin",
    "Dibbickbin",
    "Dibbertbin",
    "Dibdlebin",
    "Dibmopbin",
    "Dibwickbin",
    "Dibwizzlebin",
    "Dibbopbin",
    "Dibdoodlebin",
    "Dibfizzbin",
    "Dibmugbin",
    "Dibnockbin",
    "Dibtonbin",
    "Dibwinbin",
    "Dibvynbin",
    "Dibrynbin",
    "Dibbelbin",
    "Dibpuffbin",
    "Dibtootbin",
    "Diblopbin",
    "Dibwigbin",
    "Dibpiddlebin",
    "Dibsprybin",
    "Dibnibbin",
    "Gigbinbin",
    "Gigbickbin",
    "Gigbertbin",
    "Gigdlebin",
    "Gigmopbin",
    "Gigwickbin",
    "Gigwizzlebin",
    "Gigbopbin",
    "Gigdoodlebin",
    "Gigfizzbin",
    "Gigmugbin",
    "Gignockbin",
    "Gigtonbin",
    "Gigwinbin",
    "Gigvynbin",
    "Gigrynbin",
    "Gigbelbin",
    "Gigpuffbin",
    "Gigtootbin",
    "Giglopbin",
    "Gigwigbin",
    "Gigpiddlebin",
    "Gigsprybin",
    "Gignibbin",
    "Hobbinbin",
    "Hobbickbin",
    "Hobbertbin",
    "Hobdlebin",
    "Hobmopbin",
    "Hobwickbin",
    "Hobwizzlebin",
    "Hobbopbin",
    "Hobdoodlebin",
    "Hobfizzbin",
    "Hobmugbin",
    "Hobnockbin",
    "Hobtonbin",
    "Hobwinbin",
    "Hobvynbin",
    "Hobrynbin",
    "Hobbelbin",
    "Hobpuffbin",
    "Hobtootbin",
    "Hoblopbin",
    "Hobwigbin",
    "Hobpiddlebin",
    "Hobsprybin",
    "Hobnibbin",
    "Jebbinbin",
    "Jebbickbin",
    "Jebbertbin",
    "Jebdlebin",
    "Jebmopbin",
    "Jebwickbin",
    "Jebwizzlebin",
    "Jebbopbin",
    "Jebdoodlebin",
    "Jebfizzbin",
    "Jebmugbin",
    "Jebnockbin",
    "Jebtonbin",
    "Jebwinbin",
    "Jebvynbin",
    "Jebrynbin",
    "Jebbelbin",
    "Jebpuffbin",
    "Jebtootbin",
    "Jeblopbin",
    "Jebwigbin",
    "Jebpiddlebin",
    "Jebsprybin",
    "Jebnibbin",
    "Knogbinbin",
    "Knogbickbin",
    "Knogbertbin",
    "Knogdlebin",
    "Knogmopbin",
    "Knogwickbin",
    "Knogwizzlebin",
    "Knogbopbin",
    "Knogdoodlebin",
    "Knogfizzbin",
    "Knogmugbin",
    "Knognockbin",
    "Knogtonbin",
    "Knogwinbin",
    "Knogvynbin",
    "Knogrynbin",
    "Knogbelbin",
    "Knogpuffbin",
    "Knogtootbin",
    "Knoglopbin",
    "Knogwigbin",
    "Knogpiddlebin",
    "Knogsprybin",
    "Knognibbin",
    "Lixbinbin",
    "Lixbickbin",
    "Lixbertbin",
    "Lixdlebin",
    "Lixmopbin",
    "Lixwickbin",
    "Lixwizzlebin",
    "Lixbopbin",
    "Lixdoodlebin",
    "Lixfizzbin",
    "Lixmugbin",
    "Lixnockbin",
    "Lixtonbin",
    "Lixwinbin",
    "Lixvynbin",
    "Lixrynbin",
    "Lixbelbin",
    "Lixpuffbin",
    "Lixtootbin",
    "Lixlopbin",
    "Lixwigbin",
    "Lixpiddlebin",
    "Lixsprybin",
    "Lixnibbin",
    "Mopbinbin",
    "Mopbickbin",
    "Mopbertbin",
    "Mopdlebin",
    "Mopmopbin",
    "Mopwickbin",
    "Mopwizzlebin",
    "Mopbopbin",
    "Mopdoodlebin",
    "Mopfizzbin",
    "Mopmugbin",
    "Mopnockbin",
    "Moptonbin",
    "Mopwinbin",
    "Mopvynbin",
    "Moprynbin",
    "Mopbelbin",
    "Moppuffbin",
    "Moptootbin",
    "Moplopbin",
    "Mopwigbin",
    "Moppiddlebin",
    "Mopsprybin",
    "Mopnibbin",
    "Quonbinbin",
    "Quonbickbin",
    "Quonbertbin",
    "Quondlebin",
    "Quonmopbin",
    "Quonwickbin",
    "Quonwizzlebin",
    "Quonbopbin",
    "Quondoodlebin",
    "Quonfizzbin",
    "Quonmugbin",
    "Quonnockbin",
    "Quontonbin",
    "Quonwinbin",
    "Quonvynbin",
    "Quonrynbin",
    "Quonbelbin",
    "Quonpuffbin",
    "Quontootbin",
    "Quonlopbin",
    "Quonwigbin",
    "Quonpiddlebin",
    "Quonsprybin",
    "Quonnibbin",
    "Bodbinbick",
    "Bodbickbick",
    "Bodbertbick",
    "Boddlebick",
    "Bodmopbick",
    "Bodwickbick",
    "Bodwizzlebick",
    "Bodbopbick",
    "Boddoodlebick",
    "Bodfizzbick",
    "Bodmugbick",
    "Bodnockbick",
    "Bodtonbick",
    "Bodwinbick",
    "Bodvynbick",
    "Bodrynbick",
    "Bodbelbick",
    "Bodpuffbick",
    "Bodtootbick",
    "Bodlopbick",
    "Bodwigbick",
    "Bodpiddlebick",
    "Bodsprybick",
    "Bodnibbick",
    "Nimbinbick",
    "Nimbickbick",
    "Nimbertbick",
    "Nimdlebick",
    "Nimmopbick",
    "Nimwickbick",
    "Nimwizzlebick",
    "Nimbopbick",
    "Nimdoodlebick",
    "Nimfizzbick",
    "Nimmugbick",
    "Nimnockbick",
    "Nimtonbick",
    "Nimwinbick",
    "Nimvynbick",
    "Nimrynbick",
    "Nimbelbick",
    "Nimpuffbick",
    "Nimtootbick",
    "Nimlopbick",
    "Nimwigbick",
    "Nimpiddlebick",
    "Nimsprybick",
    "Nimnibbick",
    "Pipbinbick",
    "Pipbickbick",
    "Pipbertbick",
    "Pipdlebick",
    "Pipmopbick",
    "Pipwickbick",
    "Pipwizzlebick",
    "Pipbopbick",
    "Pipdoodlebick",
    "Pipfizzbick",
    "Pipmugbick",
    "Pipnockbick",
    "Piptonbick",
    "Pipwinbick",
    "Pipvynbick",
    "Piprynbick",
    "Pipbelbick",
    "Pippuffbick",
    "Piptootbick",
    "Piplopbick",
    "Pipwigbick",
    "Pippiddlebick",
    "Pipsprybick",
    "Pipnibbick",
    "Fizbinbick",
    "Fizbickbick",
    "Fizbertbick",
    "Fizdlebick",
    "Fizmopbick",
    "Fizwickbick",
    "Fizwizzlebick",
    "Fizbopbick",
    "Fizdoodlebick",
    "Fizfizzbick",
    "Fizmugbick",
    "Fiznockbick",
    "Fiztonbick",
    "Fizwinbick",
    "Fizvynbick",
    "Fizrynbick",
    "Fizbelbick",
    "Fizpuffbick",
    "Fiztootbick",
    "Fizlopbick",
    "Fizwigbick",
    "Fizpiddlebick",
    "Fizsprybick",
    "Fiznibbick",
    "Zanbinbick",
    "Zanbickbick",
    "Zanbertbick",
    "Zandlebick",
    "Zanmopbick",
    "Zanwickbick",
    "Zanwizzlebick",
    "Zanbopbick",
    "Zandoodlebick",
    "Zanfizzbick",
    "Zanmugbick",
    "Zannockbick",
    "Zantonbick",
    "Zanwinbick",
    "Zanvynbick",
    "Zanrynbick",
    "Zanbelbick",
    "Zanpuffbick",
    "Zantootbick",
    "Zanlopbick",
    "Zanwigbick",
    "Zanpiddlebick",
    "Zansprybick",
    "Zannibbick",
    "Wigbinbick",
    "Wigbickbick",
    "Wigbertbick",
    "Wigdlebick",
    "Wigmopbick",
    "Wigwickbick",
    "Wigwizzlebick",
    "Wigbopbick",
    "Wigdoodlebick",
    "Wigfizzbick",
    "Wigmugbick",
    "Wignockbick",
    "Wigtonbick",
    "Wigwinbick",
    "Wigvynbick",
    "Wigrynbick",
    "Wigbelbick",
    "Wigpuffbick",
    "Wigtootbick",
    "Wiglopbick",
    "Wigwigbick",
    "Wigpiddlebick",
    "Wigsprybick",
    "Wignibbick",
    "Nackbinbick",
    "Nackbickbick",
    "Nackbertbick",
    "Nackdlebick",
    "Nackmopbick",
    "Nackwickbick",
    "Nackwizzlebick",
    "Nackbopbick",
    "Nackdoodlebick",
    "Nackfizzbick",
    "Nackmugbick",
    "Nacknockbick",
    "Nacktonbick",
    "Nackwinbick",
    "Nackvynbick",
    "Nackrynbick",
    "Nackbelbick",
    "Nackpuffbick",
    "Nacktootbick",
    "Nacklopbick",
    "Nackwigbick",
    "Nackpiddlebick",
    "Nacksprybick",
    "Nacknibbick",
    "Tinkbinbick",
    "Tinkbickbick",
    "Tinkbertbick",
    "Tinkdlebick",
    "Tinkmopbick",
    "Tinkwickbick",
    "Tinkwizzlebick",
    "Tinkbopbick",
    "Tinkdoodlebick",
    "Tinkfizzbick",
    "Tinkmugbick",
    "Tinknockbick",
    "Tinktonbick",
    "Tinkwinbick",
    "Tinkvynbick",
    "Tinkrynbick",
    "Tinkbelbick",
    "Tinkpuffbick",
    "Tinktootbick",
    "Tinklopbick",
    "Tinkwigbick",
    "Tinkpiddlebick",
    "Tinksprybick",
    "Tinknibbick",
    "Wobbinbick",
    "Wobbickbick",
    "Wobbertbick",
    "Wobdlebick",
    "Wobmopbick",
    "Wobwickbick",
    "Wobwizzlebick",
    "Wobbopbick",
    "Wobdoodlebick",
    "Wobfizzbick",
    "Wobmugbick",
    "Wobnockbick",
    "Wobtonbick",
    "Wobwinbick",
    "Wobvynbick",
    "Wobrynbick",
    "Wobbelbick",
    "Wobpuffbick",
    "Wobtootbick",
    "Woblopbick",
    "Wobwigbick",
    "Wobpiddlebick",
    "Wobsprybick",
    "Wobnibbick",
    "Belbinbick",
    "Belbickbick",
    "Belbertbick",
    "Beldlebick",
    "Belmopbick",
    "Belwickbick",
    "Belwizzlebick",
    "Belbopbick",
    "Beldoodlebick",
    "Belfizzbick",
    "Belmugbick",
    "Belnockbick",
    "Beltonbick",
    "Belwinbick",
    "Belvynbick",
    "Belrynbick",
    "Belbelbick",
    "Belpuffbick",
    "Beltootbick",
    "Bellopbick",
    "Belwigbick"
  ]
}