{
  "authors": [
    {
      "name": "munichjake",
      "email": "munichjake@dnd-session.de",
      "url": "https://dnd-session.de",
      "github": "https://github.com/munichjake"
    }
  ],
  "description": "English female halfling first names",
  "version": "1.0.0",
  "names": [
    "Pera",
    "Rosa",
    "Fina",
    "Lia",
    "Sera",
    "Mela",
    "Tala",
    "Cala",
    "Bela",
    "Tima",
    "Gila",
    "Wila",
    "Sama",
    "Froa",
    "Bila",
    "Mara",
    "Elia",
    "Adaa",
    "Cora",
    "Dava",
    "Dera",
    "Elaa",
    "Fela",
    "Gora",
    "Hera",
    "Isaa",
    "Jana",
    "Kara",
    "Lora",
    "Mika",
    "Nora",
    "Olia",
    "Pala",
    "Quina",
    "Riaa",
    "Sila",
    "Tora",
    "Vica",
    "Peria",
    "Rosia",
    "Finia",
    "Liia",
    "Seria",
    "Melia",
    "Talia",
    "Calia",
    "Belia",
    "Timia",
    "Gilia",
    "Wilia",
    "Samia",
    "Froia",
    "Bilia",
    "Maria",
    "Eliia",
    "Adaia",
    "Coria",
    "Davia",
    "Deria",
    "Elaia",
    "Felia",
    "Goria",
    "Heria",
    "Isaia",
    "Jania",
    "Karia",
    "Loria",
    "Mikia",
    "Noria",
    "Oliia",
    "Palia",
    "Quinia",
    "Riaia",
    "Silia",
    "Toria",
    "Vicia",
    "Perie",
    "Rosie",
    "Finie",
    "Liie",
    "Serie",
    "Melie",
    "Talie",
    "Calie",
    "Belie",
    "Timie",
    "Gilie",
    "Wilie",
    "Samie",
    "Froie",
    "Bilie",
    "Marie",
    "Eliie",
    "Adaie",
    "Corie",
    "Davie",
    "Derie",
    "Elaie",
    "Felie",
    "Gorie",
    "Herie",
    "Isaie",
    "Janie",
    "Karie",
    "Lorie",
    "Mikie",
    "Norie",
    "Oliie",
    "Palie",
    "Quinie",
    "Riaie",
    "Silie",
    "Torie",
    "Vicie",
    "Perine",
    "Rosine",
    "Finine",
    "Liine",
    "Serine",
    "Meline",
    "Taline",
    "Caline",
    "Beline",
    "Timine",
    "Giline",
    "Wiline",
    "Samine",
    "Froine",
    "Biline",
    "Marine",
    "Eliine",
    "Adaine",
    "Corine",
    "Davine",
    "Derine",
    "Elaine",
    "Feline",
    "Gorine",
    "Herine",
    "Isaine",
    "Janine",
    "Karine",
    "Lorine",
    "Mikine",
    "Norine",
    "Oliine",
    "Paline",
    "Quinine",
    "Riaine",
    "Siline",
    "Torine",
    "Vicine",
    "Pereth",
    "Roseth",
    "Fineth",
    "Lieth",
    "Sereth",
    "Meleth",
    "Taleth",
    "Caleth",
    "Beleth",
    "Timeth",
    "Gileth",
    "Wileth",
    "Sameth",
    "Froeth",
    "Bileth",
    "Mareth",
    "Elieth",
    "Adaeth",
    "Coreth",
    "Daveth",
    "Dereth",
    "Elaeth",
    "Feleth",
    "Goreth",
    "Hereth",
    "Isaeth",
    "Janeth",
    "Kareth",
    "Loreth",
    "Miketh",
    "Noreth",
    "Olieth",
    "Paleth",
    "Quineth",
    "Riaeth",
    "Sileth",
    "Toreth",
    "Viceth",
    "Perlyn",
    "Roslyn",
    "Finlyn",
    "Lilyn",
    "Serlyn",
    "Mellyn",
    "Tallyn",
    "Callyn",
    "Bellyn",
    "Timlyn",
    "Gillyn",
    "Willyn",
    "Samlyn",
    "Frolyn",
    "Billyn",
    "Marlyn",
    "Elilyn",
    "Adalyn",
    "Corlyn",
    "Davlyn",
    "Derlyn",
    "Elalyn",
    "Fellyn",
    "Gorlyn",
    "Herlyn",
    "Isalyn",
    "Janlyn",
    "Karlyn",
    "Lorlyn",
    "Miklyn",
    "Norlyn",
    "Olilyn",
    "Pallyn",
    "Quinlyn",
    "Rialyn",
    "Sillyn",
    "Torlyn",
    "Viclyn",
    "Perelle",
    "Roselle",
    "Finelle",
    "Lielle",
    "Serelle",
    "Melelle",
    "Talelle",
    "Calelle",
    "Belelle",
    "Timelle",
    "Gilelle",
    "Wilelle",
    "Samelle",
    "Froelle",
    "Bilelle",
    "Marelle",
    "Elielle",
    "Adaelle",
    "Corelle",
    "Davelle",
    "Derelle",
    "Elaelle",
    "Felelle",
    "Gorelle",
    "Herelle",
    "Isaelle",
    "Janelle",
    "Karelle",
    "Lorelle",
    "Mikelle",
    "Norelle",
    "Olielle",
    "Palelle",
    "Quinelle",
    "Riaelle",
    "Silelle",
    "Torelle",
    "Vicelle",
    "Perara",
    "Rosara",
    "Finara",
    "Liara",
    "Serara",
    "Melara",
    "Talara",
    "Calara",
    "Belara",
    "Timara",
    "Gilara",
    "Wilara",
    "Samara",
    "Froara",
    "Bilara",
    "Marara",
    "Eliara",
    "Adaara",
    "Corara",
    "Davara",
    "Derara",
    "Elaara",
    "Felara",
    "Gorara",
    "Herara",
    "Isaara",
    "Janara",
    "Karara",
    "Lorara",
    "Mikara",
    "Norara",
    "Oliara",
    "Palara",
    "Quinara",
    "Riaara",
    "Silara",
    "Torara",
    "Vicara",
    "Perena",
    "Rosena",
    "Finena",
    "Liena",
    "Serena",
    "Melena",
    "Talena",
    "Calena",
    "Belena",
    "Timena",
    "Gilena",
    "Wilena",
    "Samena",
    "Froena",
    "Bilena",
    "Marena",
    "Eliena",
    "Adaena",
    "Corena",
    "Davena",
    "Derena",
    "Elaena",
    "Felena",
    "Gorena",
    "Herena",
    "Isaena",
    "Janena",
    "Karena",
    "Lorena",
    "Mikena",
    "Norena",
    "Oliena",
    "Palena",
    "Quinena",
    "Riaena",
    "Silena",
    "Torena",
    "Vicena",
    "Perona",
    "Perana",
    "Perina",
    "Perora",
    "Perosa",
    "Perera",
    "Perasa",
    "Perusa",
    "Perira",
    "Peryna",
    "Perela",
    "Periaa",
    "Periea",
    "Peretha",
    "Perlea",
    "Peroa",
    "Peraa",
    "Pericea",
    "Perraa",
    "Perria",
    "Rosona",
    "Rosana",
    "Rosina",
    "Rosora",
    "Rososa",
    "Rosera",
    "Rosasa",
    "Rosusa",
    "Rosira",
    "Rosyna",
    "Rosela",
    "Rosiaa",
    "Rosiea",
    "Rosetha",
    "Roslea",
    "Rosoa",
    "Rosaa",
    "Rosicea",
    "Rosraa",
    "Rosria",
    "Finona",
    "Finana",
    "Finina",
    "Finora",
    "Finosa",
    "Finera",
    "Finasa",
    "Finusa",
    "Finira",
    "Finyna",
    "Finela",
    "Finiaa",
    "Finiea",
    "Finetha",
    "Finlea",
    "Finoa",
    "Finaa",
    "Finicea",
    "Finraa",
    "Finria",
    "Liona",
    "Liana",
    "Liina",
    "Liora",
    "Liosa",
    "Liera",
    "Liasa",
    "Liusa",
    "Liira",
    "Liyna",
    "Liela",
    "Liiaa",
    "Liiea",
    "Lietha",
    "Lilea",
    "Lioa",
    "Liaa",
    "Liicea",
    "Liraa",
    "Liria",
    "Serona",
    "Serana",
    "Serina",
    "Serora",
    "Serosa",
    "Serera",
    "Serasa",
    "Serusa",
    "Serira",
    "Seryna",
    "Serela",
    "Seriaa",
    "Seriea",
    "Seretha",
    "Serlea",
    "Seroa",
    "Seraa",
    "Sericea",
    "Serraa",
    "Serria",
    "Melona",
    "Melana",
    "Melina",
    "Melora",
    "Melosa",
    "Melera",
    "Melasa",
    "Melusa",
    "Melira",
    "Melyna",
    "Melela",
    "Meliaa",
    "Meliea",
    "Meletha",
    "Mellea",
    "Meloa",
    "Melaa",
    "Melicea",
    "Melraa",
    "Melria",
    "Talona",
    "Talana",
    "Talina",
    "Talora",
    "Talosa",
    "Talera",
    "Talasa",
    "Talusa",
    "Talira",
    "Talyna",
    "Talela",
    "Taliaa",
    "Taliea",
    "Taletha",
    "Tallea",
    "Taloa",
    "Talaa",
    "Talicea",
    "Talraa",
    "Talria",
    "Calona",
    "Calana",
    "Calina",
    "Calora",
    "Calosa",
    "Calera",
    "Calasa",
    "Calusa",
    "Calira",
    "Calyna",
    "Calela",
    "Caliaa",
    "Caliea",
    "Caletha",
    "Callea",
    "Caloa",
    "Calaa",
    "Calicea",
    "Calraa",
    "Calria",
    "Belona",
    "Belana",
    "Belina",
    "Belora",
    "Belosa",
    "Belera",
    "Belasa",
    "Belusa",
    "Belira",
    "Belyna",
    "Belela",
    "Beliaa",
    "Beliea",
    "Beletha",
    "Bellea",
    "Beloa",
    "Belaa",
    "Belicea",
    "Belraa",
    "Belria",
    "Timona",
    "Timana",
    "Timina",
    "Timora",
    "Timosa",
    "Timera",
    "Timasa",
    "Timusa",
    "Timira",
    "Timyna",
    "Timela",
    "Timiaa",
    "Timiea",
    "Timetha",
    "Timlea",
    "Timoa",
    "Timaa",
    "Timicea",
    "Timraa",
    "Timria",
    "Gilona",
    "Gilana",
    "Gilina",
    "Gilora",
    "Gilosa",
    "Gilera",
    "Gilasa",
    "Gilusa",
    "Gilira",
    "Gilyna",
    "Gilela",
    "Giliaa",
    "Giliea",
    "Giletha",
    "Gillea",
    "Giloa",
    "Gilaa",
    "Gilicea",
    "Gilraa",
    "Gilria",
    "Wilona",
    "Wilana",
    "Wilina",
    "Wilora",
    "Wilosa",
    "Wilera",
    "Wilasa",
    "Wilusa",
    "Wilira",
    "Wilyna",
    "Wilela",
    "Wiliaa",
    "Wiliea",
    "Wiletha",
    "Willea",
    "Wiloa",
    "Wilaa",
    "Wilicea",
    "Wilraa",
    "Wilria",
    "Samona",
    "Samana",
    "Samina",
    "Samora",
    "Samosa",
    "Samera",
    "Samasa",
    "Samusa",
    "Samira",
    "Samyna",
    "Samela",
    "Samiaa",
    "Samiea",
    "Sametha",
    "Samlea",
    "Samoa",
    "Samaa",
    "Samicea",
    "Samraa",
    "Samria",
    "Froona",
    "Froana",
    "Froina",
    "Froora",
    "Froosa",
    "Froera",
    "Froasa",
    "Frousa",
    "Froira",
    "Froyna",
    "Froela",
    "Froiaa",
    "Froiea",
    "Froetha",
    "Frolea",
    "Frooa",
    "Froaa",
    "Froicea",
    "Froraa",
    "Froria",
    "Bilona",
    "Bilana",
    "Bilina",
    "Bilora",
    "Bilosa",
    "Bilera",
    "Bilasa",
    "Bilusa",
    "Bilira",
    "Bilyna",
    "Bilela",
    "Biliaa",
    "Biliea",
    "Biletha",
    "Billea",
    "Biloa",
    "Bilaa",
    "Bilicea",
    "Bilraa",
    "Bilria",
    "Marona",
    "Marana",
    "Marina",
    "Marora",
    "Marosa",
    "Marera",
    "Marasa",
    "Marusa",
    "Marira",
    "Maryna",
    "Marela",
    "Mariaa",
    "Mariea",
    "Maretha",
    "Marlea",
    "Maroa",
    "Maraa",
    "Maricea",
    "Marraa",
    "Marria",
    "Eliona",
    "Eliana",
    "Eliina",
    "Eliora",
    "Eliosa",
    "Eliera",
    "Eliasa",
    "Eliusa",
    "Eliira",
    "Eliyna",
    "Eliela",
    "Eliiaa",
    "Eliiea",
    "Elietha",
    "Elilea",
    "Elioa",
    "Eliaa",
    "Eliicea",
    "Eliraa",
    "Eliria",
    "Adaona",
    "Adaana",
    "Adaina",
    "Adaora",
    "Adaosa",
    "Adaera",
    "Adaasa",
    "Adausa",
    "Adaira",
    "Adayna",
    "Adaela",
    "Adaiaa",
    "Adaiea",
    "Adaetha",
    "Adalea",
    "Adaoa",
    "Adaaa",
    "Adaicea",
    "Adaraa",
    "Adaria",
    "Corona",
    "Corana",
    "Corina",
    "Corora",
    "Corosa",
    "Corera",
    "Corasa",
    "Corusa",
    "Corira",
    "Coryna",
    "Corela",
    "Coriaa",
    "Coriea",
    "Coretha",
    "Corlea",
    "Coroa",
    "Coraa",
    "Coricea",
    "Corraa",
    "Corria",
    "Davona",
    "Davana",
    "Davina",
    "Davora",
    "Davosa",
    "Davera",
    "Davasa",
    "Davusa",
    "Davira",
    "Davyna",
    "Davela",
    "Daviaa",
    "Daviea",
    "Davetha",
    "Davlea",
    "Davoa",
    "Davaa",
    "Davicea",
    "Davraa",
    "Davria",
    "Derona",
    "Derana",
    "Derina",
    "Derora",
    "Derosa",
    "Derera",
    "Derasa",
    "Derusa",
    "Derira",
    "Deryna",
    "Derela",
    "Deriaa",
    "Deriea",
    "Deretha",
    "Derlea",
    "Deroa",
    "Deraa",
    "Dericea",
    "Derraa",
    "Derria",
    "Elaona",
    "Elaana",
    "Elaina",
    "Elaora",
    "Elaosa",
    "Elaera",
    "Elaasa",
    "Elausa",
    "Elaira",
    "Elayna",
    "Elaela",
    "Elaiaa",
    "Elaiea",
    "Elaetha",
    "Elalea",
    "Elaoa",
    "Elaaa",
    "Elaicea",
    "Elaraa",
    "Elaria",
    "Felona",
    "Felana",
    "Felina",
    "Felora",
    "Felosa",
    "Felera",
    "Felasa",
    "Felusa",
    "Felira",
    "Felyna",
    "Felela",
    "Feliaa",
    "Feliea",
    "Feletha",
    "Fellea",
    "Feloa",
    "Felaa",
    "Felicea",
    "Felraa",
    "Felria",
    "Gorona",
    "Gorana",
    "Gorina",
    "Gorora",
    "Gorosa",
    "Gorera",
    "Gorasa",
    "Gorusa",
    "Gorira",
    "Goryna",
    "Gorela",
    "Goriaa",
    "Goriea",
    "Goretha",
    "Gorlea",
    "Goroa",
    "Goraa",
    "Goricea",
    "Gorraa",
    "Gorria",
    "Herona",
    "Herana",
    "Herina",
    "Herora",
    "Herosa",
    "Herera",
    "Herasa",
    "Herusa",
    "Herira",
    "Heryna",
    "Herela",
    "Heriaa",
    "Heriea",
    "Heretha",
    "Herlea",
    "Heroa",
    "Heraa",
    "Hericea",
    "Herraa",
    "Herria",
    "Isaona",
    "Isaana",
    "Isaina",
    "Isaora",
    "Isaosa",
    "Isaera",
    "Isaasa",
    "Isausa",
    "Isaira",
    "Isayna",
    "Isaela",
    "Isaiaa",
    "Isaiea",
    "Isaetha",
    "Isalea",
    "Isaoa",
    "Isaaa",
    "Isaicea",
    "Isaraa",
    "Isaria",
    "Janona",
    "Janana",
    "Janina",
    "Janora",
    "Janosa",
    "Janera",
    "Janasa",
    "Janusa",
    "Janira",
    "Janyna",
    "Janela",
    "Janiaa",
    "Janiea",
    "Janetha",
    "Janlea",
    "Janoa",
    "Janaa",
    "Janicea",
    "Janraa",
    "Janria",
    "Karona",
    "Karana",
    "Karina",
    "Karora",
    "Karosa",
    "Karera",
    "Karasa",
    "Karusa",
    "Karira",
    "Karyna",
    "Karela",
    "Kariaa",
    "Kariea",
    "Karetha",
    "Karlea",
    "Karoa",
    "Karaa",
    "Karicea",
    "Karraa",
    "Karria",
    "Lorona",
    "Lorana",
    "Lorina",
    "Lorora",
    "Lorosa",
    "Lorera",
    "Lorasa",
    "Lorusa",
    "Lorira",
    "Loryna",
    "Lorela",
    "Loriaa",
    "Loriea",
    "Loretha",
    "Lorlea",
    "Loroa",
    "Loraa",
    "Loricea",
    "Lorraa",
    "Lorria",
    "Mikona",
    "Mikana",
    "Mikina",
    "Mikora",
    "Mikosa",
    "Mikera",
    "Mikasa",
    "Mikusa",
    "Mikira",
    "Mikyna",
    "Mikela",
    "Mikiaa",
    "Mikiea",
    "Miketha",
    "Miklea",
    "Mikoa",
    "Mikaa",
    "Mikicea",
    "Mikraa",
    "Mikria",
    "Norona",
    "Norana",
    "Norina",
    "Norora",
    "Norosa",
    "Norera",
    "Norasa",
    "Norusa",
    "Norira",
    "Noryna",
    "Norela",
    "Noriaa",
    "Noriea",
    "Noretha",
    "Norlea",
    "Noroa",
    "Noraa",
    "Noricea",
    "Norraa",
    "Norria",
    "Oliona",
    "Oliana",
    "Oliina",
    "Oliora",
    "Oliosa",
    "Oliera",
    "Oliasa",
    "Oliusa",
    "Oliira",
    "Oliyna",
    "Oliela",
    "Oliiaa",
    "Oliiea",
    "Olietha",
    "Olilea",
    "Olioa",
    "Oliaa",
    "Oliicea",
    "Oliraa",
    "Oliria",
    "Palona",
    "Palana",
    "Palina",
    "Palora",
    "Palosa",
    "Palera",
    "Palasa",
    "Palusa",
    "Palira",
    "Palyna",
    "Palela",
    "Paliaa",
    "Paliea",
    "Paletha",
    "Pallea",
    "Paloa",
    "Palaa",
    "Palicea",
    "Palraa",
    "Palria",
    "Quinona",
    "Quinana",
    "Quinina",
    "Quinora",
    "Quinosa",
    "Quinera",
    "Quinasa",
    "Quinusa",
    "Quinira",
    "Quinyna",
    "Quinela",
    "Quiniaa",
    "Quiniea",
    "Quinetha",
    "Quinlea",
    "Quinoa",
    "Quinaa",
    "Quinicea",
    "Quinraa",
    "Quinria",
    "Riaona",
    "Riaana",
    "Riaina",
    "Riaora",
    "Riaosa",
    "Riaera",
    "Riaasa",
    "Riausa",
    "Riaira",
    "Riayna",
    "Riaela",
    "Riaiaa",
    "Riaiea",
    "Riaetha",
    "Rialea",
    "Riaoa",
    "Riaaa",
    "Riaicea",
    "Riaraa",
    "Riaria",
    "Silona",
    "Silana",
    "Silina",
    "Silora",
    "Silosa",
    "Silera",
    "Silasa",
    "Silusa",
    "Silira",
    "Silyna",
    "Silela",
    "Siliaa",
    "Siliea",
    "Siletha",
    "Sillea",
    "Siloa",
    "Silaa",
    "Silicea",
    "Silraa",
    "Silria",
    "Torona",
    "Torana",
    "Torina",
    "Torora",
    "Torosa",
    "Torera",
    "Torasa",
    "Torusa",
    "Torira",
    "Toryna",
    "Torela",
    "Toriaa",
    "Toriea"
  ]
}