{
  "authors": [
    {
      "name": "munichjake",
      "email": "munichjake@dnd-session.de",
      "url": "https://dnd-session.de",
      "github": "https://github.com/munichjake"
    }
  ],
  "description": "English noble titles for Elves with grammar rules",
  "version": "1.1.0",
  "grammar": {
    "articles": {
      "of": {
        "m": "of",
        "f": "of",
        "n": "of"
      },
      "from": {
        "m": "from",
        "f": "from",
        "n": "from"
      },
      "in": {
        "m": "in",
        "f": "in",
        "n": "in"
      },
      "at": {
        "m": "at",
        "f": "at",
        "n": "at"
      }
    }
  },
  "titles": {
    "male": [
      {
        "name": "Bloomlord",
        "template": "Bloomlord {preposition} {settlement}",
        "preposition": "of"
      },
      {
        "name": "Groveprince",
        "template": "Groveprince {preposition} {settlement}",
        "preposition": "of"
      },
      {
        "name": "Moonbaron",
        "template": "Moonbaron {preposition} {settlement}",
        "preposition": "of"
      },
      {
        "name": "Forestknight",
        "template": "Forestknight {preposition} {settlement}",
        "preposition": "of"
      },
      {
        "name": "Starprince",
        "template": "Starprince {preposition} {settlement}",
        "preposition": "of"
      },
      {
        "name": "Silvercount",
        "template": "Silvercount {preposition} {settlement}",
        "preposition": "of"
      },
      {
        "name": "Lightweaver",
        "template": "Lightweaver {preposition} {settlement}",
        "preposition": "of"
      }
    ],
    "female": [
      {
        "name": "Bloomlady",
        "template": "Bloomlady {preposition} {settlement}",
        "preposition": "of"
      },
      {
        "name": "Groveprincess",
        "template": "Groveprincess {preposition} {settlement}",
        "preposition": "of"
      },
      {
        "name": "Moonbaroness",
        "template": "Moonbaroness {preposition} {settlement}",
        "preposition": "of"
      },
      {
        "name": "Forestdame",
        "template": "Forestdame {preposition} {settlement}",
        "preposition": "of"
      },
      {
        "name": "Starprincess",
        "template": "Starprincess {preposition} {settlement}",
        "preposition": "of"
      },
      {
        "name": "Silvercountess",
        "template": "Silvercountess {preposition} {settlement}",
        "preposition": "of"
      },
      {
        "name": "Lightweaver",
        "template": "Lightweaver {preposition} {settlement}",
        "preposition": "of"
      }
    ],
    "nonbinary": [
      {
        "name": "Bloomkeeper",
        "template": "Bloomkeeper {preposition} {settlement}",
        "preposition": "of"
      },
      {
        "name": "Groveward",
        "template": "Groveward {preposition} {settlement}",
        "preposition": "of"
      },
      {
        "name": "Moonguard",
        "template": "Moonguard {preposition} {settlement}",
        "preposition": "of"
      },
      {
        "name": "Forestwarden",
        "template": "Forestwarden {preposition} {settlement}",
        "preposition": "of"
      },
      {
        "name": "Starkeeper",
        "template": "Starkeeper {preposition} {settlement}",
        "preposition": "of"
      },
      {
        "name": "Silverward",
        "template": "Silverward {preposition} {settlement}",
        "preposition": "of"
      }
    ]
  }
}