{
  "authors": [
    {
      "name": "munichjake",
      "email": "munichjake@dnd-session.de",
      "url": "https://dnd-session.de",
      "github": "https://github.com/munichjake"
    }
  ],
  "description": "English female human first names",
  "version": "1.0.0",
  "names": [
    "Ala",
    "Ana",
    "Bena",
    "Bera",
    "Cala",
    "Dana",
    "Eda",
    "Ela",
    "Faa",
    "Fra",
    "Gaa",
    "Gera",
    "Hala",
    "Hena",
    "Isa",
    "Jaa",
    "Joa",
    "Kaa",
    "Laa",
    "Lua",
    "Maa",
    "Mia",
    "Naa",
    "Nora",
    "Olia",
    "Paa",
    "Pea",
    "Quia",
    "Raa",
    "Roa",
    "Saa",
    "Sia",
    "Stea",
    "Tha",
    "Ula",
    "Vaa",
    "Wila",
    "Xana",
    "Yaa",
    "Zea",
    "Alelle",
    "Anelle",
    "Benelle",
    "Berelle",
    "Calelle",
    "Danelle",
    "Edelle",
    "Elelle",
    "Faelle",
    "Frelle",
    "Gaelle",
    "Gerelle",
    "Halelle",
    "Henelle",
    "Iselle",
    "Jaelle",
    "Joelle",
    "Kaelle",
    "Laelle",
    "Luelle",
    "Maelle",
    "Mielle",
    "Naelle",
    "Norelle",
    "Olielle",
    "Paelle",
    "Peelle",
    "Quielle",
    "Raelle",
    "Roelle",
    "Saelle",
    "Sielle",
    "Steelle",
    "Thelle",
    "Ulelle",
    "Vaelle",
    "Wilelle",
    "Xanelle",
    "Yaelle",
    "Zeelle",
    "Alia",
    "Ania",
    "Benia",
    "Beria",
    "Calia",
    "Dania",
    "Edia",
    "Elia",
    "Faia",
    "Fria",
    "Gaia",
    "Geria",
    "Halia",
    "Henia",
    "Isia",
    "Jaia",
    "Joia",
    "Kaia",
    "Laia",
    "Luia",
    "Maia",
    "Miia",
    "Naia",
    "Noria",
    "Oliia",
    "Paia",
    "Peia",
    "Quiia",
    "Raia",
    "Roia",
    "Saia",
    "Siia",
    "Steia",
    "Thia",
    "Ulia",
    "Vaia",
    "Wilia",
    "Xania",
    "Yaia",
    "Zeia",
    "Aline",
    "Anine",
    "Benine",
    "Berine",
    "Caline",
    "Danine",
    "Edine",
    "Eline",
    "Faine",
    "Frine",
    "Gaine",
    "Gerine",
    "Haline",
    "Henine",
    "Isine",
    "Jaine",
    "Joine",
    "Kaine",
    "Laine",
    "Luine",
    "Maine",
    "Miine",
    "Naine",
    "Norine",
    "Oliine",
    "Paine",
    "Peine",
    "Quiine",
    "Raine",
    "Roine",
    "Saine",
    "Siine",
    "Steine",
    "Thine",
    "Uline",
    "Vaine",
    "Wiline",
    "Xanine",
    "Yaine",
    "Zeine",
    "Allyn",
    "Anlyn",
    "Benlyn",
    "Berlyn",
    "Callyn",
    "Danlyn",
    "Edlyn",
    "Ellyn",
    "Falyn",
    "Frlyn",
    "Galyn",
    "Gerlyn",
    "Hallyn",
    "Henlyn",
    "Islyn",
    "Jalyn",
    "Jolyn",
    "Kalyn",
    "Lalyn",
    "Lulyn",
    "Malyn",
    "Milyn",
    "Nalyn",
    "Norlyn",
    "Olilyn",
    "Palyn",
    "Pelyn",
    "Quilyn",
    "Ralyn",
    "Rolyn",
    "Salyn",
    "Silyn",
    "Stelyn",
    "Thlyn",
    "Ullyn",
    "Valyn",
    "Willyn",
    "Xanlyn",
    "Yalyn",
    "Zelyn",
    "Alette",
    "Anette",
    "Benette",
    "Berette",
    "Calette",
    "Danette",
    "Edette",
    "Elette",
    "Faette",
    "Frette",
    "Gaette",
    "Gerette",
    "Halette",
    "Henette",
    "Isette",
    "Jaette",
    "Joette",
    "Kaette",
    "Laette",
    "Luette",
    "Maette",
    "Miette",
    "Naette",
    "Norette",
    "Oliette",
    "Paette",
    "Peette",
    "Quiette",
    "Raette",
    "Roette",
    "Saette",
    "Siette",
    "Steette",
    "Thette",
    "Ulette",
    "Vaette",
    "Wilette",
    "Xanette",
    "Yaette",
    "Zeette",
    "Alna",
    "Anna",
    "Benna",
    "Berna",
    "Calna",
    "Danna",
    "Edna",
    "Elna",
    "Fana",
    "Frna",
    "Gana",
    "Gerna",
    "Halna",
    "Henna",
    "Isna",
    "Jana",
    "Jona",
    "Kana",
    "Lana",
    "Luna",
    "Mana",
    "Mina",
    "Nana",
    "Norna",
    "Olina",
    "Pana",
    "Pena",
    "Quina",
    "Rana",
    "Rona",
    "Sana",
    "Sina",
    "Stena",
    "Thna",
    "Ulna",
    "Vana",
    "Wilna",
    "Xanna",
    "Yana",
    "Zena",
    "Alra",
    "Anra",
    "Benra",
    "Berra",
    "Calra",
    "Danra",
    "Edra",
    "Elra",
    "Fara",
    "Frra",
    "Gara",
    "Gerra",
    "Halra",
    "Henra",
    "Isra",
    "Jara",
    "Jora",
    "Kara",
    "Lara",
    "Lura",
    "Mara",
    "Mira",
    "Nara",
    "Norra",
    "Olira",
    "Para",
    "Pera",
    "Quira",
    "Rara",
    "Rora",
    "Sara",
    "Sira",
    "Stera",
    "Thra",
    "Ulra",
    "Vara",
    "Wilra",
    "Xanra",
    "Yara",
    "Zera",
    "Alla",
    "Anla",
    "Benla",
    "Berla",
    "Calla",
    "Danla",
    "Edla",
    "Ella",
    "Fala",
    "Frla",
    "Gala",
    "Gerla",
    "Halla",
    "Henla",
    "Isla",
    "Jala",
    "Jola",
    "Kala",
    "Lala",
    "Lula",
    "Mala",
    "Mila",
    "Nala",
    "Norla",
    "Olila",
    "Pala",
    "Pela",
    "Quila",
    "Rala",
    "Rola",
    "Sala",
    "Sila",
    "Stela",
    "Thla",
    "Ulla",
    "Vala",
    "Willa",
    "Xanla",
    "Yala",
    "Zela",
    "Alena",
    "Anena",
    "Benena",
    "Berena",
    "Calena",
    "Danena",
    "Edena",
    "Elena",
    "Faena",
    "Frena",
    "Gaena",
    "Gerena",
    "Halena",
    "Henena",
    "Isena",
    "Jaena",
    "Joena",
    "Kaena",
    "Laena",
    "Luena",
    "Maena",
    "Miena",
    "Naena",
    "Norena",
    "Oliena",
    "Paena",
    "Peena",
    "Quiena",
    "Raena",
    "Roena",
    "Saena",
    "Siena",
    "Steena",
    "Thena",
    "Ulena",
    "Vaena",
    "Wilena",
    "Xanena",
    "Yaena",
    "Zeena",
    "Alaa",
    "Alala",
    "Alana",
    "Alaraa",
    "Alarda",
    "Alberta",
    "Albetha",
    "Aldana",
    "Aldorea",
    "Aldona",
    "Aldraa",
    "Aldrida",
    "Alellea",
    "Aletta",
    "Alfreda",
    "Aliea",
    "Alinaa",
    "Alinea",
    "Aliona",
    "Aliusa",
    "Allyna",
    "Almana",
    "Almunda",
    "Alnarda",
    "Alora",
    "Alona",
    "Alrana",
    "Alrica",
    "Alrinea",
    "Alsona",
    "Alsora",
    "Altera",
    "Altona",
    "Alusa",
    "Alwina",
    "Alyna",
    "Alya",
    "Alera",
    "Anaa",
    "Anala",
    "Anana",
    "Anaraa",
    "Anarda",
    "Anberta",
    "Anbetha",
    "Andana",
    "Andorea",
    "Andona",
    "Andraa",
    "Andrida",
    "Anellea",
    "Anetta",
    "Anfreda",
    "Aniea",
    "Aninaa",
    "Aninea",
    "Aniona",
    "Aniusa",
    "Anlyna",
    "Anmana",
    "Anmunda",
    "Annarda",
    "Anora",
    "Anona",
    "Anrana",
    "Anrica",
    "Anrinea",
    "Ansona",
    "Ansora",
    "Antera",
    "Antona",
    "Anusa",
    "Anwina",
    "Anyna",
    "Anya",
    "Anera",
    "Benaa",
    "Benala",
    "Benana",
    "Benaraa",
    "Benarda",
    "Benberta",
    "Benbetha",
    "Bendana",
    "Bendorea",
    "Bendona",
    "Bendraa",
    "Bendrida",
    "Benellea",
    "Benetta",
    "Benfreda",
    "Beniea",
    "Beninaa",
    "Beninea",
    "Beniona",
    "Beniusa",
    "Benlyna",
    "Benmana",
    "Benmunda",
    "Bennarda",
    "Benora",
    "Benona",
    "Benrana",
    "Benrica",
    "Benrinea",
    "Bensona",
    "Bensora",
    "Bentera",
    "Bentona",
    "Benusa",
    "Benwina",
    "Benyna",
    "Benya",
    "Benera",
    "Beraa",
    "Berala",
    "Berana",
    "Beraraa",
    "Berarda",
    "Berberta",
    "Berbetha",
    "Berdana",
    "Berdorea",
    "Berdona",
    "Berdraa",
    "Berdrida",
    "Berellea",
    "Beretta",
    "Berfreda",
    "Beriea",
    "Berinaa",
    "Berinea",
    "Beriona",
    "Beriusa",
    "Berlyna",
    "Bermana",
    "Bermunda",
    "Bernarda",
    "Berora",
    "Berona",
    "Berrana",
    "Berrica",
    "Berrinea",
    "Bersona",
    "Bersora",
    "Bertera",
    "Bertona",
    "Berusa",
    "Berwina",
    "Beryna",
    "Berya",
    "Berera",
    "Calaa",
    "Calala",
    "Calana",
    "Calaraa",
    "Calarda",
    "Calberta",
    "Calbetha",
    "Caldana",
    "Caldorea",
    "Caldona",
    "Caldraa",
    "Caldrida",
    "Calellea",
    "Caletta",
    "Calfreda",
    "Caliea",
    "Calinaa",
    "Calinea",
    "Caliona",
    "Caliusa",
    "Callyna",
    "Calmana",
    "Calmunda",
    "Calnarda",
    "Calora",
    "Calona",
    "Calrana",
    "Calrica",
    "Calrinea",
    "Calsona",
    "Calsora",
    "Caltera",
    "Caltona",
    "Calusa",
    "Calwina",
    "Calyna",
    "Calya",
    "Calera",
    "Danaa",
    "Danala",
    "Danana",
    "Danaraa",
    "Danarda",
    "Danberta",
    "Danbetha",
    "Dandana",
    "Dandorea",
    "Dandona",
    "Dandraa",
    "Dandrida",
    "Danellea",
    "Danetta",
    "Danfreda",
    "Daniea",
    "Daninaa",
    "Daninea",
    "Daniona",
    "Daniusa",
    "Danlyna",
    "Danmana",
    "Danmunda",
    "Dannarda",
    "Danora",
    "Danona",
    "Danrana",
    "Danrica",
    "Danrinea",
    "Dansona",
    "Dansora",
    "Dantera",
    "Dantona",
    "Danusa",
    "Danwina",
    "Danyna",
    "Danya",
    "Danera",
    "Edaa",
    "Edala",
    "Edana",
    "Edaraa",
    "Edarda",
    "Edberta",
    "Edbetha",
    "Eddana",
    "Eddorea",
    "Eddona",
    "Eddraa",
    "Eddrida",
    "Edellea",
    "Edetta",
    "Edfreda",
    "Ediea",
    "Edinaa",
    "Edinea",
    "Ediona",
    "Ediusa",
    "Edlyna",
    "Edmana",
    "Edmunda",
    "Ednarda",
    "Edora",
    "Edona",
    "Edrana",
    "Edrica",
    "Edrinea",
    "Edsona",
    "Edsora",
    "Edtera",
    "Edtona",
    "Edusa",
    "Edwina",
    "Edyna",
    "Edya",
    "Edera",
    "Elaa",
    "Elala",
    "Elana",
    "Elaraa",
    "Elarda",
    "Elberta",
    "Elbetha",
    "Eldana",
    "Eldorea",
    "Eldona",
    "Eldraa",
    "Eldrida",
    "Elellea",
    "Eletta",
    "Elfreda",
    "Eliea",
    "Elinaa",
    "Elinea",
    "Eliona",
    "Eliusa",
    "Ellyna",
    "Elmana",
    "Elmunda",
    "Elnarda",
    "Elora",
    "Elona",
    "Elrana",
    "Elrica",
    "Elrinea",
    "Elsona",
    "Elsora",
    "Eltera",
    "Eltona",
    "Elusa",
    "Elwina",
    "Elyna",
    "Elya",
    "Elera",
    "Faaa",
    "Faala",
    "Faana",
    "Faaraa",
    "Faarda",
    "Faberta",
    "Fabetha",
    "Fadana",
    "Fadorea",
    "Fadona",
    "Fadraa",
    "Fadrida",
    "Faellea",
    "Faetta",
    "Fafreda",
    "Faiea",
    "Fainaa",
    "Fainea",
    "Faiona",
    "Faiusa",
    "Falyna",
    "Famana",
    "Famunda",
    "Fanarda",
    "Faora",
    "Faona",
    "Farana",
    "Farica",
    "Farinea",
    "Fasona",
    "Fasora",
    "Fatera",
    "Fatona",
    "Fausa",
    "Fawina",
    "Fayna",
    "Faya",
    "Faera",
    "Fraa",
    "Frala",
    "Frana",
    "Fraraa",
    "Frarda",
    "Frberta",
    "Frbetha",
    "Frdana",
    "Frdorea",
    "Frdona",
    "Frdraa",
    "Frdrida",
    "Frellea",
    "Fretta",
    "Frfreda",
    "Friea",
    "Frinaa",
    "Frinea",
    "Friona",
    "Friusa",
    "Frlyna",
    "Frmana",
    "Frmunda",
    "Frnarda",
    "Frora",
    "Frona",
    "Frrana",
    "Frrica",
    "Frrinea",
    "Frsona",
    "Frsora",
    "Frtera",
    "Frtona",
    "Frusa",
    "Frwina",
    "Fryna",
    "Frya",
    "Frera",
    "Gaaa",
    "Gaala",
    "Gaana",
    "Gaaraa",
    "Gaarda",
    "Gaberta",
    "Gabetha",
    "Gadana",
    "Gadorea",
    "Gadona",
    "Gadraa",
    "Gadrida",
    "Gaellea",
    "Gaetta",
    "Gafreda",
    "Gaiea",
    "Gainaa",
    "Gainea",
    "Gaiona",
    "Gaiusa",
    "Galyna",
    "Gamana",
    "Gamunda",
    "Ganarda",
    "Gaora",
    "Gaona",
    "Garana",
    "Garica",
    "Garinea",
    "Gasona",
    "Gasora",
    "Gatera",
    "Gatona",
    "Gausa",
    "Gawina",
    "Gayna",
    "Gaya",
    "Gaera",
    "Geraa",
    "Gerala",
    "Gerana",
    "Geraraa",
    "Gerarda",
    "Gerberta",
    "Gerbetha",
    "Gerdana",
    "Gerdorea",
    "Gerdona",
    "Gerdraa",
    "Gerdrida",
    "Gerellea",
    "Geretta",
    "Gerfreda",
    "Geriea",
    "Gerinaa",
    "Gerinea",
    "Geriona",
    "Geriusa",
    "Gerlyna",
    "Germana",
    "Germunda",
    "Gernarda",
    "Gerora",
    "Gerona",
    "Gerrana",
    "Gerrica",
    "Gerrinea",
    "Gersona",
    "Gersora",
    "Gertera",
    "Gertona",
    "Gerusa",
    "Gerwina",
    "Geryna",
    "Gerya",
    "Gerera",
    "Halaa",
    "Halala",
    "Halana",
    "Halaraa",
    "Halarda",
    "Halberta",
    "Halbetha",
    "Haldana",
    "Haldorea",
    "Haldona",
    "Haldraa",
    "Haldrida",
    "Halellea",
    "Haletta",
    "Halfreda",
    "Haliea",
    "Halinaa",
    "Halinea",
    "Haliona",
    "Haliusa",
    "Hallyna",
    "Halmana",
    "Halmunda",
    "Halnarda",
    "Halora",
    "Halona",
    "Halrana",
    "Halrica",
    "Halrinea",
    "Halsona",
    "Halsora",
    "Haltera",
    "Haltona",
    "Halusa",
    "Halwina",
    "Halyna",
    "Halya",
    "Halera",
    "Henaa",
    "Henala",
    "Henana",
    "Henaraa",
    "Henarda",
    "Henberta",
    "Henbetha",
    "Hendana",
    "Hendorea",
    "Hendona",
    "Hendraa",
    "Hendrida",
    "Henellea",
    "Henetta",
    "Henfreda",
    "Heniea",
    "Heninaa",
    "Heninea",
    "Heniona",
    "Heniusa",
    "Henlyna",
    "Henmana",
    "Henmunda",
    "Hennarda",
    "Henora",
    "Henona",
    "Henrana",
    "Henrica",
    "Henrinea",
    "Hensona",
    "Hensora",
    "Hentera",
    "Hentona",
    "Henusa",
    "Henwina",
    "Henyna",
    "Henya",
    "Henera",
    "Isaa",
    "Isala",
    "Isana",
    "Isaraa",
    "Isarda",
    "Isberta",
    "Isbetha",
    "Isdana",
    "Isdorea",
    "Isdona",
    "Isdraa",
    "Isdrida",
    "Isellea",
    "Isetta",
    "Isfreda",
    "Isiea",
    "Isinaa",
    "Isinea",
    "Isiona",
    "Isiusa",
    "Islyna",
    "Ismana",
    "Ismunda",
    "Isnarda",
    "Isora",
    "Isona",
    "Israna",
    "Isrica",
    "Isrinea",
    "Issona",
    "Issora",
    "Istera",
    "Istona",
    "Isusa",
    "Iswina",
    "Isyna",
    "Isya",
    "Isera",
    "Jaaa",
    "Jaala",
    "Jaana",
    "Jaaraa",
    "Jaarda",
    "Jaberta",
    "Jabetha",
    "Jadana",
    "Jadorea",
    "Jadona",
    "Jadraa",
    "Jadrida",
    "Jaellea",
    "Jaetta",
    "Jafreda",
    "Jaiea",
    "Jainaa",
    "Jainea",
    "Jaiona",
    "Jaiusa",
    "Jalyna",
    "Jamana",
    "Jamunda",
    "Janarda",
    "Jaora",
    "Jaona",
    "Jarana",
    "Jarica",
    "Jarinea",
    "Jasona",
    "Jasora",
    "Jatera",
    "Jatona",
    "Jausa",
    "Jawina",
    "Jayna",
    "Jaya",
    "Jaera",
    "Joaa",
    "Joala",
    "Joana",
    "Joaraa",
    "Joarda",
    "Joberta",
    "Jobetha",
    "Jodana",
    "Jodorea",
    "Jodona",
    "Jodraa",
    "Jodrida",
    "Joellea",
    "Joetta",
    "Jofreda",
    "Joiea",
    "Joinaa",
    "Joinea",
    "Joiona",
    "Joiusa",
    "Jolyna",
    "Jomana",
    "Jomunda",
    "Jonarda",
    "Joora",
    "Joona",
    "Jorana",
    "Jorica",
    "Jorinea",
    "Josona",
    "Josora",
    "Jotera",
    "Jotona",
    "Jousa",
    "Jowina",
    "Joyna",
    "Joya",
    "Joera",
    "Kaaa",
    "Kaala",
    "Kaana",
    "Kaaraa",
    "Kaarda",
    "Kaberta",
    "Kabetha",
    "Kadana",
    "Kadorea",
    "Kadona",
    "Kadraa",
    "Kadrida",
    "Kaellea",
    "Kaetta",
    "Kafreda",
    "Kaiea",
    "Kainaa",
    "Kainea",
    "Kaiona",
    "Kaiusa",
    "Kalyna",
    "Kamana",
    "Kamunda",
    "Kanarda",
    "Kaora",
    "Kaona",
    "Karana",
    "Karica",
    "Karinea"
  ]
}