{
  "authors": [
    {
      "name": "munichjake",
      "email": "munichjake@dnd-session.de",
      "url": "https://dnd-session.de",
      "github": "https://github.com/munichjake"
    }
  ],
  "description": "Deutsche Dragonbornnachnamen",
  "version": "1.0.0",
  "names": [
  "Aschendrache",
  "Feuerklaue",
  "Gluthaut",
  "Nachtflügel",
  "Eisenschuppe",
  "Sturmrücken",
  "Dunkelfang",
  "Silberzahn",
  "Blitzschwinge",
  "Schattenkamm",
  "Steinbrecher",
  "Felsenhorn",
  "Rauchschuppe",
  "Gletscherblick",
  "Ewighorn",
  "Flammenatem",
  "Blutdorn",
  "Kupferklinge",
  "Turmschild",
  "Drachenblut",
  "Lavaschweif",
  "Mondschatten",
  "Donnerklaue",
  "Aetherwind",
  "Grollschwinge",
  "Erzschuppe",
  "Morgenröte",
  "Rostklaue",
  "Onyxfang",
  "Stahldorn",
  "Kometenschweif",
  "Rubinkralle",
  "Höllenatem",
  "Perlenauge",
  "Windfang",
  "Moorhorn",
  "Jadeglanz",
  "Saphirschuppe",
  "Wolfshorn",
  "Zinnober",
  "Klingenhorn",
  "Tiefenschuppe",
  "Uralthaut",
  "Wächterhorn",
  "Eisenkamm",
  "Dunkelfluch",
  "Ewigglut",
  "Frostschuppe",
  "Glimmerfang",
  "Himmelsflug",
  "Infernoklaue",
  "Juwelenflug",
  "Karbonklaue",
  "Lichtbringer",
  "Nebelhorn",
  "Orkanklaue",
  "Perlschwinge",
  "Quarzschuppe",
  "Rauchschwinge",
  "Schwertzahn",
  "Sturmklaue",
  "Tiefenfang",
  "Urzahn",
  "Vulkankamm",
  "Wellenbrecher",
  "Zinnschuppe",
  "Achatklaue",
  "Blutstein",
  "Celestia",
  "Dornenkamm",
  "Echoschwinge",
  "Flammenkamm",
  "Gletscherschuppe",
  "Hainzorn",
  "Iridiumhorn",
  "Jaspisauge",
  "Kristallkamm",
  "Labyrinth",
  "Morgenglut",
  "Opalauge",
  "Platinschuppe",
  "Quellenschwanz",
  "Rabenflug",
  "Schattenfang",
  "Sonnenglut",
  "Turmglanz",
  "Urschwinge",
  "Verdunklung",
  "Wüstenklaue",
  "Zyklonkamm",
  "Bronzeklaue",
  "Chlorophyl",
  "Dunstschuppe",
  "Eiskralle",
  "Falkenauge",
  "Gedankenkamm",
  "Himmelssichel",
  "Igneusschild",
  "Jägersicht",
  "Lanzenzahn",
  "Mondfinsternis",
  "Nephrit",
  "Obsidianfang",
  "Phantomschwinge",
  "Quellenklaue",
  "Saphirschuppe",
  "Sturmwind",
  "Turmalin",
  "Unendlichkeit",
  "Waldschuppe",
  "Ätherflut",
  "Bernsteinglut",
  "Drachenzahn",
  "Eismantel",
  "Feuerglanz",
  "Gluthauch",
  "Himmelsglut",
  "Jadestein",
  "Kometenschuppe",
  "Lichtschuppe",
  "Mondschein",
  "Nachtwind",
  "Orkanklaue",
  "Perlenzahn",
  "Rabenkralle",
  "Schattenschuppe",
  "Sonnenfeuer",
  "Titanenkamm",
  "Urklang",
  "Vulkanschwinge",
  "Wüstenschuppe",
  "Zinnflügel",
  "Aetherklaue",
  "Beryllschuppe",
  "Chromklaue",
  "Dunkelglanz",
  "Ewiglicht",
  "Frostfang",
  "Glimmerhorn",
  "Höllenschuppe",
  "Infernohorn",
  "Juwelenzahn",
  "Karbonkamm",
  "Lichtzahn",
  "Mondhorn",
  "Nebelzahn",
  "Orkanschuppe",
  "Perlenhorn",
  "Quellenschuppe",
  "Rauchklaue",
  "Schwertkamm",
  "Tiefenhorn",
  "Urklaue",
  "Vortexhorn",
  "Wellenbrecher",
  "Zyanitzahn",
  "Achatkamm",
  "Blutsteinklaue",
  "Celestiaflügel",
  "Dornenhorn",
  "Echoschuppe",
  "Flammenklaue",
  "Gletscherklaue",
  "Hainzorn",
  "Iridiumzahn",
  "Jaspisauge",
  "Kupferkamm",
  "Loreleyhorn",
  "Mysterienzahn",
  "Nachtkamm",
  "Onyxschuppe",
  "Pyritkamm",
  "Quasarhorn",
  "Regenbogenhorn",
  "Silberschwinge",
  "Schattenschwanz",
  "Turmglanzhorn",
  "Urschwinge",
  "Vollmondklaue",
  "Wüstenkamm",
  "Zyklonhorn",
  "Akanitkamm",
  "Bronzekamm",
  "Dunstkamm",
  "Eiskamm",
  "Falkenzahn",
  "Gedankenklaue",
  "Himmelssichel",
  "Igneusschild",
  "Jägersicht",
  "Kristallzahn",
  "Labyrinthzahn",
  "Morgenglutkamm",
  "Nebelkamm",
  "Opalzahn",
  "Platinflügel",
  "Quellenschwanz",
  "Rostflügel",
  "Saphirflügel",
  "Sturmwind",
  "Turmalinflügel",
  "Unendlichkeitsflügel",
  "Verdunklungsflügel",
  "Wüstensand",
  "Zwillingsflamme",
  "Alabaster",
  "Bernsteinkamm",
  "Dämmerlicht",
  "Edelstein",
  "Felsenkamm",
  "Gewitterzorn",
  "Himmelsschild",
  "Infernoschwanz",
  "Jadestein",
  "Kometenschweif",
  "Lanzenzahn",
  "Mondfinsternis",
  "Nephrit",
  "Obsidianfang",
  "Phantomschwinge",
  "Quellenklaue",
  "Rabenflug",
  "Schattenfang",
  "Sonnenglut",
  "Tautropfen",
  "Uferklaue",
  "Verdorbene",
  "Waldschuppe",
  "Zinnober",
  "Anker",
  "Brennendehaut",
  "Dämmerungsflug",
  "Eisfrost",
  "Flammenatem",
  "Grauschwinge",
  "Himmelstief",
  "Jaspisflügel",
  "Karbonflügel",
  "Lavastrom",
  "Morgenröte",
  "Nachtschwinge",
  "Onyxschwinge",
  "Phantomschleier",
  "Quarzit",
  "Regenklang",
  "Sonnenschein",
  "Sumpfglanz",
  "Tiefenklang",
  "Unheil",
  "Verderbnis",
  "Wirbelwind",
  "Zephyr",
  "Ätherflut",
  "Bernsteinglut",
  "Drachenblut",
  "Eisodem",
  "Feuerzunge",
  "Gletschertief",
  "Höllenbrand",
  "Infernorücken",
  "Juwelenkamm",
  "Lichtglanz",
  "Mondschimmer",
  "Nebelglanz",
  "Orkanwirbel",
  "Perlenflug",
  "Quasarklaue",
  "Rabenauge",
  "Sturmkamm",
  "Titanenatem",
  "Uralt",
  "Vulkanschild",
  "Wächterhorn",
  "Alpenschuppe",
  "Bernsteinschwinge",
  "Drachenzahn",
  "Eismantel",
  "Feuerglanz",
  "Gluthauch",
  "Himmelsflug",
  "Jadestein",
  "Kometenschuppe",
  "Lichtschuppe",
  "Mondschein",
  "Nachtwind",
  "Orkanklaue",
  "Perlenzahn",
  "Rabenkralle",
  "Schattenschuppe",
  "Sonnenfeuer",
  "Titanenkamm",
  "Urklang",
  "Vulkanschwinge",
  "Wüstenschuppe",
  "Zinnflügel",
  "Aetherklaue",
  "Beryllschuppe",
  "Chromklaue",
  "Dunkelglanz",
  "Ewiglicht",
  "Frostfang",
  "Glimmerhorn",
  "Höllenschuppe",
  "Infernohorn",
  "Juwelenzahn",
  "Karbonkamm",
  "Lichtzahn",
  "Mondhorn",
  "Nebelzahn",
  "Orkanschuppe",
  "Perlenhorn",
  "Quellenschuppe",
  "Rauchklaue",
  "Schwertkamm",
  "Tiefenhorn",
  "Urklaue",
  "Vortexhorn",
  "Wellenbrecherzahn",
  "Zyanitzahn",
  "Achatkamm",
  "Blutsteinklaue",
  "Celestiaflügel",
  "Dornenhorn",
  "Echoschuppe",
  "Flammenklaue",
  "Gletscherklaue",
  "Hainzornzahn",
  "Iridiumzahn",
  "Jaspisauge",
  "Kupferkamm",
  "Loreleyhorn",
  "Mysterienzahn",
  "Nachtkamm",
  "Onyxschuppe",
  "Pyritkamm",
  "Quasarhorn",
  "Regenbogenhorn",
  "Silberschwinge",
  "Schattenschwanzzahn",
  "Turmglanzhorn",
  "Urschwingenhorn",
  "Vollmondklaue",
  "Wüstenkamm",
  "Zyklonhorn",
  "Akanitkamm",
  "Bronzekamm",
  "Chlorophylklaue",
  "Dunstkamm",
  "Eiskamm",
  "Falkenzahn",
  "Gedankenklaue",
  "Himmelssichelzahn",
  "Igneusschildzahn",
  "Jägersichtzahn",
  "Kristallzahn",
  "Labyrinthzahn",
  "Morgenglutkamm",
  "Nebelkamm",
  "Opalzahn",
  "Platinflügel",
  "Quellenschwanzflügel",
  "Rostflügel",
  "Saphirflügel",
  "Sturmwindflügel",
  "Turmalinflügel",
  "Unendlichkeitsflügel",
  "Verdunklungsflügel",
  "Wüstensandflügel",
  "Zwillingsflamme",
  "Alabasterflügel",
  "Bernsteinkamm",
  "Cyanitkamm",
  "Dämmerlichtkamm",
  "Edelsteinkamm",
  "Felsenkamm",
  "Gewitterzornkamm",
  "Himmelsschildkamm",
  "Infernoschwanzkamm",
  "Jadesteinkamm",
  "Kometenschweif",
  "Lanzenzahnkamm",
  "Mondfinsternis",
  "Nephritkamm",
  "Obsidianfang",
  "Phantomschwinge",
  "Quellenklaue",
  "Rabenflug",
  "Schattenfang",
  "Sonnenglut",
  "Tautropfen",
  "Uferklaue",
  "Verdorbene",
  "Waldschuppe",
  "Zinnober",
  "Anker",
  "Brennendehaut",
  "Dämmerungsflug",
  "Eisfrost",
  "Flammenatem",
  "Grauschwinge",
  "Himmelstief",
  "Jaspisflügel",
  "Karbonflügel",
  "Lavastrom",
  "Morgenröte",
  "Nachtschwinge",
  "Onyxschwinge",
  "Phantomschleier",
  "Quarzit",
  "Regenklang",
  "Sonnenschein",
  "Sumpfglanz",
  "Tiefenklang",
  "Unheil",
  "Verderbnis",
  "Wirbelwind",
  "Zephyr",
  "Ätherflut",
  "Bernsteinglut",
  "Drachenblut",
  "Eisodem",
  "Feuerzunge",
  "Gletschertief",
  "Höllenbrand",
  "Infernorücken",
  "Juwelenkamm",
  "Lichtglanz",
  "Mondschimmer",
  "Nebelglanz",
  "Orkanwirbel",
  "Perlenflug",
  "Quasarklaue",
  "Rabenauge",
  "Sturmkamm",
  "Titanenatem",
  "Uralt",
  "Vulkanschild",
  "Wächterhorn",
  "Alpenschuppe",
  "Bernsteinschwinge",
  "Drachenzahn",
  "Eismantel",
  "Feuerglanz",
  "Gluthauch",
  "Himmelsflug",
  "Jadestein",
  "Kometenschuppe",
  "Lichtschuppe",
  "Mondschein",
  "Nachtwind",
  "Orkanklaue",
  "Perlenzahn",
  "Rabenkralle",
  "Schattenschuppe",
  "Sonnenfeuer",
  "Titanenkamm",
  "Urklang",
  "Vulkanschwinge",
  "Wüstenschuppe",
  "Zinnflügel",
  "Aetherklaue",
  "Beryllschuppe",
  "Chromklaue",
  "Dunkelglanz",
  "Ewiglicht",
  "Frostfang",
  "Glimmerhorn",
  "Höllenschuppe",
  "Infernohorn",
  "Juwelenzahn",
  "Karbonkamm",
  "Lichtzahn",
  "Mondhorn",
  "Nebelzahn",
  "Orkanschuppe",
  "Perlenhorn",
  "Quellenschuppe",
  "Rauchklaue",
  "Schwertkamm",
  "Tiefenhorn",
  "Urklaue",
  "Vortexhorn",
  "Wellenbrecherzahn",
  "Zyanitzahn",
  "Achatkamm",
  "Blutsteinklaue",
  "Celestiaflügel",
  "Dornenhorn",
  "Echoschuppe",
  "Flammenklaue",
  "Gletscherklaue",
  "Hainzornzahn",
  "Iridiumzahn",
  "Jaspisauge",
  "Kupferkamm",
  "Loreleyhorn",
  "Mysterienzahn",
  "Nachtkamm",
  "Onyxschuppe",
  "Pyritkamm",
  "Quasarhorn",
  "Regenbogenhorn",
  "Silberschwinge",
  "Schattenschwanzzahn",
  "Turmglanzhorn",
  "Urschwingenhorn",
  "Vollmondklaue",
  "Wüstenkamm",
  "Zyklonhorn",
  "Akanitkamm",
  "Bronzekamm",
  "Chlorophylklaue",
  "Dunstkamm",
  "Eiskamm",
  "Falkenzahn",
  "Gedankenklaue",
  "Himmelssichelzahn",
  "Igneusschildzahn",
  "Jägersichtzahn",
  "Kristallzahn",
  "Labyrinthzahn",
  "Morgenglutkamm",
  "Nebelkamm",
  "Opalzahn",
  "Platinflügel",
  "Quellenschwanzflügel",
  "Rostflügel",
  "Saphirflügel",
  "Sturmwindflügel",
  "Turmalinflügel",
  "Unendlichkeitsflügel",
  "Verdunklungsflügel",
  "Wüstensandflügel",
  "Zwillingsflamme",
  "Alabasterflügel",
  "Bernsteinkamm",
  "Cyanitkamm",
  "Dämmerlichtkamm",
  "Edelsteinkamm",
  "Felsenkamm",
  "Gewitterzornkamm",
  "Himmelsschildkamm",
  "Infernoschwanzkamm",
  "Jadesteinkamm",
  "Kometenschweif",
  "Lanzenzahnkamm",
  "Mondfinsternis",
  "Nephritkamm",
  "Obsidianfang",
  "Phantomschwinge",
  "Quellenklaue",
  "Rabenflug",
  "Schattenfang",
  "Sonnenglut",
  "Tautropfen",
  "Uferklaue",
  "Verdorbene",
  "Waldschuppe",
  "Zinnober"
]
}