{
  "authors": [
    {
      "name": "munichjake",
      "email": "munichjake@dnd-session.de",
      "url": "https://dnd-session.de",
      "github": "https://github.com/munichjake"
    }
  ],
  "description": "Fictional settlements of the human race",
  "version": "1.0.0",
  "settlements": [
    "Alderdale",
    "Alderford",
    "Alderburg",
    "Alderbury",
    "Alderhaven",
    "Alderhelm",
    "Alderhold",
    "Alderholt",
    "Alderkeep",
    "Alderland",
    "Aldermarch",
    "Aldermere",
    "Aldermont",
    "Aldermoor",
    "Aldermouth",
    "Alderport",
    "Alderrest",
    "Alderstead",
    "Alderton",
    "Alderview",
    "Alderville",
    "Alderwatch",
    "Alderwick",
    "Alderworth",
    "Aldery",
    "Alderbay",
    "Alderbridge",
    "Aldercastle",
    "Aldercliff",
    "Aldercross",
    "Ashdale",
    "Ashford",
    "Ashburg",
    "Ashbury",
    "Ashhaven",
    "Ashhelm",
    "Ashhold",
    "Ashholt",
    "Ashkeep",
    "Ashland",
    "Ashmarch",
    "Ashmere",
    "Ashmont",
    "Ashmoor",
    "Ashmouth",
    "Ashport",
    "Ashrest",
    "Ashstead",
    "Ashton",
    "Ashview",
    "Ashville",
    "Ashwatch",
    "Ashwick",
    "Ashworth",
    "Ashy",
    "Ashbay",
    "Ashbridge",
    "Ashcastle",
    "Ashcliff",
    "Ashcross",
    "Briardale",
    "Briarford",
    "Briarburg",
    "Briarbury",
    "Briarhaven",
    "Briarhelm",
    "Briarhold",
    "Briarholt",
    "Briarkeep",
    "Briarland",
    "Briarmarch",
    "Briarmere",
    "Briarmont",
    "Briarmoor",
    "Briarmouth",
    "Briarport",
    "Briarrest",
    "Briarstead",
    "Briarton",
    "Briarview",
    "Briarville",
    "Briarwatch",
    "Briarwick",
    "Briarworth",
    "Briary",
    "Briarbay",
    "Briarbridge",
    "Briarcastle",
    "Briarcliff",
    "Briarcross",
    "Blackdale",
    "Blackford",
    "Blackburg",
    "Blackbury",
    "Blackhaven",
    "Blackhelm",
    "Blackhold",
    "Blackholt",
    "Blackkeep",
    "Blackland",
    "Blackmarch",
    "Blackmere",
    "Blackmont",
    "Blackmoor",
    "Blackmouth",
    "Blackport",
    "Blackrest",
    "Blackstead",
    "Blackton",
    "Blackview",
    "Blackville",
    "Blackwatch",
    "Blackwick",
    "Blackworth",
    "Blacky",
    "Blackbay",
    "Blackbridge",
    "Blackcastle",
    "Blackcliff",
    "Blackcross",
    "Bluedale",
    "Blueford",
    "Blueburg",
    "Bluebury",
    "Bluehaven",
    "Bluehelm",
    "Bluehold",
    "Blueholt",
    "Bluekeep",
    "Blueland",
    "Bluemarch",
    "Bluemere",
    "Bluemont",
    "Bluemoor",
    "Bluemouth",
    "Blueport",
    "Bluerest",
    "Bluestead",
    "Blueton",
    "Blueview",
    "Blueville",
    "Bluewatch",
    "Bluewick",
    "Blueworth",
    "Bluey",
    "Bluebay",
    "Bluebridge",
    "Bluecastle",
    "Bluecliff",
    "Bluecross",
    "Brightdale",
    "Brightford",
    "Brightburg",
    "Brightbury",
    "Brighthaven",
    "Brighthelm",
    "Brighthold",
    "Brightholt",
    "Brightkeep",
    "Brightland",
    "Brightmarch",
    "Brightmere",
    "Brightmont",
    "Brightmoor",
    "Brightmouth",
    "Brightport",
    "Brightrest",
    "Brightstead",
    "Brightton",
    "Brightview",
    "Brightville",
    "Brightwatch",
    "Brightwick",
    "Brightworth",
    "Brighty",
    "Brightbay",
    "Brightbridge",
    "Brightcastle",
    "Brightcliff",
    "Brightcross",
    "Cleardale",
    "Clearford",
    "Clearburg",
    "Clearbury",
    "Clearhaven",
    "Clearhelm",
    "Clearhold",
    "Clearholt",
    "Clearkeep",
    "Clearland",
    "Clearmarch",
    "Clearmere",
    "Clearmont",
    "Clearmoor",
    "Clearmouth",
    "Clearport",
    "Clearrest",
    "Clearstead",
    "Clearton",
    "Clearview",
    "Clearville",
    "Clearwatch",
    "Clearwick",
    "Clearworth",
    "Cleary",
    "Clearbay",
    "Clearbridge",
    "Clearcastle",
    "Clearcliff",
    "Clearcross",
    "Copperdale",
    "Copperford",
    "Copperburg",
    "Copperbury",
    "Copperhaven",
    "Copperhelm",
    "Copperhold",
    "Copperholt",
    "Copperkeep",
    "Copperland",
    "Coppermarch",
    "Coppermere",
    "Coppermont",
    "Coppermoor",
    "Coppermouth",
    "Copperport",
    "Copperrest",
    "Copperstead",
    "Copperton",
    "Copperview",
    "Copperville",
    "Copperwatch",
    "Copperwick",
    "Copperworth",
    "Coppery",
    "Copperbay",
    "Copperbridge",
    "Coppercastle",
    "Coppercliff",
    "Coppercross",
    "Dragondale",
    "Dragonford",
    "Dragonburg",
    "Dragonbury",
    "Dragonhaven",
    "Dragonhelm",
    "Dragonhold",
    "Dragonholt",
    "Dragonkeep",
    "Dragonland",
    "Dragonmarch",
    "Dragonmere",
    "Dragonmont",
    "Dragonmoor",
    "Dragonmouth",
    "Dragonport",
    "Dragonrest",
    "Dragonstead",
    "Dragonton",
    "Dragonview",
    "Dragonville",
    "Dragonwatch",
    "Dragonwick",
    "Dragonworth",
    "Dragony",
    "Dragonbay",
    "Dragonbridge",
    "Dragoncastle",
    "Dragoncliff",
    "Dragoncross",
    "Eagledale",
    "Eagleford",
    "Eagleburg",
    "Eaglebury",
    "Eaglehaven",
    "Eaglehelm",
    "Eaglehold",
    "Eagleholt",
    "Eaglekeep",
    "Eagleland",
    "Eaglemarch",
    "Eaglemere",
    "Eaglemont",
    "Eaglemoor",
    "Eaglemouth",
    "Eagleport",
    "Eaglerest",
    "Eaglestead",
    "Eagleton",
    "Eagleview",
    "Eagleville",
    "Eaglewatch",
    "Eaglewick",
    "Eagleworth",
    "Eagley",
    "Eaglebay",
    "Eaglebridge",
    "Eaglecastle",
    "Eaglecliff",
    "Eaglecross",
    "Falcondale",
    "Falconford",
    "Falconburg",
    "Falconbury",
    "Falconhaven",
    "Falconhelm",
    "Falconhold",
    "Falconholt",
    "Falconkeep",
    "Falconland",
    "Falconmarch",
    "Falconmere",
    "Falconmont",
    "Falconmoor",
    "Falconmouth",
    "Falconport",
    "Falconrest",
    "Falconstead",
    "Falconton",
    "Falconview",
    "Falconville",
    "Falconwatch",
    "Falconwick",
    "Falconworth",
    "Falcony",
    "Falconbay",
    "Falconbridge",
    "Falconcastle",
    "Falconcliff",
    "Falconcross",
    "Fairdale",
    "Fairford",
    "Fairburg",
    "Fairbury",
    "Fairhaven",
    "Fairhelm",
    "Fairhold",
    "Fairholt",
    "Fairkeep",
    "Fairland",
    "Fairmarch",
    "Fairmere",
    "Fairmont",
    "Fairmoor",
    "Fairmouth",
    "Fairport",
    "Fairrest",
    "Fairstead",
    "Fairton",
    "Fairview",
    "Fairville",
    "Fairwatch",
    "Fairwick",
    "Fairworth",
    "Fairy",
    "Fairbay",
    "Fairbridge",
    "Faircastle",
    "Faircliff",
    "Faircross",
    "Ferndale",
    "Fernford",
    "Fernburg",
    "Fernbury",
    "Fernhaven",
    "Fernhelm",
    "Fernhold",
    "Fernholt",
    "Fernkeep",
    "Fernland",
    "Fernmarch",
    "Fernmere",
    "Fernmont",
    "Fernmoor",
    "Fernmouth",
    "Fernport",
    "Fernrest",
    "Fernstead",
    "Fernton",
    "Fernview",
    "Fernville",
    "Fernwatch",
    "Fernwick",
    "Fernworth",
    "Ferny",
    "Fernbay",
    "Fernbridge",
    "Ferncastle",
    "Ferncliff",
    "Ferncross",
    "Frostdale",
    "Frostford",
    "Frostburg",
    "Frostbury",
    "Frosthaven",
    "Frosthelm",
    "Frosthold",
    "Frostholt",
    "Frostkeep",
    "Frostland",
    "Frostmarch",
    "Frostmere",
    "Frostmont",
    "Frostmoor",
    "Frostmouth",
    "Frostport",
    "Frostrest",
    "Froststead",
    "Frostton",
    "Frostview",
    "Frostville",
    "Frostwatch",
    "Frostwick",
    "Frostworth",
    "Frosty",
    "Frostbay",
    "Frostbridge",
    "Frostcastle",
    "Frostcliff",
    "Frostcross",
    "Golddale",
    "Goldford",
    "Goldburg",
    "Goldbury",
    "Goldhaven",
    "Goldhelm",
    "Goldhold",
    "Goldholt",
    "Goldkeep",
    "Goldland",
    "Goldmarch",
    "Goldmere",
    "Goldmont",
    "Goldmoor",
    "Goldmouth",
    "Goldport",
    "Goldrest",
    "Goldstead",
    "Goldton",
    "Goldview",
    "Goldville",
    "Goldwatch",
    "Goldwick",
    "Goldworth",
    "Goldy",
    "Goldbay",
    "Goldbridge",
    "Goldcastle",
    "Goldcliff",
    "Goldcross",
    "Greendale",
    "Greenford",
    "Greenburg",
    "Greenbury",
    "Greenhaven",
    "Greenhelm",
    "Greenhold",
    "Greenholt",
    "Greenkeep",
    "Greenland",
    "Greenmarch",
    "Greenmere",
    "Greenmont",
    "Greenmoor",
    "Greenmouth",
    "Greenport",
    "Greenrest",
    "Greenstead",
    "Greenton",
    "Greenview",
    "Greenville",
    "Greenwatch",
    "Greenwick",
    "Greenworth",
    "Greeny",
    "Greenbay",
    "Greenbridge",
    "Greencastle",
    "Greencliff",
    "Greencross",
    "Hartdale",
    "Hartford",
    "Hartburg",
    "Hartbury",
    "Harthaven",
    "Harthelm",
    "Harthold",
    "Hartholt",
    "Hartkeep",
    "Hartland",
    "Hartmarch",
    "Hartmere",
    "Hartmont",
    "Hartmoor",
    "Hartmouth",
    "Hartport",
    "Hartrest",
    "Hartstead",
    "Hartton",
    "Hartview",
    "Hartville",
    "Hartwatch",
    "Hartwick",
    "Hartworth",
    "Harty",
    "Hartbay",
    "Hartbridge",
    "Hartcastle",
    "Hartcliff",
    "Hartcross",
    "Highdale",
    "Highford",
    "Highburg",
    "Highbury",
    "Highhaven",
    "Highhelm",
    "Highhold",
    "Highholt",
    "Highkeep",
    "Highland",
    "Highmarch",
    "Highmere",
    "Highmont",
    "Highmoor",
    "Highmouth",
    "Highport",
    "Highrest",
    "Highstead",
    "Highton",
    "Highview",
    "Highville",
    "Highwatch",
    "Highwick",
    "Highworth",
    "Highy",
    "Highbay",
    "Highbridge",
    "Highcastle",
    "Highcliff",
    "Highcross",
    "Irondale",
    "Ironford",
    "Ironburg",
    "Ironbury",
    "Ironhaven",
    "Ironhelm",
    "Ironhold",
    "Ironholt",
    "Ironkeep",
    "Ironland",
    "Ironmarch",
    "Ironmere",
    "Ironmont",
    "Ironmoor",
    "Ironmouth",
    "Ironport",
    "Ironrest",
    "Ironstead",
    "Ironton",
    "Ironview",
    "Ironville",
    "Ironwatch",
    "Ironwick",
    "Ironworth",
    "Irony",
    "Ironbay",
    "Ironbridge",
    "Ironcastle",
    "Ironcliff",
    "Ironcross",
    "Lakedale",
    "Lakeford",
    "Lakeburg",
    "Lakebury",
    "Lakehaven",
    "Lakehelm",
    "Lakehold",
    "Lakeholt",
    "Lakekeep",
    "Lakeland",
    "Lakemarch",
    "Lakemere",
    "Lakemont",
    "Lakemoor",
    "Lakemouth",
    "Lakeport",
    "Lakerest",
    "Lakestead",
    "Laketon",
    "Lakeview",
    "Lakeville",
    "Lakewatch",
    "Lakewick",
    "Lakeworth",
    "Lakey",
    "Lakebay",
    "Lakebridge",
    "Lakecastle",
    "Lakecliff",
    "Lakecross",
    "Lowdale",
    "Lowford",
    "Lowburg",
    "Lowbury",
    "Lowhaven",
    "Lowhelm",
    "Lowhold",
    "Lowholt",
    "Lowkeep",
    "Lowland",
    "Lowmarch",
    "Lowmere",
    "Lowmont",
    "Lowmoor",
    "Lowmouth",
    "Lowport",
    "Lowrest",
    "Lowstead",
    "Lowton",
    "Lowview",
    "Lowville",
    "Lowwatch",
    "Lowwick",
    "Lowworth",
    "Lowy",
    "Lowbay",
    "Lowbridge",
    "Lowcastle",
    "Lowcliff",
    "Lowcross",
    "Moordale",
    "Moorford",
    "Moorburg",
    "Moorbury",
    "Moorhaven",
    "Moorhelm",
    "Moorhold",
    "Moorholt",
    "Moorkeep",
    "Moorland",
    "Moormarch",
    "Moormere",
    "Moormont",
    "Moormoor",
    "Moormouth",
    "Moorport",
    "Moorrest",
    "Moorstead",
    "Moorton",
    "Moorview",
    "Moorville",
    "Moorwatch",
    "Moorwick",
    "Moorworth",
    "Moory",
    "Moorbay",
    "Moorbridge",
    "Moorcastle",
    "Moorcliff",
    "Moorcross",
    "Oakdale",
    "Oakford",
    "Oakburg",
    "Oakbury",
    "Oakhaven",
    "Oakhelm",
    "Oakhold",
    "Oakholt",
    "Oakkeep",
    "Oakland",
    "Oakmarch",
    "Oakmere",
    "Oakmont",
    "Oakmoor",
    "Oakmouth",
    "Oakport",
    "Oakrest",
    "Oakstead",
    "Oakton",
    "Oakview",
    "Oakville",
    "Oakwatch",
    "Oakwick",
    "Oakworth",
    "Oaky",
    "Oakbay",
    "Oakbridge",
    "Oakcastle",
    "Oakcliff",
    "Oakcross",
    "Pinedale",
    "Pineford",
    "Pineburg",
    "Pinebury",
    "Pinehaven",
    "Pinehelm",
    "Pinehold",
    "Pineholt",
    "Pinekeep",
    "Pineland",
    "Pinemarch",
    "Pinemere",
    "Pinemont",
    "Pinemoor",
    "Pinemouth",
    "Pineport",
    "Pinerest",
    "Pinestead",
    "Pineton",
    "Pineview",
    "Pineville",
    "Pinewatch",
    "Pinewick",
    "Pineworth",
    "Piney",
    "Pinebay",
    "Pinebridge",
    "Pinecastle",
    "Pinecliff",
    "Pinecross",
    "Reddale",
    "Redford",
    "Redburg",
    "Redbury",
    "Redhaven",
    "Redhelm",
    "Redhold",
    "Redholt",
    "Redkeep",
    "Redland",
    "Redmarch",
    "Redmere",
    "Redmont",
    "Redmoor",
    "Redmouth",
    "Redport",
    "Redrest",
    "Redstead",
    "Redton",
    "Redview",
    "Redville",
    "Redwatch",
    "Redwick",
    "Redworth",
    "Redy",
    "Redbay",
    "Redbridge",
    "Redcastle",
    "Redcliff",
    "Redcross",
    "Riverdale",
    "Riverford",
    "Riverburg",
    "Riverbury",
    "Riverhaven",
    "Riverhelm",
    "Riverhold",
    "Riverholt",
    "Riverkeep",
    "Riverland",
    "Rivermarch",
    "Rivermere",
    "Rivermont",
    "Rivermoor",
    "Rivermouth",
    "Riverport",
    "Riverrest",
    "Riverstead",
    "Riverton",
    "Riverview",
    "Riverville",
    "Riverwatch",
    "Riverwick",
    "Riverworth",
    "Rivery",
    "Riverbay",
    "Riverbridge",
    "Rivercastle",
    "Rivercliff",
    "Rivercross",
    "Silverdale",
    "Silverford",
    "Silverburg",
    "Silverbury",
    "Silverhaven",
    "Silverhelm",
    "Silverhold",
    "Silverholt",
    "Silverkeep",
    "Silverland",
    "Silvermarch",
    "Silvermere",
    "Silvermont",
    "Silvermoor",
    "Silvermouth",
    "Silverport",
    "Silverrest",
    "Silverstead",
    "Silverton",
    "Silverview",
    "Silverville",
    "Silverwatch",
    "Silverwick",
    "Silverworth",
    "Silvery",
    "Silverbay",
    "Silverbridge",
    "Silvercastle",
    "Silvercliff",
    "Silvercross",
    "Stonedale",
    "Stoneford",
    "Stoneburg",
    "Stonebury",
    "Stonehaven",
    "Stonehelm",
    "Stonehold",
    "Stoneholt"
  ]
}