{
  "authors": [
    {
      "name": "munichjake",
      "email": "munichjake@dnd-session.de",
      "url": "https://dnd-session.de",
      "github": "https://github.com/munichjake"
    }
  ],
  "description": "Deutsche Beinamen mit Geschlechts-Zuordnung",
  "version": "1.2.0",
  "names": {
    "male": [
      "der Unbesiegbare",
      "der Drachentöter",
      "der Schattenläufer",
      "der Mondscheinkrieger",
      "der Sturmrufer",
      "der Schwertmeister",
      "der Wolfsfreund",
      "der Steinbrecher",
      "der Goldene Löwe",
      "der Frostbeißer",
      "der Blutige",
      "der Gerechte",
      "der Donnerhall",
      "der Feuerschlund",
      "der Rabenvater",
      "der Knochenbrecher",
      "der Nebelgeist",
      "der Flammenwerfer",
      "der Klingenbändiger",
      "der Axtschwinger",
      "der Furchtlose",
      "der Schildwall",
      "der Bannwirker",
      "der Feind der Drachen",
      "der Bärenzähmer",
      "der Greifenfreund",
      "der Adlerblick",
      "der Totengänger",
      "der Seelenfänger",
      "der Steinwolf",
      "der Ewige",
      "der Wanderer",
      "der Glücklose",
      "der Gesegnete",
      "der Erretter",
      "der Richter",
      "der Tyrann",
      "der Ketzer",
      "der Ketzerjäger",
      "der Runenschmied"
    ],
    "female": [
      "die Weise",
      "die Sternenwanderin",
      "die Eisenfaust",
      "die Feuerherrin",
      "die Waldmeisterin",
      "die Lichtbringerin",
      "die Himmelsstürmerin",
      "die Nebelwandlerin",
      "die Silberne Feder",
      "die Morgendämmerung",
      "die Grausame",
      "die Sanfte",
      "die Sturmgeborene",
      "die Kristallseherin",
      "die Eulenmutter",
      "die Schattenbraut",
      "die Frostmaid",
      "die Glutbewahrerin",
      "die Runenkennerin",
      "die Pfeilschnelle",
      "die Tapfere",
      "die Speerträgerin",
      "die Heilerin",
      "die Retterin der Armen",
      "die Pantherkönig",
      "die Falkenauge",
      "die Nachtsängerin",
      "die Traumweberin",
      "die Sturmhexe",
      "die Mondpriesterin",
      "die Zeitlose",
      "die Rastlose",
      "die Verfluchte",
      "die Erleuchtete",
      "die Befreierin",
      "die Unbestechliche",
      "die Blutkönigin",
      "die Heilige",
      "die Prophetin",
      "die Zauberkrone"
    ],
    "nonbinary": [
      "Sturmherz",
      "Schattenseele",
      "Mondklinge",
      "Drachenatem",
      "Frostwind", 
      "Goldblick",
      "Sternenruf",
      "Nebelwandel",
      "Flammenzorn",
      "Eisensturm",
      "Waldgeist",
      "Steinherz",
      "Wolkenläufer",
      "Lichtschatten",
      "Blutmond",
      "Kristallblick",
      "Donnersturm",
      "Rabenschrei",
      "Wolfsspur",
      "Silberlicht",
      "Runenträger",
      "Zeitwandel",
      "Seelenfeuer",
      "Nachtwind",
      "Morgenrot",
      "Sternenfrost",
      "Drachenerbe",
      "Schicksalskind",
      "Traumläufer",
      "Geisterwandel",
      "Himmelsbote",
      "Erdenkind",
      "Feuerseele",
      "Wasserherz",
      "Luftgeist",
      "Schattenflügel",
      "Lichtbringer",
      "Dunkelherz",
      "Zwielichtseele",
      "Ätherwandel"
    ]
  }
}