{
  "authors": [
    {
      "name": "munichjake",
      "email": "munichjake@dnd-session.de",
      "url": "https://dnd-session.de",
      "github": "https://github.com/munichjake"
    }
  ],
  "description": "Deutsche männliche Elfen-Vornamen",
  "version": "1.0.0",
  "names": [
    "Illian",
    "Morred",
    "Giler",
    "Faelor",
    "Erlith",
    "Illorin",
    "Haldandir",
    "Finion",
    "Talgar",
    "Eldorin",
    "Elendire",
    "Aeramir",
    "Darrandir",
    "Vorlith",
    "Finanor",
    "Cardor",
    "Tharon",
    "Bireth",
    "Arirandir",
    "Birhiel",
    "Hirlith",
    "Galwald",
    "Moror",
    "Aergorn",
    "Ardor",
    "Norion",
    "Aeldor",
    "Talwald",
    "Eldlith",
    "Carer",
    "Biranor",
    "Darthin",
    "Lormar",
    "Aelarin",
    "Haldorn",
    "Darhiel",
    "Hirer",
    "Almar",
    "Erdir",
    "Tharion",
    "Voreth",
    "Taler",
    "Mithon",
    "Gorarin",
    "Lothomir",
    "Aelhain",
    "Aelion",
    "Talhain",
    "Siliel",
    "Elandir",
    "Galdor",
    "Elomir",
    "Birmar",
    "Illamira",
    "Mithien",
    "Mithmar",
    "Lothrandir",
    "Itharin",
    "Tharorin",
    "Moreth",
    "Erlior",
    "Eron",
    "Silgorn",
    "Haldhiel",
    "Elsor",
    "Finthin",
    "Caramir",
    "Morlith",
    "Darmar",
    "Aelgorn",
    "Aerred",
    "Darien",
    "Hirsor",
    "Aellioru",
    "Silian",
    "Aeldir",
    "Rilgar",
    "Ariomir",
    "Aelieni",
    "Belgar",
    "Arianor",
    "Haldarin",
    "Morarin",
    "Argorn",
    "Morer",
    "Biron",
    "Tharian",
    "Ariian",
    "Birwald",
    "Haldgar",
    "Faelamir",
    "Carian",
    "Loramir",
    "Lotharin",
    "Goromir",
    "Dargorn",
    "Nororin",
    "Biror",
    "Carrandir",
    "Finiena",
    "Aerdir",
    "Loriel",
    "Galomir",
    "Taleth",
    "Ardir",
    "Ellith",
    "Galred",
    "Eldrandir",
    "Voriel",
    "Hiranor",
    "Thargar",
    "Vorhiel",
    "Hirwald",
    "Ariain",
    "Erdor",
    "Alrandir",
    "Morlior",
    "Elenhiel",
    "Gorred",
    "Aerain",
    "Arieth",
    "Talanor",
    "Finorin",
    "Haldgari",
    "Lothor",
    "Faelian",
    "Hirhain",
    "Hiriel",
    "Eldion",
    "Faelien",
    "Lororin",
    "Hironi",
    "Faelomira",
    "Aerdor",
    "Nordor",
    "Silhiel",
    "Goriel",
    "Talrandir",
    "Moromir",
    "Galiel",
    "Illlith",
    "Illdir",
    "Tharhiel",
    "Elenrandir",
    "Ither",
    "Alwald",
    "Talmar",
    "Dareth",
    "Eldandir",
    "Darwald",
    "Haldiel",
    "Fingar",
    "Hirhaine",
    "Eldsori",
    "Carlith",
    "Belomir",
    "Alarin",
    "Althin",
    "Rilorn",
    "Alor",
    "Norwald",
    "Elion",
    "Haldred",
    "Ithor",
    "Galsor",
    "Finsor",
    "Eldgorn",
    "Aerlith",
    "Bellith",
    "Aelrandir",
    "Ithdor",
    "Tharrandir",
    "Tharwald",
    "Mithred",
    "Eldain",
    "Gorlith",
    "Elanor",
    "Elmar",
    "Rilred",
    "Aron",
    "Norien",
    "Aerhain",
    "Elenarin",
    "Caror",
    "Birandir",
    "Arigorn",
    "Ithion",
    "Birthin",
    "Mithgar",
    "Eler",
    "Erian",
    "Sillior",
    "Mithlior",
    "Gildor",
    "Hirdor",
    "Aeliel",
    "Haldon",
    "Elarin",
    "Taldor",
    "Haldain",
    "Gorlitho",
    "Tharlior",
    "Rillith",
    "Ithiel",
    "Haldorin",
    "Hirian",
    "Aellith",
    "Elendir",
    "Eldarin",
    "Findor",
    "Norrandir",
    "Aelono",
    "Tharanor",
    "Lothred",
    "Alamir",
    "Sildor",
    "Noron",
    "Cardir",
    "Lothhain",
    "Ithgorn",
    "Alon",
    "Morain",
    "Voron",
    "Itheth",
    "Daranor",
    "Gilgar",
    "Voror",
    "Haldgorn",
    "Birien",
    "Elenain",
    "Galanoro",
    "Vororin",
    "Lorsor",
    "Thargorn",
    "Illon",
    "Ariwaldu",
    "Aerlior",
    "Daromir",
    "Arorin",
    "Goramir",
    "Beliel",
    "Norsor",
    "Gorian",
    "Gilien",
    "Gordor",
    "Morandir",
    "Haldthin",
    "Lother",
    "Lorhiel",
    "Tharer",
    "Noriele",
    "Haldion",
    "Galdir",
    "Belorin",
    "Galarin",
    "Finoru",
    "Dardor",
    "Haldlior",
    "Aliel",
    "Alomir",
    "Lordor",
    "Nordir",
    "Illarin",
    "Carred",
    "Elrandir",
    "Talien",
    "Gilian",
    "Belien",
    "Haldamir",
    "Lordir",
    "Ithon",
    "Northin",
    "Elengorn",
    "Finlith",
    "Ariwald",
    "Aereth",
    "Moriel",
    "Gorsor",
    "Elenlior",
    "Aldir",
    "Lorhain",
    "Faeldor",
    "Finhain",
    "Faelhiele",
    "Elengar",
    "Silorn",
    "Silanor",
    "Aranor",
    "Mithwald",
    "Elenere",
    "Moramir",
    "Aelamir",
    "Haldian",
    "Finandir",
    "Rilandir",
    "Tharain",
    "Erer",
    "Eriel",
    "Rilandire",
    "Voramir",
    "Caromir",
    "Norian",
    "Eldien",
    "Finthina",
    "Arior",
    "Goreri",
    "Goreth",
    "Darhain",
    "Ariamir",
    "Lothgorn",
    "Lothain",
    "Lothandir",
    "Ithred",
    "Lorrandir",
    "Belmar",
    "Mithandir",
    "Beler",
    "Tharred",
    "Finhiel",
    "Mithanor",
    "Darred",
    "Cargar",
    "Elenhain",
    "Elenwald",
    "Eleniel",
    "Illor",
    "Aeriel",
    "Illsor",
    "Aelthin",
    "Vorrandir",
    "Moron",
    "Faelere",
    "Arienu",
    "Mithhiel",
    "Lorer",
    "Gilanor",
    "Gilon",
    "Lothian",
    "Faelandir",
    "Eror",
    "Gilsor",
    "Vordir",
    "Lothien",
    "Finred",
    "Galion",
    "Elamir",
    "Elenomir",
    "Haldomir",
    "Ithandir",
    "Eldred",
    "Rilain",
    "Talian",
    "Lothion",
    "Arlith",
    "Ithhiel",
    "Ithomir",
    "Gororn",
    "Aerian",
    "Caron",
    "Illred",
    "Rilorin",
    "Gilmar",
    "Talamire",
    "Finon",
    "Ariorin",
    "Rilthin",
    "Rileth",
    "Alian",
    "Beleth",
    "Talliora",
    "Eleth",
    "Hirrandir",
    "Birethi",
    "Norgorn",
    "Aerhiel",
    "Arimar",
    "Caranor",
    "Erwald",
    "Erhiel",
    "Birdor",
    "Faelain",
    "Finain",
    "Arorn",
    "Gorwald",
    "Ariana",
    "Gorandir",
    "Galandir",
    "Noreth",
    "Aler",
    "Hirthin",
    "Gordir",
    "Ithmar",
    "Dardir",
    "Aerion",
    "Vorarin",
    "Elener",
    "Aelorin",
    "Arrandir",
    "Lorgar",
    "Faelsor",
    "Darorn",
    "Elenor",
    "Faeleth",
    "Arhain",
    "Lorarin",
    "Lothiani",
    "Lotheth",
    "Elenred",
    "Belamir",
    "Gallith",
    "Silhain",
    "Erred",
    "Carhiel",
    "Aridir",
    "Hireth",
    "Lothamir",
    "Aerarin",
    "Talgorn",
    "Haldlith",
    "Illandir",
    "Goror",
    "Lothwald",
    "Vorlior",
    "Illrandir",
    "Gorgar",
    "Thardor",
    "Darhaini",
    "Aeron",
    "Rilion",
    "Eranor",
    "Birlior",
    "Mithdor",
    "Lothsor",
    "Norhain",
    "Allior",
    "Tallior",
    "Lorlith",
    "Elder",
    "Mororin",
    "Haldeth",
    "Elensor",
    "Lothdir",
    "Silsor",
    "Alanor",
    "Hiromir",
    "Morsor",
    "Mithgorn",
    "Ariiel",
    "Ariono",
    "Elenorin",
    "Thardir",
    "Faelorn",
    "Riler",
    "Areth",
    "Eldsor",
    "Carien",
    "Aridor",
    "Talain",
    "Birorin",
    "Arihain",
    "Eldhiel",
    "Arer",
    "Halddir",
    "Ariarin",
    "Silmar",
    "Talthin",
    "Ermar",
    "Eldiel",
    "Silred",
    "Belain",
    "Aelomir",
    "Hirion",
    "Galamir",
    "Loron",
    "Birdir",
    "Finamir",
    "Silien",
    "Norgar",
    "Aeler",
    "Vorsor",
    "Lororn",
    "Arthin",
    "Hirandir",
    "Galhain",
    "Aelhielu",
    "Galmar",
    "Darlior",
    "Goron",
    "Ithdir",
    "Mithlith",
    "Aldor",
    "Beldor",
    "Arilior",
    "Gilomir",
    "Elgorn",
    "Alorin",
    "Lorandir",
    "Vormar",
    "Carain",
    "Mithomir",
    "Vordor",
    "Birarin",
    "Gilarin",
    "Tharlith",
    "Elenien",
    "Belgorn",
    "Lothlior",
    "Finlior",
    "Eramir",
    "Silor",
    "Rilaino",
    "Ithhain",
    "Faelielu",
    "Belor",
    "Haldmar",
    "Faellith",
    "Mormar",
    "Faelrandir",
    "Aerer",
    "Belanor",
    "Miththin",
    "Tharomir",
    "Norarin",
    "Faelhiel",
    "Belarin",
    "Eldmar",
    "Arired",
    "Vororn",
    "Aerorn",
    "Eldgar",
    "Morian",
    "Silain",
    "Dargar",
    "Erain",
    "Galgar",
    "Hirmar",
    "Ithgar",
    "Aerwald",
    "Aelhiel",
    "Vorain",
    "Hirdir",
    "Haldor",
    "Elenanor",
    "Ithlith",
    "Belorn",
    "Ithorn",
    "Tharoro",
    "Aellior",
    "Haldrandir",
    "Aersor",
    "Cargorn",
    "Norred",
    "Dararin",
    "Arithin",
    "Biriel",
    "Loromiro",
    "Loromir",
    "Morthino",
    "Birer",
    "Haldanor",
    "Daror",
    "Ersor",
    "Vorgorn",
    "Birhain",
    "Darandir",
    "Mithion",
    "Lorthin",
    "Haldwald",
    "Lorain",
    "Vorthin",
    "Gildir",
    "Elorn",
    "Illwald",
    "Dariel",
    "Noriel",
    "Aelwald",
    "Hirred",
    "Lorian",
    "Illdor",
    "Elenoni",
    "Loranor",
    "Mithdir",
    "Alain",
    "Silandir",
    "Morien",
    "Hirarin",
    "Tharhain",
    "Galien",
    "Mithiel",
    "Illhain",
    "Norlior",
    "Taldir",
    "Galgorn",
    "Thararin",
    "Ithain",
    "Faelhain",
    "Rilor",
    "Darer",
    "Beliena",
    "Errandir",
    "Taldiri",
    "Aerandir",
    "Aerrandir",
    "Tharandir",
    "Aramir",
    "Talorin",
    "Finien",
    "Cararin",
    "Erion",
    "Careth",
    "Gorgorn",
    "Faelmar",
    "Faelred",
    "Eldon",
    "Talion",
    "Vorwald",
    "Mithain",
    "Mithhain",
    "Birion",
    "Aelred",
    "Tharsor",
    "Gorion",
    "Aermar",
    "Darorin",
    "Haldien",
    "Lothdor",
    "Illgar",
    "Belon",
    "Silion",
    "Elenlith",
    "Lothhiel",
    "Tharor",
    "Lorwald",
    "Gilthin",
    "Belianu",
    "Ithwald",
    "Illamir",
    "Norhiel",
    "Gilwald",
    "Talorn",
    "Finmar",
    "Cariel",
    "Mithandiru",
    "Alorn",
    "Tharorn",
    "Alien",
    "Arred",
    "Hirain",
    "Alhiel",
    "Darain",
    "Faelon",
    "Galanor",
    "Thariel",
    "Aelgar",
    "Mithor",
    "Ariel",
    "Eliel",
    "Gileth",
    "Elenthin",
    "Lorion",
    "Eromir",
    "Galorn",
    "Vorian",
    "Darsor",
    "Eldir",
    "Arilith",
    "Illmar",
    "Lothorin",
    "Aeranor",
    "Elenion",
    "Mithrandir",
    "Lothandire",
    "Alred",
    "Tharien",
    "Elenamir",
    "Halder",
    "Erarin",
    "Tharorne",
    "Gilgorn",
    "Sillith",
    "Illain",
    "Birlioro",
    "Carhain",
    "Eldanor",
    "Silamir",
    "Carthin",
    "Arain",
    "Ergar",
    "Hiramir",
    "Silarin",
    "Elred",
    "Thareth",
    "Talamir",
    "Norain",
    "Aermara",
    "Belwald",
    "Carwald",
    "Galeth",
    "Illien",
    "Vorhain",
    "Eldwald",
    "Aelorini",
    "Gilor",
    "Nororn",
    "Gorain",
    "Gilorina",
    "Rilamir",
    "Lothon",
    "Hirorin",
    "Norer",
    "Faelanor",
    "Lorred",
    "Silgar",
    "Gorrandir",
    "Gororin",
    "Aerthin",
    "Arigar",
    "Norlith",
    "Biromir",
    "Hiror",
    "Mithian",
    "Beldir",
    "Rilian",
    "Finian",
    "Illorn",
    "Mithamir",
    "Gorien",
    "Ithian",
    "Voranor",
    "Aelorn",
    "Ariion",
    "Ithdiri",
    "Elenandir",
    "Belian",
    "Carorin",
    "Goranor",
    "Morhiel",
    "Gorlior",
    "Mithorin",
    "Rilarin",
    "Erthin",
    "Talera",
    "Rilanor",
    "Elthin",
    "Finor",
    "Elorin",
    "Illgorn",
    "Taliel",
    "Aelanor",
    "Gorhiel",
    "Finrandir",
    "Galrandir",
    "Carsor",
    "Alsor",
    "Rildir",
    "Gillior",
    "Belhiel",
    "Morion",
    "Belandir",
    "Faelgorn",
    "Hirielo",
    "Aelsor",
    "Moranor",
    "Ereth",
    "Silwald",
    "Finarin",
    "Illomir",
    "Erandir",
    "Morhainu",
    "Illanor",
    "Elenon",
    "Elwald",
    "Arsor",
    "Mororn",
    "Mitheth",
    "Ithien",
    "Belrandir",
    "Elendor",
    "Belsor",
    "Loror",
    "Aelon",
    "Alredo",
    "Lothgar",
    "Ithanor",
    "Mithielu",
    "Loththin",
    "Elddor",
    "Hirien",
    "Hirgar",
    "Arandir",
    "Galorin",
    "Galthin",
    "Faelion",
    "Rilsor",
    "Illlior",
    "Birorn",
    "Haldiele",
    "Vorien",
    "Noromiro",
    "Tharamir",
    "Rillior",
    "Rilwald",
    "Birred",
    "Arien",
    "Eldorn",
    "Elain",
    "Bellior",
    "Gormar",
    "Lothorn",
    "Erien",
    "Elaina",
    "Gilhiel",
    "Gilion",
    "Galian",
    "Elian",
    "Fingorn",
    "Loreth",
    "Aeleth",
    "Rildor",
    "Erhain",
    "Darian",
    "Arhiel",
    "Birain",
    "Tharthin",
    "Ithrandir",
    "Birlith",
    "Hirlior",
    "Talred",
    "Normar",
    "Sileth",
    "Lothlith",
    "Ithamir",
    "Darion",
    "Gilhain",
    "Aergar",
    "Ithsor",
    "Talandir",
    "Carorn",
    "Aromir",
    "Aelain",
    "Vorgar",
    "Belanoru",
    "Lorgorn",
    "Aelor",
    "Sillioru",
    "Ariorn",
    "Talomir",
    "Aleth",
    "Elenian",
    "Elien",
    "Faelwald",
    "Eldor",
    "Armar",
    "Elenmar",
    "Noranor",
    "Illion",
    "Erorn",
    "Norandir",
    "Faelomir",
    "Noromir",
    "Voromir",
    "Aerorin",
    "Elon",
    "Talhiel",
    "Gorhain",
    "Galhiel",
    "Aeror",
    "Talon",
    "Eldlior",
    "Finiel",
    "Aror",
    "Belion",
    "Eldeth",
    "Eldomir",
    "Belhain",
    "Hirhiel",
    "Hiron",
    "Aelien",
    "Aelandir",
    "Ararin",
    "Arier",
    "Vorred",
    "Gorthin",
    "Findir",
    "Allith",
    "Finorn",
    "Iththin",
    "Rilmar",
    "Talsor",
    "Rilrandir",
    "Faeliel",
    "Alandir",
    "Mitharin",
    "Rilgorn",
    "Argar",
    "Galon",
    "Talor",
    "Finwald",
    "Rilhain",
    "Morthin",
    "Talarin",
    "Mithsor",
    "Silrandir",
    "Arion",
    "Hirgorn",
    "Gallior",
    "Aeromir",
    "Eldhain",
    "Illiel",
    "Aelmar",
    "Illthin",
    "Lothmar",
    "Carion",
    "Talandiro",
    "Illeth",
    "Belthin",
    "Ithorin",
    "Lothanor",
    "Caroru",
    "Gorsora",
    "Carliora",
    "Carmar",
    "Mordor",
    "Elgar",
    "Aelian",
    "Vorer",
    "Lorlior",
    "Rilien",
    "Ergorn",
    "Daramir",
    "Algar",
    "Rilomir",
    "Morwald",
    "Tallith",
    "Mither",
    "Elhiel",
    "Eldthin",
    "Elenorn",
    "Vorandir",
    "Morgar",
    "Halddor",
    "Alion",
    "Birian",
    "Fineth",
    "Lorien",
    "Hirorn",
    "Silthin",
    "Gilrandir",
    "Gilorin",
    "Arihiel",
    "Ariien",
    "Mithorn",
    "Faelgar",
    "Lothiel",
    "Galonu",
    "Algorn",
    "Silorin",
    "Mordir",
    "Carlior",
    "Faeldir",
    "Galer",
    "Gilorn",
    "Birrandir",
    "Sildir",
    "Darlith",
    "Haldhain",
    "Silon",
    "Eldaino",
    "Eldamir",
    "Finthinu",
    "Aeretho",
    "Vorion",
    "Riliel",
    "Carandir",
    "Birgorn",
    "Faelorin",
    "Rilhiel",
    "Galor",
    "Iller",
    "Arwald",
    "Daron",
    "Ithaino",
    "Arlior",
    "Elddir",
    "Halddore",
    "Arisor",
    "Finer",
    "Gillith",
    "Morhain",
    "Biramir",
    "Faelthin",
    "Giliel",
    "Vorioni",
    "Gorer",
    "Elor",
    "Morrandir",
    "Silomir",
    "Siler",
    "Faeler",
    "Aerien",
    "Noramir",
    "Rilon",
    "Gilamir",
    "Ariandir",
    "Illhiel",
    "Gilred",
    "Elhain",
    "Galain",
    "Arian",
    "Erorin",
    "Gilain",
    "Gilandir",
    "Belred",
    "Tharmar",
    "Ellior",
    "Finomir",
    "Birgar",
    "Ithlior",
    "Faellior",
    "Althini",
    "Noror",
    "Faelarin",
    "Morgorn",
    "Birsor",
    "Alhain",
    "Eldian",
    "Haldsor",
    "Eleneth",
    "Illgaro"
  ]
}