{
  "authors": [
    {
      "name": "munichjake",
      "email": "munichjake@dnd-session.de",
      "url": "https://dnd-session.de",
      "github": "https://github.com/munichjake"
    }
  ],
  "description": "English halfling surnames",
  "version": "1.0.0",
  "names": [
    "Greenfoot",
    "Greenleaf",
    "Greenbottle",
    "Greenbrook",
    "Greenbarrel",
    "Greenbough",
    "Greenblossom",
    "Greenhopper",
    "Greenfeather",
    "Greenfallow",
    "Greengather",
    "Greengrain",
    "Greengarden",
    "Greengrove",
    "Greenmeadow",
    "Greenrest",
    "Greenseed",
    "Greenpatch",
    "Greensong",
    "Greenwalker",
    "Hillfoot",
    "Hillleaf",
    "Hillbottle",
    "Hillbrook",
    "Hillbarrel",
    "Hillbough",
    "Hillblossom",
    "Hillhopper",
    "Hillfeather",
    "Hillfallow",
    "Hillgather",
    "Hillgrain",
    "Hillgarden",
    "Hillgrove",
    "Hillmeadow",
    "Hillrest",
    "Hillseed",
    "Hillpatch",
    "Hillsong",
    "Hillwalker",
    "Brushfoot",
    "Brushleaf",
    "Brushbottle",
    "Brushbrook",
    "Brushbarrel",
    "Brushbough",
    "Brushblossom",
    "Brushhopper",
    "Brushfeather",
    "Brushfallow",
    "Brushgather",
    "Brushgrain",
    "Brushgarden",
    "Brushgrove",
    "Brushmeadow",
    "Brushrest",
    "Brushseed",
    "Brushpatch",
    "Brushsong",
    "Brushwalker",
    "Underfoot",
    "Underleaf",
    "Underbottle",
    "Underbrook",
    "Underbarrel",
    "Underbough",
    "Underblossom",
    "Underhopper",
    "Underfeather",
    "Underfallow",
    "Undergather",
    "Undergrain",
    "Undergarden",
    "Undergrove",
    "Undermeadow",
    "Underrest",
    "Underseed",
    "Underpatch",
    "Undersong",
    "Underwalker",
    "Brightfoot",
    "Brightleaf",
    "Brightbottle",
    "Brightbrook",
    "Brightbarrel",
    "Brightbough",
    "Brightblossom",
    "Brighthopper",
    "Brightfeather",
    "Brightfallow",
    "Brightgather",
    "Brightgrain",
    "Brightgarden",
    "Brightgrove",
    "Brightmeadow",
    "Brightrest",
    "Brightseed",
    "Brightpatch",
    "Brightsong",
    "Brightwalker",
    "Cloverfoot",
    "Cloverleaf",
    "Cloverbottle",
    "Cloverbrook",
    "Cloverbarrel",
    "Cloverbough",
    "Cloverblossom",
    "Cloverhopper",
    "Cloverfeather",
    "Cloverfallow",
    "Clovergather",
    "Clovergrain",
    "Clovergarden",
    "Clovergrove",
    "Clovermeadow",
    "Cloverrest",
    "Cloverseed",
    "Cloverpatch",
    "Cloversong",
    "Cloverwalker",
    "Swiftfoot",
    "Swiftleaf",
    "Swiftbottle",
    "Swiftbrook",
    "Swiftbarrel",
    "Swiftbough",
    "Swiftblossom",
    "Swifthopper",
    "Swiftfeather",
    "Swiftfallow",
    "Swiftgather",
    "Swiftgrain",
    "Swiftgarden",
    "Swiftgrove",
    "Swiftmeadow",
    "Swiftrest",
    "Swiftseed",
    "Swiftpatch",
    "Swiftsong",
    "Swiftwalker",
    "Softfoot",
    "Softleaf",
    "Softbottle",
    "Softbrook",
    "Softbarrel",
    "Softbough",
    "Softblossom",
    "Softhopper",
    "Softfeather",
    "Softfallow",
    "Softgather",
    "Softgrain",
    "Softgarden",
    "Softgrove",
    "Softmeadow",
    "Softrest",
    "Softseed",
    "Softpatch",
    "Softsong",
    "Softwalker",
    "Merryfoot",
    "Merryleaf",
    "Merrybottle",
    "Merrybrook",
    "Merrybarrel",
    "Merrybough",
    "Merryblossom",
    "Merryhopper",
    "Merryfeather",
    "Merryfallow",
    "Merrygather",
    "Merrygrain",
    "Merrygarden",
    "Merrygrove",
    "Merrymeadow",
    "Merryrest",
    "Merryseed",
    "Merrypatch",
    "Merrysong",
    "Merrywalker",
    "Oakfoot",
    "Oakleaf",
    "Oakbottle",
    "Oakbrook",
    "Oakbarrel",
    "Oakbough",
    "Oakblossom",
    "Oakhopper",
    "Oakfeather",
    "Oakfallow",
    "Oakgather",
    "Oakgrain",
    "Oakgarden",
    "Oakgrove",
    "Oakmeadow",
    "Oakrest",
    "Oakseed",
    "Oakpatch",
    "Oaksong",
    "Oakwalker",
    "Hearthfoot",
    "Hearthleaf",
    "Hearthbottle",
    "Hearthbrook",
    "Hearthbarrel",
    "Hearthbough",
    "Hearthblossom",
    "Hearthhopper",
    "Hearthfeather",
    "Hearthfallow",
    "Hearthgather",
    "Hearthgrain",
    "Hearthgarden",
    "Hearthgrove",
    "Hearthmeadow",
    "Hearthrest",
    "Hearthseed",
    "Hearthpatch",
    "Hearthsong",
    "Hearthwalker",
    "Lightfoot",
    "Lightleaf",
    "Lightbottle",
    "Lightbrook",
    "Lightbarrel",
    "Lightbough",
    "Lightblossom",
    "Lighthopper",
    "Lightfeather",
    "Lightfallow",
    "Lightgather",
    "Lightgrain",
    "Lightgarden",
    "Lightgrove",
    "Lightmeadow",
    "Lightrest",
    "Lightseed",
    "Lightpatch",
    "Lightsong",
    "Lightwalker",
    "Rainfoot",
    "Rainleaf",
    "Rainbottle",
    "Rainbrook",
    "Rainbarrel",
    "Rainbough",
    "Rainblossom",
    "Rainhopper",
    "Rainfeather",
    "Rainfallow",
    "Raingather",
    "Raingrain",
    "Raingarden",
    "Raingrove",
    "Rainmeadow",
    "Rainrest",
    "Rainseed",
    "Rainpatch",
    "Rainsong",
    "Rainwalker",
    "Goldfoot",
    "Goldleaf",
    "Goldbottle",
    "Goldbrook",
    "Goldbarrel",
    "Goldbough",
    "Goldblossom",
    "Goldhopper",
    "Goldfeather",
    "Goldfallow",
    "Goldgather",
    "Goldgrain",
    "Goldgarden",
    "Goldgrove",
    "Goldmeadow",
    "Goldrest",
    "Goldseed",
    "Goldpatch",
    "Goldsong",
    "Goldwalker",
    "Sunfoot",
    "Sunleaf",
    "Sunbottle",
    "Sunbrook",
    "Sunbarrel",
    "Sunbough",
    "Sunblossom",
    "Sunhopper",
    "Sunfeather",
    "Sunfallow",
    "Sungather",
    "Sungrain",
    "Sungarden",
    "Sungrove",
    "Sunmeadow",
    "Sunrest",
    "Sunseed",
    "Sunpatch",
    "Sunsong",
    "Sunwalker",
    "Moonfoot",
    "Moonleaf",
    "Moonbottle",
    "Moonbrook",
    "Moonbarrel",
    "Moonbough",
    "Moonblossom",
    "Moonhopper",
    "Moonfeather",
    "Moonfallow",
    "Moongather",
    "Moongrain",
    "Moongarden",
    "Moongrove",
    "Moonmeadow",
    "Moonrest",
    "Moonseed",
    "Moonpatch",
    "Moonsong",
    "Moonwalker",
    "Silverfoot",
    "Silverleaf",
    "Silverbottle",
    "Silverbrook",
    "Silverbarrel",
    "Silverbough",
    "Silverblossom",
    "Silverhopper",
    "Silverfeather",
    "Silverfallow",
    "Silvergather",
    "Silvergrain",
    "Silvergarden",
    "Silvergrove",
    "Silvermeadow",
    "Silverrest",
    "Silverseed",
    "Silverpatch",
    "Silversong",
    "Silverwalker",
    "Willowfoot",
    "Willowleaf",
    "Willowbottle",
    "Willowbrook",
    "Willowbarrel",
    "Willowbough",
    "Willowblossom",
    "Willowhopper",
    "Willowfeather",
    "Willowfallow",
    "Willowgather",
    "Willowgrain",
    "Willowgarden",
    "Willowgrove",
    "Willowmeadow",
    "Willowrest",
    "Willowseed",
    "Willowpatch",
    "Willowsong",
    "Willowwalker",
    "Dawnfoot",
    "Dawnleaf",
    "Dawnbottle",
    "Dawnbrook",
    "Dawnbarrel",
    "Dawnbough",
    "Dawnblossom",
    "Dawnhopper",
    "Dawnfeather",
    "Dawnfallow",
    "Dawngather",
    "Dawngrain",
    "Dawngarden",
    "Dawngrove",
    "Dawnmeadow",
    "Dawnrest",
    "Dawnseed",
    "Dawnpatch",
    "Dawnsong",
    "Dawnwalker",
    "Greenfootfoot",
    "Greenfootleaf",
    "Greenfootbottle",
    "Greenfootbrook",
    "Greenfootbarrel",
    "Greenfootbough",
    "Greenfootblossom",
    "Greenfoothopper",
    "Greenfootfeather",
    "Greenfootfallow",
    "Greenfootgather",
    "Greenfootgrain",
    "Greenfootgarden",
    "Greenfootgrove",
    "Greenfootmeadow",
    "Greenfootrest",
    "Greenfootseed",
    "Greenfootpatch",
    "Greenfootsong",
    "Greenfootwalker",
    "Greenleaffoot",
    "Greenleafleaf",
    "Greenleafbottle",
    "Greenleafbrook",
    "Greenleafbarrel",
    "Greenleafbough",
    "Greenleafblossom",
    "Greenleafhopper",
    "Greenleaffeather",
    "Greenleaffallow",
    "Greenleafgather",
    "Greenleafgrain",
    "Greenleafgarden",
    "Greenleafgrove",
    "Greenleafmeadow",
    "Greenleafrest",
    "Greenleafseed",
    "Greenleafpatch",
    "Greenleafsong",
    "Greenleafwalker",
    "Greenbottlefoot",
    "Greenbottleleaf",
    "Greenbottlebottle",
    "Greenbottlebrook",
    "Greenbottlebarrel",
    "Greenbottlebough",
    "Greenbottleblossom",
    "Greenbottlehopper",
    "Greenbottlefeather",
    "Greenbottlefallow",
    "Greenbottlegather",
    "Greenbottlegrain",
    "Greenbottlegarden",
    "Greenbottlegrove",
    "Greenbottlemeadow",
    "Greenbottlerest",
    "Greenbottleseed",
    "Greenbottlepatch",
    "Greenbottlesong",
    "Greenbottlewalker",
    "Greenbrookfoot",
    "Greenbrookleaf",
    "Greenbrookbottle",
    "Greenbrookbrook",
    "Greenbrookbarrel",
    "Greenbrookbough",
    "Greenbrookblossom",
    "Greenbrookhopper",
    "Greenbrookfeather",
    "Greenbrookfallow",
    "Greenbrookgather",
    "Greenbrookgrain",
    "Greenbrookgarden",
    "Greenbrookgrove",
    "Greenbrookmeadow",
    "Greenbrookrest",
    "Greenbrookseed",
    "Greenbrookpatch",
    "Greenbrooksong",
    "Greenbrookwalker",
    "Greenbarrelfoot",
    "Greenbarrelleaf",
    "Greenbarrelbottle",
    "Greenbarrelbrook",
    "Greenbarrelbarrel",
    "Greenbarrelbough",
    "Greenbarrelblossom",
    "Greenbarrelhopper",
    "Greenbarrelfeather",
    "Greenbarrelfallow",
    "Greenbarrelgather",
    "Greenbarrelgrain",
    "Greenbarrelgarden",
    "Greenbarrelgrove",
    "Greenbarrelmeadow",
    "Greenbarrelrest",
    "Greenbarrelseed",
    "Greenbarrelpatch",
    "Greenbarrelsong",
    "Greenbarrelwalker",
    "Greenboughfoot",
    "Greenboughleaf",
    "Greenboughbottle",
    "Greenboughbrook",
    "Greenboughbarrel",
    "Greenboughbough",
    "Greenboughblossom",
    "Greenboughhopper",
    "Greenboughfeather",
    "Greenboughfallow",
    "Greenboughgather",
    "Greenboughgrain",
    "Greenboughgarden",
    "Greenboughgrove",
    "Greenboughmeadow",
    "Greenboughrest",
    "Greenboughseed",
    "Greenboughpatch",
    "Greenboughsong",
    "Greenboughwalker",
    "Greenblossomfoot",
    "Greenblossomleaf",
    "Greenblossombottle",
    "Greenblossombrook",
    "Greenblossombarrel",
    "Greenblossombough",
    "Greenblossomblossom",
    "Greenblossomhopper",
    "Greenblossomfeather",
    "Greenblossomfallow",
    "Greenblossomgather",
    "Greenblossomgrain",
    "Greenblossomgarden",
    "Greenblossomgrove",
    "Greenblossommeadow",
    "Greenblossomrest",
    "Greenblossomseed",
    "Greenblossompatch",
    "Greenblossomsong",
    "Greenblossomwalker",
    "Greenhopperfoot",
    "Greenhopperleaf",
    "Greenhopperbottle",
    "Greenhopperbrook",
    "Greenhopperbarrel",
    "Greenhopperbough",
    "Greenhopperblossom",
    "Greenhopperhopper",
    "Greenhopperfeather",
    "Greenhopperfallow",
    "Greenhoppergather",
    "Greenhoppergrain",
    "Greenhoppergarden",
    "Greenhoppergrove",
    "Greenhoppermeadow",
    "Greenhopperrest",
    "Greenhopperseed",
    "Greenhopperpatch",
    "Greenhoppersong",
    "Greenhopperwalker",
    "Greenfeatherfoot",
    "Greenfeatherleaf",
    "Greenfeatherbottle",
    "Greenfeatherbrook",
    "Greenfeatherbarrel",
    "Greenfeatherbough",
    "Greenfeatherblossom",
    "Greenfeatherhopper",
    "Greenfeatherfeather",
    "Greenfeatherfallow",
    "Greenfeathergather",
    "Greenfeathergrain",
    "Greenfeathergarden",
    "Greenfeathergrove",
    "Greenfeathermeadow",
    "Greenfeatherrest",
    "Greenfeatherseed",
    "Greenfeatherpatch",
    "Greenfeathersong",
    "Greenfeatherwalker",
    "Greenfallowfoot",
    "Greenfallowleaf",
    "Greenfallowbottle",
    "Greenfallowbrook",
    "Greenfallowbarrel",
    "Greenfallowbough",
    "Greenfallowblossom",
    "Greenfallowhopper",
    "Greenfallowfeather",
    "Greenfallowfallow",
    "Greenfallowgather",
    "Greenfallowgrain",
    "Greenfallowgarden",
    "Greenfallowgrove",
    "Greenfallowmeadow",
    "Greenfallowrest",
    "Greenfallowseed",
    "Greenfallowpatch",
    "Greenfallowsong",
    "Greenfallowwalker",
    "Greengatherfoot",
    "Greengatherleaf",
    "Greengatherbottle",
    "Greengatherbrook",
    "Greengatherbarrel",
    "Greengatherbough",
    "Greengatherblossom",
    "Greengatherhopper",
    "Greengatherfeather",
    "Greengatherfallow",
    "Greengathergather",
    "Greengathergrain",
    "Greengathergarden",
    "Greengathergrove",
    "Greengathermeadow",
    "Greengatherrest",
    "Greengatherseed",
    "Greengatherpatch",
    "Greengathersong",
    "Greengatherwalker",
    "Greengrainfoot",
    "Greengrainleaf",
    "Greengrainbottle",
    "Greengrainbrook",
    "Greengrainbarrel",
    "Greengrainbough",
    "Greengrainblossom",
    "Greengrainhopper",
    "Greengrainfeather",
    "Greengrainfallow",
    "Greengraingather",
    "Greengraingrain",
    "Greengraingarden",
    "Greengraingrove",
    "Greengrainmeadow",
    "Greengrainrest",
    "Greengrainseed",
    "Greengrainpatch",
    "Greengrainsong",
    "Greengrainwalker",
    "Greengardenfoot",
    "Greengardenleaf",
    "Greengardenbottle",
    "Greengardenbrook",
    "Greengardenbarrel",
    "Greengardenbough",
    "Greengardenblossom",
    "Greengardenhopper",
    "Greengardenfeather",
    "Greengardenfallow",
    "Greengardengather",
    "Greengardengrain",
    "Greengardengarden",
    "Greengardengrove",
    "Greengardenmeadow",
    "Greengardenrest",
    "Greengardenseed",
    "Greengardenpatch",
    "Greengardensong",
    "Greengardenwalker",
    "Greengrovefoot",
    "Greengroveleaf",
    "Greengrovebottle",
    "Greengrovebrook",
    "Greengrovebarrel",
    "Greengrovebough",
    "Greengroveblossom",
    "Greengrovehopper",
    "Greengrovefeather",
    "Greengrovefallow",
    "Greengrovegather",
    "Greengrovegrain",
    "Greengrovegarden",
    "Greengrovegrove",
    "Greengrovemeadow",
    "Greengroverest",
    "Greengroveseed",
    "Greengrovepatch",
    "Greengrovesong",
    "Greengrovewalker",
    "Greenmeadowfoot",
    "Greenmeadowleaf",
    "Greenmeadowbottle",
    "Greenmeadowbrook",
    "Greenmeadowbarrel",
    "Greenmeadowbough",
    "Greenmeadowblossom",
    "Greenmeadowhopper",
    "Greenmeadowfeather",
    "Greenmeadowfallow",
    "Greenmeadowgather",
    "Greenmeadowgrain",
    "Greenmeadowgarden",
    "Greenmeadowgrove",
    "Greenmeadowmeadow",
    "Greenmeadowrest",
    "Greenmeadowseed",
    "Greenmeadowpatch",
    "Greenmeadowsong",
    "Greenmeadowwalker",
    "Greenrestfoot",
    "Greenrestleaf",
    "Greenrestbottle",
    "Greenrestbrook",
    "Greenrestbarrel",
    "Greenrestbough",
    "Greenrestblossom",
    "Greenresthopper",
    "Greenrestfeather",
    "Greenrestfallow",
    "Greenrestgather",
    "Greenrestgrain",
    "Greenrestgarden",
    "Greenrestgrove",
    "Greenrestmeadow",
    "Greenrestrest",
    "Greenrestseed",
    "Greenrestpatch",
    "Greenrestsong",
    "Greenrestwalker",
    "Greenseedfoot",
    "Greenseedleaf",
    "Greenseedbottle",
    "Greenseedbrook",
    "Greenseedbarrel",
    "Greenseedbough",
    "Greenseedblossom",
    "Greenseedhopper",
    "Greenseedfeather",
    "Greenseedfallow",
    "Greenseedgather",
    "Greenseedgrain",
    "Greenseedgarden",
    "Greenseedgrove",
    "Greenseedmeadow",
    "Greenseedrest",
    "Greenseedseed",
    "Greenseedpatch",
    "Greenseedsong",
    "Greenseedwalker",
    "Greenpatchfoot",
    "Greenpatchleaf",
    "Greenpatchbottle",
    "Greenpatchbrook",
    "Greenpatchbarrel",
    "Greenpatchbough",
    "Greenpatchblossom",
    "Greenpatchhopper",
    "Greenpatchfeather",
    "Greenpatchfallow",
    "Greenpatchgather",
    "Greenpatchgrain",
    "Greenpatchgarden",
    "Greenpatchgrove",
    "Greenpatchmeadow",
    "Greenpatchrest",
    "Greenpatchseed",
    "Greenpatchpatch",
    "Greenpatchsong",
    "Greenpatchwalker",
    "Greensongfoot",
    "Greensongleaf",
    "Greensongbottle",
    "Greensongbrook",
    "Greensongbarrel",
    "Greensongbough",
    "Greensongblossom",
    "Greensonghopper",
    "Greensongfeather",
    "Greensongfallow",
    "Greensonggather",
    "Greensonggrain",
    "Greensonggarden",
    "Greensonggrove",
    "Greensongmeadow",
    "Greensongrest",
    "Greensongseed",
    "Greensongpatch",
    "Greensongsong",
    "Greensongwalker",
    "Greenwalkerfoot",
    "Greenwalkerleaf",
    "Greenwalkerbottle",
    "Greenwalkerbrook",
    "Greenwalkerbarrel",
    "Greenwalkerbough",
    "Greenwalkerblossom",
    "Greenwalkerhopper",
    "Greenwalkerfeather",
    "Greenwalkerfallow",
    "Greenwalkergather",
    "Greenwalkergrain",
    "Greenwalkergarden",
    "Greenwalkergrove",
    "Greenwalkermeadow",
    "Greenwalkerrest",
    "Greenwalkerseed",
    "Greenwalkerpatch",
    "Greenwalkersong",
    "Greenwalkerwalker",
    "Hillfootfoot",
    "Hillfootleaf",
    "Hillfootbottle",
    "Hillfootbrook",
    "Hillfootbarrel",
    "Hillfootbough",
    "Hillfootblossom",
    "Hillfoothopper",
    "Hillfootfeather",
    "Hillfootfallow",
    "Hillfootgather",
    "Hillfootgrain",
    "Hillfootgarden",
    "Hillfootgrove",
    "Hillfootmeadow",
    "Hillfootrest",
    "Hillfootseed",
    "Hillfootpatch",
    "Hillfootsong",
    "Hillfootwalker",
    "Hillleaffoot",
    "Hillleafleaf",
    "Hillleafbottle",
    "Hillleafbrook",
    "Hillleafbarrel",
    "Hillleafbough",
    "Hillleafblossom",
    "Hillleafhopper",
    "Hillleaffeather",
    "Hillleaffallow",
    "Hillleafgather",
    "Hillleafgrain",
    "Hillleafgarden",
    "Hillleafgrove",
    "Hillleafmeadow",
    "Hillleafrest",
    "Hillleafseed",
    "Hillleafpatch",
    "Hillleafsong",
    "Hillleafwalker",
    "Hillbottlefoot",
    "Hillbottleleaf",
    "Hillbottlebottle",
    "Hillbottlebrook",
    "Hillbottlebarrel",
    "Hillbottlebough",
    "Hillbottleblossom",
    "Hillbottlehopper",
    "Hillbottlefeather",
    "Hillbottlefallow",
    "Hillbottlegather",
    "Hillbottlegrain",
    "Hillbottlegarden",
    "Hillbottlegrove",
    "Hillbottlemeadow",
    "Hillbottlerest",
    "Hillbottleseed",
    "Hillbottlepatch",
    "Hillbottlesong",
    "Hillbottlewalker",
    "Hillbrookfoot",
    "Hillbrookleaf",
    "Hillbrookbottle",
    "Hillbrookbrook",
    "Hillbrookbarrel",
    "Hillbrookbough",
    "Hillbrookblossom",
    "Hillbrookhopper",
    "Hillbrookfeather",
    "Hillbrookfallow",
    "Hillbrookgather",
    "Hillbrookgrain",
    "Hillbrookgarden",
    "Hillbrookgrove",
    "Hillbrookmeadow",
    "Hillbrookrest",
    "Hillbrookseed",
    "Hillbrookpatch",
    "Hillbrooksong",
    "Hillbrookwalker",
    "Hillbarrelfoot",
    "Hillbarrelleaf",
    "Hillbarrelbottle",
    "Hillbarrelbrook",
    "Hillbarrelbarrel",
    "Hillbarrelbough",
    "Hillbarrelblossom",
    "Hillbarrelhopper",
    "Hillbarrelfeather",
    "Hillbarrelfallow",
    "Hillbarrelgather",
    "Hillbarrelgrain",
    "Hillbarrelgarden",
    "Hillbarrelgrove",
    "Hillbarrelmeadow",
    "Hillbarrelrest",
    "Hillbarrelseed",
    "Hillbarrelpatch",
    "Hillbarrelsong",
    "Hillbarrelwalker",
    "Hillboughfoot",
    "Hillboughleaf",
    "Hillboughbottle",
    "Hillboughbrook",
    "Hillboughbarrel",
    "Hillboughbough",
    "Hillboughblossom",
    "Hillboughhopper",
    "Hillboughfeather",
    "Hillboughfallow",
    "Hillboughgather",
    "Hillboughgrain",
    "Hillboughgarden",
    "Hillboughgrove",
    "Hillboughmeadow",
    "Hillboughrest",
    "Hillboughseed",
    "Hillboughpatch",
    "Hillboughsong",
    "Hillboughwalker",
    "Hillblossomfoot",
    "Hillblossomleaf",
    "Hillblossombottle",
    "Hillblossombrook",
    "Hillblossombarrel",
    "Hillblossombough",
    "Hillblossomblossom",
    "Hillblossomhopper",
    "Hillblossomfeather",
    "Hillblossomfallow",
    "Hillblossomgather",
    "Hillblossomgrain",
    "Hillblossomgarden",
    "Hillblossomgrove",
    "Hillblossommeadow",
    "Hillblossomrest",
    "Hillblossomseed",
    "Hillblossompatch",
    "Hillblossomsong",
    "Hillblossomwalker",
    "Hillhopperfoot",
    "Hillhopperleaf",
    "Hillhopperbottle",
    "Hillhopperbrook",
    "Hillhopperbarrel",
    "Hillhopperbough",
    "Hillhopperblossom",
    "Hillhopperhopper",
    "Hillhopperfeather",
    "Hillhopperfallow",
    "Hillhoppergather",
    "Hillhoppergrain",
    "Hillhoppergarden",
    "Hillhoppergrove",
    "Hillhoppermeadow",
    "Hillhopperrest",
    "Hillhopperseed",
    "Hillhopperpatch",
    "Hillhoppersong",
    "Hillhopperwalker",
    "Hillfeatherfoot",
    "Hillfeatherleaf",
    "Hillfeatherbottle",
    "Hillfeatherbrook",
    "Hillfeatherbarrel",
    "Hillfeatherbough",
    "Hillfeatherblossom",
    "Hillfeatherhopper",
    "Hillfeatherfeather",
    "Hillfeatherfallow",
    "Hillfeathergather",
    "Hillfeathergrain",
    "Hillfeathergarden",
    "Hillfeathergrove",
    "Hillfeathermeadow",
    "Hillfeatherrest",
    "Hillfeatherseed",
    "Hillfeatherpatch",
    "Hillfeathersong",
    "Hillfeatherwalker",
    "Hillfallowfoot",
    "Hillfallowleaf",
    "Hillfallowbottle",
    "Hillfallowbrook",
    "Hillfallowbarrel",
    "Hillfallowbough",
    "Hillfallowblossom",
    "Hillfallowhopper",
    "Hillfallowfeather",
    "Hillfallowfallow",
    "Hillfallowgather",
    "Hillfallowgrain",
    "Hillfallowgarden",
    "Hillfallowgrove",
    "Hillfallowmeadow",
    "Hillfallowrest",
    "Hillfallowseed",
    "Hillfallowpatch",
    "Hillfallowsong",
    "Hillfallowwalker",
    "Hillgatherfoot",
    "Hillgatherleaf",
    "Hillgatherbottle",
    "Hillgatherbrook",
    "Hillgatherbarrel",
    "Hillgatherbough",
    "Hillgatherblossom",
    "Hillgatherhopper",
    "Hillgatherfeather",
    "Hillgatherfallow",
    "Hillgathergather",
    "Hillgathergrain",
    "Hillgathergarden",
    "Hillgathergrove",
    "Hillgathermeadow",
    "Hillgatherrest",
    "Hillgatherseed",
    "Hillgatherpatch",
    "Hillgathersong",
    "Hillgatherwalker"
  ]
}