{
  "authors": [
    {
      "name": "munichjake",
      "email": "munichjake@dnd-session.de",
      "url": "https://dnd-session.de",
      "github": "https://github.com/munichjake"
    }
  ],
  "description": "Deutsche weibliche Gnome-Vornamen",
  "version": "1.0.0",
  "names": [
    "Willawisa",
    "Minnagart",
    "Norheida",
    "Fredawita",
    "Klararun",
    "Fredagrit",
    "Dagitta",
    "Traugunde",
    "Yvaberta",
    "Ingagund",
    "Piaroda",
    "Ursahilde",
    "Rikeruna",
    "Helgamira",
    "Rikelind",
    "Gustatraut",
    "Hannihildo",
    "Adalind",
    "Clothild",
    "Bruntraut",
    "Willaroda",
    "Piara",
    "Norlinde",
    "Hanniheida",
    "Rikeroda",
    "Minnaitta",
    "Olgara",
    "Hildahild",
    "Jaralina",
    "Gerdaheda",
    "Willawalda",
    "Xendrun",
    "Yvamin",
    "Willaitta",
    "Jaraitta",
    "Utelinde",
    "Yvalina",
    "Klaratrud",
    "Bertamira",
    "Brunrike",
    "Xengund",
    "Hannigunda",
    "Gertitraut",
    "Zoragrit",
    "Piaheda",
    "Uteberta",
    "Traurun",
    "Dagdrun",
    "Gustamira",
    "Norra",
    "Fredagart",
    "Ursaburg",
    "Pialind",
    "Valadrun",
    "Valaheida",
    "Xengart",
    "Gerdalind",
    "Bertamin",
    "Erlagrit",
    "Willalind",
    "Rosawita",
    "Gerdawita",
    "Xenbertau",
    "Utewita",
    "Lieswita",
    "Erlalinde",
    "Jaramira",
    "Olgawina",
    "Gustahilde",
    "Clotwisa",
    "Quingart",
    "Erlalind",
    "Hannimin",
    "Xengrit",
    "Finagart",
    "Bertaburg",
    "Xenrun",
    "Rikeheda",
    "Jaraburg",
    "Clottrud",
    "Dagwita",
    "Quingurte",
    "Daglinau",
    "Rosamin",
    "Traugrit",
    "Rikewita",
    "Hildara",
    "Clotgund",
    "Utera",
    "Klarawita",
    "Finagurte",
    "Gertigrit",
    "Gustamin",
    "Quindrun",
    "Klaragunde",
    "Brunheda",
    "Helgafriede",
    "Bertaheda",
    "Yvahild",
    "Brungurte",
    "Valarun",
    "Ingahedau",
    "Adadrun",
    "Helgagunde",
    "Valaroda",
    "Trauberta",
    "Ursagunde",
    "Trauroda",
    "Liesfriede",
    "Ingagart",
    "Rosaheida",
    "Piawita",
    "Jarawita",
    "Dagburg",
    "Willaburg",
    "Zorawalda",
    "Zoratrud",
    "Finara",
    "Finatrud",
    "Hildaruna",
    "Liesgrit",
    "Minnaroda",
    "Gertidrun",
    "Olgawalda",
    "Klaragurte",
    "Quinwita",
    "Gustagart",
    "Traugurte",
    "Normira",
    "Liesitta",
    "Selmatrud",
    "Rosawalda",
    "Valatraut",
    "Hildagurte",
    "Ursatrud",
    "Gerdaberta",
    "Piatraut",
    "Finaroda",
    "Clotwita",
    "Rosaroda",
    "Rikegart",
    "Hildaheida",
    "Traugund",
    "Valamira",
    "Hannigund",
    "Rikehild",
    "Helgadrun",
    "Fredaheda",
    "Traurike",
    "Brunfriede",
    "Helgalina",
    "Adara",
    "Selmaberta",
    "Hildagundee",
    "Quinbertao",
    "Hildaroda",
    "Bertagrit",
    "Yvagriti",
    "Yvaburg",
    "Piaberta",
    "Rikewina",
    "Willatraut",
    "Ursaroda",
    "Adamin",
    "Bertara",
    "Hildagart",
    "Piawisa",
    "Erlawisa",
    "Willabertai",
    "Yvagrit",
    "Erlafriede",
    "Norberta",
    "Finahilde",
    "Valatrud",
    "Valaheda",
    "Rosaheda",
    "Ingatrud",
    "Jarafriede",
    "Helgaburg",
    "Selmarike",
    "Norfriede",
    "Valafriede",
    "Rikerun",
    "Rikemin",
    "Gertiheida",
    "Liesheda",
    "Liesgunde",
    "Brungunde",
    "Yvarun",
    "Minnawita",
    "Yvaroda",
    "Ursaheda",
    "Quinlinde",
    "Gustaheda",
    "Adagrit",
    "Xenwina",
    "Adaitta",
    "Adaroda",
    "Olgaheida",
    "Olgagunde",
    "Helgamin",
    "Brunlina",
    "Hannidrun",
    "Trauburg",
    "Dagrun",
    "Adalinde",
    "Selmagrit",
    "Helgara",
    "Jarahild",
    "Zorawita",
    "Yvawisa",
    "Hildawisaa",
    "Rikemira",
    "Trauwita",
    "Minnaheida",
    "Helgaheida",
    "Gustagurte",
    "Erlahild",
    "Hannirae",
    "Ingadrun",
    "Utegriti",
    "Willagart",
    "Selmagund",
    "Zoratraut",
    "Gustagunde",
    "Rosaitta",
    "Piafriedei",
    "Gustaburg",
    "Klaralina",
    "Fredawalda",
    "Hannirike",
    "Selmaruna",
    "Utegartu",
    "Selmawalda",
    "Fredawina",
    "Xentrud",
    "Rosamira",
    "Erlamira",
    "Liesrun",
    "Quintraut",
    "Hannigurte",
    "Helgawina",
    "Rosawisa",
    "Gustafriede",
    "Fredagurte",
    "Finaheda",
    "Jaragart",
    "Gustawisa",
    "Minnamira",
    "Hanniheda",
    "Minnatraut",
    "Zorafriede",
    "Rikegund",
    "Xenmira",
    "Finalina",
    "Ursara",
    "Ingahild",
    "Rikegunde",
    "Gerdaheida",
    "Valagurte",
    "Valahild",
    "Klarahild",
    "Bertadrun",
    "Olgaruna",
    "Gerdagurte",
    "Bertawita",
    "Bertarun",
    "Adarikea",
    "Noritta",
    "Ingawisa",
    "Klaragund",
    "Adawita",
    "Traudrun",
    "Lieshild",
    "Norwita",
    "Olgalind",
    "Zoraitta",
    "Rikelinde",
    "Finaheida",
    "Utedrun",
    "Gerdagart",
    "Selmaitta",
    "Bertaroda",
    "Bertatraut",
    "Dagruna",
    "Zoramira",
    "Hildamin",
    "Liestrud",
    "Hanniwita",
    "Trauhilde",
    "Zoraroda",
    "Gerdamira",
    "Trauwalda",
    "Gerdagund",
    "Selmahild",
    "Bertahilde",
    "Quinra",
    "Quinrun",
    "Valarunau",
    "Piaitta",
    "Ingaberta",
    "Adawalda",
    "Norwina",
    "Helgagund",
    "Willafriede",
    "Brunwalda",
    "Brunheida",
    "Erlagart",
    "Yvarodaa",
    "Hildatrud",
    "Hildafriede",
    "Jaramin",
    "Bertarike",
    "Helgawita",
    "Clotdrun",
    "Xenheida",
    "Erlaitta",
    "Rosarun",
    "Ursaberta",
    "Liesberta",
    "Daghilde",
    "Erlarun",
    "Liesgund",
    "Bertaheida",
    "Jaragurte",
    "Klarawina",
    "Fredahildea",
    "Trauwina",
    "Willawita",
    "Valawina",
    "Dagmin",
    "Gustawina",
    "Ingafriede",
    "Ursarun",
    "Adagurte",
    "Gertilinde",
    "Quinwalda",
    "Gertiruna",
    "Piaruna",
    "Utegart",
    "Uterike",
    "Norwalda",
    "Quinfriede",
    "Yvaruna",
    "Klarara",
    "Pialinde",
    "Jaragrit",
    "Selmarun",
    "Rikehilde",
    "Erlawina",
    "Bertaitta",
    "Clotheida",
    "Quingunde",
    "Rosatrud",
    "Gerdagrit",
    "Fredadrun",
    "Yvawalda",
    "Brunwita",
    "Daggunde",
    "Ursarike",
    "Rosarike",
    "Bertawisa",
    "Finafriede",
    "Zoramin",
    "Bruntrud",
    "Ursawina",
    "Hildahilde",
    "Zoragart",
    "Adagund",
    "Rikewalda",
    "Bertaruna",
    "Hildagunde",
    "Gertiheda",
    "Gustara",
    "Rosahild",
    "Xenwisa",
    "Olgafriedei",
    "Erlaheida",
    "Jaragunde",
    "Bertagunde",
    "Gertitrud",
    "Utetraut",
    "Olgarun",
    "Traulind",
    "Piawalda",
    "Daggund",
    "Rosalinde",
    "Helgagrit",
    "Rosatraut",
    "Ingawina",
    "Olgagund",
    "Olgalinde",
    "Gerdahild",
    "Gustatrud",
    "Ursahild",
    "Traulina",
    "Klarafriede",
    "Brunwina",
    "Helgagart",
    "Jaragund",
    "Zoraheda",
    "Ingamin",
    "Yvagurte",
    "Yvagunde",
    "Yvagund",
    "Valaitta",
    "Quinheda",
    "Traufriede",
    "Klaraburg",
    "Rosaberta",
    "Lieslind",
    "Valawalda",
    "Gertihild",
    "Helgawisa",
    "Ingalinde",
    "Gertilina",
    "Quingund",
    "Ursaheida",
    "Dagheida",
    "Zorarike",
    "Trauheda",
    "Hannira",
    "Willaberta",
    "Olgahilde",
    "Minnagrit",
    "Erlarike",
    "Fredagund",
    "Ursarunao",
    "Utewalda",
    "Quinruna",
    "Valaberta",
    "Norburg",
    "Xenheidai",
    "Bertahild",
    "Trautraut",
    "Selmawina",
    "Fredatraut",
    "Brunra",
    "Xenrike",
    "Helgaruna",
    "Ursalina",
    "Minnahilde",
    "Klaraheda",
    "Clottraut",
    "Brunruna",
    "Quinmin",
    "Valawaldae",
    "Rikegrit",
    "Olgatrud",
    "Selmawisa",
    "Ursaburga",
    "Gertirike",
    "Piadrun",
    "Clotgurte",
    "Hildarun",
    "Fredaitta",
    "Liestraut",
    "Clotheda",
    "Liesburg",
    "Jarawina",
    "Finarike",
    "Selmagurte",
    "Yvawita",
    "Erlawalda",
    "Piamira",
    "Uteruna",
    "Minnaburg",
    "Adamina",
    "Brungrit",
    "Yvahilde",
    "Fredatrud",
    "Yvatraut",
    "Gustagrit",
    "Trauhild",
    "Ingagurte",
    "Helgalind",
    "Gerdaittau",
    "Uterun",
    "Daggarte",
    "Bertawina",
    "Gertimin",
    "Erlagunde",
    "Yvamira",
    "Finamira",
    "Brunlind",
    "Gerdalinde",
    "Yvalinde",
    "Hannifriede",
    "Finadrun",
    "Adahilde",
    "Hildadrun",
    "Brunwisa",
    "Rosalina",
    "Traumira",
    "Jarara",
    "Xenwita",
    "Klarawalda",
    "Bertafriede",
    "Adalina",
    "Zoralinde",
    "Piaburg",
    "Valarike",
    "Piatrud",
    "Finaberta",
    "Ursalind",
    "Adarike",
    "Gustahildei",
    "Valaruna",
    "Ursawalda",
    "Brunrun",
    "Rosawina",
    "Piamin",
    "Clotmin",
    "Rosadrun",
    "Lieswina",
    "Xengurte",
    "Finahild",
    "Hildalinde",
    "Olgatraut",
    "Finaruna",
    "Norrike",
    "Ursadrun",
    "Finawina",
    "Adatraut",
    "Selmaroda",
    "Jararike",
    "Gustaroda",
    "Ingalind",
    "Quinhild",
    "Uteroda",
    "Olgahild",
    "Liesrike",
    "Olgaheda",
    "Clotwina",
    "Fredamin",
    "Yvalind",
    "Valagunde",
    "Dagwisa",
    "Willadrun",
    "Gertiberta",
    "Norgurte",
    "Klaralinde",
    "Xenlind",
    "Bertalind",
    "Hannigunde",
    "Adagart",
    "Olgaroda",
    "Selmalinde",
    "Clotra",
    "Riketrud",
    "Adawisa",
    "Quinroda",
    "Rikelina",
    "Clotrun",
    "Gertiwina",
    "Gerdamin",
    "Fredaburg",
    "Olgaburg",
    "Daglind",
    "Fredamira",
    "Clotfriede",
    "Selmafriede",
    "Liesruna",
    "Gertilind",
    "Rikeheida",
    "Minnagurte",
    "Hildaheda",
    "Piarike",
    "Willarunau",
    "Gertihilde",
    "Traura",
    "Ursabertau",
    "Minnawisa",
    "Jarahilde",
    "Helgarun",
    "Xenlina",
    "Helgaberta",
    "Ursaitta",
    "Norlind",
    "Xenra",
    "Utegunde",
    "Dagwitae",
    "Jarawisa",
    "Adahild",
    "Clotgunde",
    "Selmalind",
    "Ursagurte",
    "Utegurte",
    "Quinberta",
    "Xenberta",
    "Utemin",
    "Erlalina",
    "Hildawina",
    "Norgund",
    "Minnalinde",
    "Utehilde",
    "Hildagund",
    "Finaitta",
    "Klaradrun",
    "Clotgart",
    "Olgafriede",
    "Finarun",
    "Willawina",
    "Utegund",
    "Xenfriede",
    "Gerdagurteu",
    "Piagund",
    "Rosagart",
    "Hanniwisa",
    "Gerdaitta",
    "Helgatrudu",
    "Piagrit",
    "Bertagart",
    "Rosaruna",
    "Minnaheda",
    "Trauwisa",
    "Valahilde",
    "Willaheida",
    "Xenheda",
    "Selmara",
    "Adaburg",
    "Yvaitta",
    "Valalinde",
    "Jaralind",
    "Daggart",
    "Utegrit",
    "Liesdrun",
    "Daghild",
    "Klaratraut",
    "Adamira",
    "Yvara",
    "Clotwalda",
    "Valagund",
    "Xenburg",
    "Rosara",
    "Olgagart",
    "Fredafriede",
    "Hildaitta",
    "Adaberta",
    "Finaburg",
    "Ursawita",
    "Traumin",
    "Fredawisa",
    "Norwisa",
    "Xenruna",
    "Ingaruna",
    "Hannigart",
    "Erlamin",
    "Valawita",
    "Piagurte",
    "Zoralina",
    "Rikerike",
    "Hanniitta",
    "Utewisa",
    "Adaruna",
    "Ingaburg",
    "Jaraheida",
    "Clotitta",
    "Willamirai",
    "Klaramira",
    "Piaheida",
    "Uteheida",
    "Fredaheida",
    "Olgaitta",
    "Erlagund",
    "Lieshilde",
    "Minnagund",
    "Finagunde",
    "Finatraut",
    "Willaittae",
    "Erladrun",
    "Rikeburg",
    "Helgaitta",
    "Bertawitao",
    "Ursamin",
    "Hildamira",
    "Utelind",
    "Quinitta",
    "Gerdarun",
    "Gerdarike",
    "Gerdawina",
    "Willalinde",
    "Yvatrud",
    "Clothilde",
    "Willalina",
    "Brunroda",
    "Rikeberta",
    "Gustaruna",
    "Jarawalda",
    "Gerdaruna",
    "Ursaruna",
    "Gustarun",
    "Rosafriede",
    "Willatrud",
    "Zoraburg",
    "Ingaitta",
    "Hanniburg",
    "Quinwisa",
    "Liesmin",
    "Zoraheida",
    "Ingawalda",
    "Daggurte",
    "Fredalina",
    "Adaheida",
    "Trauitta",
    "Willamin",
    "Hildagrit",
    "Helgatrud",
    "Piagunde",
    "Xenwalda",
    "Zoragurte",
    "Selmamira",
    "Rosagund",
    "Liesgurtea",
    "Dagfriede",
    "Piafriede",
    "Erlatraut",
    "Hannihilde",
    "Klaraberta",
    "Gertiitta",
    "Lieslina",
    "Gertiroda",
    "Yvarike",
    "Valalina",
    "Helgagurte",
    "Klararuna",
    "Ingara",
    "Hannigrit",
    "Utelina",
    "Ingaroda",
    "Clotrike",
    "Hanniberta",
    "Hildatraut",
    "Hannihild",
    "Fredahilde",
    "Jararun",
    "Jaratrud",
    "Erlagurte",
    "Valaburg",
    "Adagunde",
    "Quinlind",
    "Lieswisa",
    "Bertaberta",
    "Ursamira",
    "Brunlinde",
    "Selmalina",
    "Brunitta",
    "Norroda",
    "Klaraheida",
    "Trautrud",
    "Willarike",
    "Ingagunde",
    "Quinlina",
    "Erlaberta",
    "Ursagrit",
    "Ursarunae",
    "Willagrit",
    "Hannilind",
    "Gustaberta",
    "Gerdadrun",
    "Liesgarte",
    "Rikeitta",
    "Rosagrit",
    "Selmamin",
    "Dagrike",
    "Olgarike",
    "Gerdafriede",
    "Quingrit",
    "Helgawalda",
    "Brunberta",
    "Fredaroda",
    "Bertalinde",
    "Fredaberta",
    "Ingaheda",
    "Norrun",
    "Minnamin",
    "Adawina",
    "Olgawita",
    "Dagtrud",
    "Norgrit",
    "Finalinde",
    "Bertagurte",
    "Nortraut",
    "Xenmin",
    "Gertiwalda",
    "Zorawina",
    "Clotmira",
    "Bruntrauti",
    "Minnalina",
    "Minnawina",
    "Fredarun",
    "Rikefriede",
    "Valawisa",
    "Hannirun",
    "Ingalina",
    "Rikera",
    "Rosahilde",
    "Gertira",
    "Quinburg",
    "Fredalinde",
    "Ingahilde",
    "Norhild",
    "Helgaheda",
    "Gerdatrud",
    "Helgatraut",
    "Riketraut",
    "Selmaburg",
    "Brunrae",
    "Minnawalda",
    "Brunburg",
    "Gerdatraut",
    "Selmaheida",
    "Fredara",
    "Liesgart",
    "Gerdara",
    "Utehild",
    "Klaragart",
    "Xengunde",
    "Fredaruna",
    "Quinrike",
    "Xenhilde",
    "Ingagrit",
    "Gerdawisa",
    "Gertirun",
    "Finagrit",
    "Ingarun",
    "Rosaburg",
    "Zorahilde",
    "Dagwina",
    "Adafriede",
    "Selmawita",
    "Brunhild",
    "Bertawalda",
    "Hannilindea",
    "Quintrud",
    "Klarawisa",
    "Willara",
    "Minnara",
    "Nordrun",
    "Gerdagunde",
    "Erlawita",
    "Gertiittai",
    "Clotburg",
    "Dagberta",
    "Minnatrud",
    "Utemira",
    "Erlatrud",
    "Brungund",
    "Lieswalda",
    "Jaraheda",
    "Liesra",
    "Gustadrun",
    "Selmadrun",
    "Gertigund",
    "Ingatraut",
    "Minnaruna",
    "Helgaroda",
    "Willalindee",
    "Yvaheida",
    "Rosalind",
    "Norheda",
    "Gertiittao",
    "Normin",
    "Valagrit",
    "Jaraberta",
    "Hanniruna",
    "Dagroda",
    "Norlina",
    "Jaralinde",
    "Xenhild",
    "Clotberta",
    "Ursagart",
    "Finawita",
    "Klaraitta",
    "Olgalina",
    "Uteitta",
    "Jaradrun",
    "Olgaberta",
    "Fredahild",
    "Liesroda",
    "Hannilinde",
    "Ursafriede",
    "Selmagunde",
    "Piawina",
    "Zoraruna",
    "Hanniwina",
    "Ingarike",
    "Minnafriede",
    "Xenitta",
    "Zorara",
    "Bertatrud",
    "Hildarike",
    "Fredarike",
    "Hildaburg",
    "Gertiburg",
    "Quinheida",
    "Gerdalina",
    "Erlara",
    "Ursawisa",
    "Dagwalda",
    "Norgunde",
    "Norruna",
    "Finagund",
    "Daglina",
    "Gerdaburg",
    "Adaheda",
    "Dagmira",
    "Jaratraut",
    "Minnadrun",
    "Quinhilde",
    "Ingawita",
    "Olgawisa",
    "Rosagunde",
    "Klarahilde",
    "Willagund",
    "Hanniroda",
    "Rikewisa",
    "Utewina",
    "Piagart",
    "Ursagund",
    "Jararoda",
    "Hildalind",
    "Hildalina",
    "Erlaroda",
    "Gustawalda",
    "Ursatraut",
    "Liesheida",
    "Yvagart",
    "Zorarun",
    "Klararoda",
    "Uteheda",
    "Bertagund",
    "Minnarunau",
    "Zoraberta",
    "Olgamira",
    "Clotlind",
    "Brungart",
    "Zorahild",
    "Willaheda",
    "Zoragunde",
    "Gustawita",
    "Valalind",
    "Willarun",
    "Minnahild",
    "Piahild",
    "Trauheida",
    "Hannitrud",
    "Piahilde",
    "Selmahilde",
    "Utetrud",
    "Rikegurte",
    "Quinwina",
    "Gustalinde",
    "Brunmira",
    "Gertiwita",
    "Minnarun",
    "Norgart",
    "Zoragund",
    "Finadrune",
    "Gustalina",
    "Rosarunau",
    "Clotroda",
    "Willagunde",
    "Gertigart",
    "Selmarunu",
    "Gertimira",
    "Xentraut",
    "Nortrud",
    "Xenroda",
    "Adatrud",
    "Hildaberta",
    "Bertalina",
    "Ursalinde",
    "Helgahild",
    "Klaralind",
    "Selmaheda",
    "Utefriede",
    "Finawisa",
    "Jararuna",
    "Clotgrit",
    "Willahild",
    "Hildawisa",
    "Daggrit",
    "Hannimira",
    "Erlaburg",
    "Klaragrit",
    "Uteburg",
    "Gertiwisa",
    "Gerdahilde",
    "Liesgurte",
    "Lieslinde",
    "Dagra",
    "Gustahild",
    "Gustaitta",
    "Gerdawalda",
    "Valara",
    "Gertifriede",
    "Hanniwalda",
    "Klararike",
    "Yvaheda",
    "Yvafriede",
    "Yvawina",
    "Gertitrudi",
    "Clotruna",
    "Finamin",
    "Utewinae",
    "Minnagunde",
    "Hildawita",
    "Xenlinde",
    "Selmatraut",
    "Fredagunde",
    "Quinmira",
    "Rosagurte",
    "Erlaheda",
    "Dagtraut",
    "Finalind",
    "Gustarike",
    "Fredalind",
    "Clotlinde",
    "Clotlina",
    "Minnaberta",
    "Piarun",
    "Ingaheida",
    "Olgagurte",
    "Helgahilde",
    "Norhilde",
    "Ingamira",
    "Klaramin",
    "Minnalind",
    "Gustalind",
    "Gertigurte",
    "Bruntrudi",
    "Brunmin",
    "Olgadrun",
    "Erlaruna",
    "Valagart",
    "Hannilina",
    "Gertigunde",
    "Brunhilde",
    "Clotrunau",
    "Piawinaa",
    "Traugart",
    "Zorawisa",
    "Brundrun",
    "Clotgartu",
    "Willahilde",
    "Willagurte",
    "Gustaheida",
    "Helgalinde",
    "Finawalda",
    "Daglinde",
    "Dagheda",
    "Erlahilde",
    "Selmagart",
    "Willamira",
    "Gerdaroda",
    "Yvadrun",
    "Rikedrun",
    "Pialina",
    "Willaruna",
    "Adarun",
    "Zoradrun",
    "Zoralind",
    "Gustagund",
    "Olgamin",
    "Olgagrit",
    "Valalinae",
    "Liesmira",
    "Trauruna",
    "Helgarike",
    "Valamin",
    "Hannitraut",
    "Hildawalda",
    "Traulinde",
    "Minnarike"
  ]
}