{
  "authors": [
    {
      "name": "munichjake",
      "email": "munichjake@dnd-session.de",
      "url": "https://dnd-session.de",
      "github": "https://github.com/munichjake"
    }
  ],
  "description": "Deutsche Elfen-Siedlungsnamen mit grammatischem Geschlecht",
  "version": "1.0.0",
  "settlements": [
    {
      "name": "Seelenhorst",
      "gender": "n"
    },
    {
      "name": "Kristallfeld",
      "gender": "n"
    },
    {
      "name": "Wasserbrück",
      "gender": "n"
    },
    {
      "name": "Morgenspitz",
      "gender": "n"
    },
    {
      "name": "Mondtrutz",
      "gender": "n"
    },
    {
      "name": "Frostgrat",
      "gender": "m"
    },
    {
      "name": "Sternbrücke",
      "gender": "n"
    },
    {
      "name": "Windtrutz",
      "gender": "n"
    },
    {
      "name": "Tauhügel",
      "gender": "m"
    },
    {
      "name": "Windsee",
      "gender": "n"
    },
    {
      "name": "Wasserhügel",
      "gender": "m"
    },
    {
      "name": "Wasserhöh",
      "gender": "n"
    },
    {
      "name": "Laubfeste",
      "gender": "n"
    },
    {
      "name": "Traumgrat",
      "gender": "m"
    },
    {
      "name": "Tauruh",
      "gender": "n"
    },
    {
      "name": "Sommerau",
      "gender": "f"
    },
    {
      "name": "Frostfurt",
      "gender": "n"
    },
    {
      "name": "Bergmark",
      "gender": "n"
    },
    {
      "name": "Laubspitz",
      "gender": "n"
    },
    {
      "name": "Sternwald",
      "gender": "n"
    },
    {
      "name": "Silbersee",
      "gender": "n"
    },
    {
      "name": "Herbstwald",
      "gender": "n"
    },
    {
      "name": "Schattenhain",
      "gender": "m"
    },
    {
      "name": "Elfentrutz",
      "gender": "n"
    },
    {
      "name": "Zauberweide",
      "gender": "n"
    },
    {
      "name": "Winterkamp",
      "gender": "n"
    },
    {
      "name": "Schneeufer",
      "gender": "n"
    },
    {
      "name": "Blattkamp",
      "gender": "n"
    },
    {
      "name": "Sternfeste",
      "gender": "n"
    },
    {
      "name": "Tauland",
      "gender": "n"
    },
    {
      "name": "Traumbrücke",
      "gender": "n"
    },
    {
      "name": "Seelenkliff",
      "gender": "n"
    },
    {
      "name": "Lichtklamm",
      "gender": "n"
    },
    {
      "name": "Sommerhöh",
      "gender": "n"
    },
    {
      "name": "Rehfurt",
      "gender": "n"
    },
    {
      "name": "Nebelhain",
      "gender": "m"
    },
    {
      "name": "Morgenruh",
      "gender": "n"
    },
    {
      "name": "Abendklamm",
      "gender": "n"
    },
    {
      "name": "Glanzgrund",
      "gender": "n"
    },
    {
      "name": "Sonnental",
      "gender": "n"
    },
    {
      "name": "Weidensteg",
      "gender": "n"
    },
    {
      "name": "Hainburg",
      "gender": "f"
    },
    {
      "name": "Tannruh",
      "gender": "n"
    },
    {
      "name": "Wolkenkliff",
      "gender": "n"
    },
    {
      "name": "Hirschgrat",
      "gender": "m"
    },
    {
      "name": "Schneemark",
      "gender": "n"
    },
    {
      "name": "Seidenklamm",
      "gender": "n"
    },
    {
      "name": "Kleedorf",
      "gender": "n"
    },
    {
      "name": "Elfengrund",
      "gender": "n"
    },
    {
      "name": "Kleehöh",
      "gender": "n"
    },
    {
      "name": "Zwielichthöh",
      "gender": "n"
    },
    {
      "name": "Bergspitz",
      "gender": "n"
    },
    {
      "name": "Rehsee",
      "gender": "n"
    },
    {
      "name": "Klanggrat",
      "gender": "m"
    },
    {
      "name": "Kristallgrund",
      "gender": "n"
    },
    {
      "name": "Flussklamm",
      "gender": "n"
    },
    {
      "name": "Kleewiese",
      "gender": "n"
    },
    {
      "name": "Winterhöh",
      "gender": "n"
    },
    {
      "name": "Morgenhorst",
      "gender": "n"
    },
    {
      "name": "Schattengrund",
      "gender": "n"
    },
    {
      "name": "Astruh",
      "gender": "n"
    },
    {
      "name": "Wasserhain",
      "gender": "m"
    },
    {
      "name": "Wintermark",
      "gender": "n"
    },
    {
      "name": "Haindorf",
      "gender": "n"
    },
    {
      "name": "Glanzheim",
      "gender": "n"
    },
    {
      "name": "Rosengrund",
      "gender": "n"
    },
    {
      "name": "Goldfeld",
      "gender": "n"
    },
    {
      "name": "Schattenruh",
      "gender": "n"
    },
    {
      "name": "Rosenfeld",
      "gender": "n"
    },
    {
      "name": "Sonnenheim",
      "gender": "n"
    },
    {
      "name": "Windau",
      "gender": "f"
    },
    {
      "name": "Lindtal",
      "gender": "n"
    },
    {
      "name": "Morgentrutz",
      "gender": "n"
    },
    {
      "name": "Farnspitz",
      "gender": "n"
    },
    {
      "name": "Blütenhöh",
      "gender": "n"
    },
    {
      "name": "Flusshügel",
      "gender": "m"
    },
    {
      "name": "Kristallruh",
      "gender": "n"
    },
    {
      "name": "Sommerufer",
      "gender": "n"
    },
    {
      "name": "Zauberland",
      "gender": "n"
    },
    {
      "name": "Seelenau",
      "gender": "f"
    },
    {
      "name": "Mondspitz",
      "gender": "n"
    },
    {
      "name": "Laubsteg",
      "gender": "n"
    },
    {
      "name": "Regenhöh",
      "gender": "n"
    },
    {
      "name": "Eichstedt",
      "gender": "n"
    },
    {
      "name": "Blattau",
      "gender": "f"
    },
    {
      "name": "Kleestedt",
      "gender": "n"
    },
    {
      "name": "Mondrast",
      "gender": "n"
    },
    {
      "name": "Traumfeld",
      "gender": "n"
    },
    {
      "name": "Frostweide",
      "gender": "n"
    },
    {
      "name": "Silberspitz",
      "gender": "n"
    },
    {
      "name": "Schattenweide",
      "gender": "n"
    },
    {
      "name": "Hirschheim",
      "gender": "n"
    },
    {
      "name": "Elfenruh",
      "gender": "n"
    },
    {
      "name": "Nebelstedt",
      "gender": "n"
    },
    {
      "name": "Waldfels",
      "gender": "n"
    },
    {
      "name": "Talstedt",
      "gender": "n"
    },
    {
      "name": "Elfenberg",
      "gender": "m"
    },
    {
      "name": "Blattklamm",
      "gender": "n"
    },
    {
      "name": "Frostland",
      "gender": "n"
    },
    {
      "name": "Schattenklamm",
      "gender": "n"
    },
    {
      "name": "Klanghain",
      "gender": "m"
    },
    {
      "name": "Sommersee",
      "gender": "n"
    },
    {
      "name": "Blütenweide",
      "gender": "n"
    },
    {
      "name": "Tannspitz",
      "gender": "n"
    },
    {
      "name": "Farnfurt",
      "gender": "n"
    },
    {
      "name": "Rehhorst",
      "gender": "n"
    },
    {
      "name": "Lichtfurt",
      "gender": "n"
    },
    {
      "name": "Herbstau",
      "gender": "f"
    },
    {
      "name": "Zauberufer",
      "gender": "n"
    },
    {
      "name": "Waldkliff",
      "gender": "n"
    },
    {
      "name": "Mondhorst",
      "gender": "n"
    },
    {
      "name": "Sonnenrast",
      "gender": "n"
    },
    {
      "name": "Elfenland",
      "gender": "n"
    },
    {
      "name": "Regenfeste",
      "gender": "n"
    },
    {
      "name": "Mondweide",
      "gender": "n"
    },
    {
      "name": "Wolkenufer",
      "gender": "n"
    },
    {
      "name": "Sommergrund",
      "gender": "n"
    },
    {
      "name": "Morgenfeld",
      "gender": "n"
    },
    {
      "name": "Seelenklamm",
      "gender": "n"
    },
    {
      "name": "Zauberruh",
      "gender": "n"
    },
    {
      "name": "Eichbrücke",
      "gender": "n"
    },
    {
      "name": "Feuergrat",
      "gender": "m"
    },
    {
      "name": "Farnheim",
      "gender": "n"
    },
    {
      "name": "Rehheim",
      "gender": "n"
    },
    {
      "name": "Taltrutz",
      "gender": "n"
    },
    {
      "name": "Windwiese",
      "gender": "n"
    },
    {
      "name": "Schneeweide",
      "gender": "n"
    },
    {
      "name": "Weidenheim",
      "gender": "n"
    },
    {
      "name": "Talau",
      "gender": "f"
    },
    {
      "name": "Blattfurt",
      "gender": "n"
    },
    {
      "name": "Silberau",
      "gender": "f"
    },
    {
      "name": "Regenhain",
      "gender": "m"
    },
    {
      "name": "Glanzweide",
      "gender": "n"
    },
    {
      "name": "Lindtor",
      "gender": "n"
    },
    {
      "name": "Abendhain",
      "gender": "m"
    },
    {
      "name": "Bergtal",
      "gender": "n"
    },
    {
      "name": "Zwielichttrutz",
      "gender": "n"
    },
    {
      "name": "Traumdorf",
      "gender": "n"
    },
    {
      "name": "Elfenkamp",
      "gender": "n"
    },
    {
      "name": "Lindheim",
      "gender": "n"
    },
    {
      "name": "Efeugrund",
      "gender": "n"
    },
    {
      "name": "Farnwald",
      "gender": "n"
    },
    {
      "name": "Abendweide",
      "gender": "n"
    },
    {
      "name": "Astwald",
      "gender": "n"
    },
    {
      "name": "Lindberg",
      "gender": "m"
    },
    {
      "name": "Elfentor",
      "gender": "n"
    },
    {
      "name": "Bergwald",
      "gender": "n"
    },
    {
      "name": "Sonnenwiese",
      "gender": "n"
    },
    {
      "name": "Talgrat",
      "gender": "m"
    },
    {
      "name": "Weidenweide",
      "gender": "n"
    },
    {
      "name": "Lindsee",
      "gender": "n"
    },
    {
      "name": "Haintal",
      "gender": "n"
    },
    {
      "name": "Lichtrast",
      "gender": "n"
    },
    {
      "name": "Taubrücke",
      "gender": "n"
    },
    {
      "name": "Himmelsdorf",
      "gender": "n"
    },
    {
      "name": "Goldfeste",
      "gender": "n"
    },
    {
      "name": "Himmelshügel",
      "gender": "m"
    },
    {
      "name": "Eichfurt",
      "gender": "n"
    },
    {
      "name": "Seelensteg",
      "gender": "n"
    },
    {
      "name": "Blütenburg",
      "gender": "f"
    },
    {
      "name": "Laubkamp",
      "gender": "n"
    },
    {
      "name": "Windgrund",
      "gender": "n"
    },
    {
      "name": "Flussruh",
      "gender": "n"
    },
    {
      "name": "Zaubergrat",
      "gender": "m"
    },
    {
      "name": "Klangtal",
      "gender": "n"
    },
    {
      "name": "Frühlingsbrück",
      "gender": "n"
    },
    {
      "name": "Taufeld",
      "gender": "n"
    },
    {
      "name": "Sonnenkamp",
      "gender": "n"
    },
    {
      "name": "Nebelufer",
      "gender": "n"
    },
    {
      "name": "Elfenwiese",
      "gender": "n"
    },
    {
      "name": "Tanntal",
      "gender": "n"
    },
    {
      "name": "Asttor",
      "gender": "n"
    },
    {
      "name": "Hirschstedt",
      "gender": "n"
    },
    {
      "name": "Bergwiese",
      "gender": "n"
    },
    {
      "name": "Windweide",
      "gender": "n"
    },
    {
      "name": "Eichtrutz",
      "gender": "n"
    },
    {
      "name": "Zauberfeld",
      "gender": "n"
    },
    {
      "name": "Lichtheim",
      "gender": "n"
    },
    {
      "name": "Goldfels",
      "gender": "n"
    },
    {
      "name": "Silberklamm",
      "gender": "n"
    },
    {
      "name": "Lindbrück",
      "gender": "n"
    },
    {
      "name": "Seidental",
      "gender": "n"
    },
    {
      "name": "Winterhügel",
      "gender": "m"
    },
    {
      "name": "Blattland",
      "gender": "n"
    },
    {
      "name": "Lindwiese",
      "gender": "n"
    },
    {
      "name": "Himmelshöh",
      "gender": "n"
    },
    {
      "name": "Frosthain",
      "gender": "m"
    },
    {
      "name": "Wolkenburg",
      "gender": "f"
    },
    {
      "name": "Schattenberg",
      "gender": "m"
    },
    {
      "name": "Himmelstal",
      "gender": "n"
    },
    {
      "name": "Tannufer",
      "gender": "n"
    },
    {
      "name": "Regenwald",
      "gender": "n"
    },
    {
      "name": "Sonnenmark",
      "gender": "n"
    },
    {
      "name": "Golddorf",
      "gender": "n"
    },
    {
      "name": "Feuerburg",
      "gender": "f"
    },
    {
      "name": "Seelentor",
      "gender": "n"
    },
    {
      "name": "Hirschrast",
      "gender": "n"
    },
    {
      "name": "Himmelswald",
      "gender": "n"
    },
    {
      "name": "Glanzstedt",
      "gender": "n"
    },
    {
      "name": "Sonnensteg",
      "gender": "n"
    },
    {
      "name": "Farnsteg",
      "gender": "n"
    },
    {
      "name": "Mondsee",
      "gender": "n"
    },
    {
      "name": "Herbstbrück",
      "gender": "n"
    },
    {
      "name": "Frühlingsspitz",
      "gender": "n"
    },
    {
      "name": "Wassermark",
      "gender": "n"
    },
    {
      "name": "Himmelskliff",
      "gender": "n"
    },
    {
      "name": "Taltal",
      "gender": "n"
    },
    {
      "name": "Lichthügel",
      "gender": "m"
    },
    {
      "name": "Weidenhügel",
      "gender": "m"
    },
    {
      "name": "Kristallgrat",
      "gender": "m"
    },
    {
      "name": "Morgentor",
      "gender": "n"
    },
    {
      "name": "Schneegrund",
      "gender": "n"
    },
    {
      "name": "Farnstedt",
      "gender": "n"
    },
    {
      "name": "Bergfeld",
      "gender": "n"
    },
    {
      "name": "Blütenbrücke",
      "gender": "n"
    },
    {
      "name": "Lichtberg",
      "gender": "m"
    },
    {
      "name": "Seelenruh",
      "gender": "n"
    },
    {
      "name": "Taustedt",
      "gender": "n"
    },
    {
      "name": "Wasserfeld",
      "gender": "n"
    },
    {
      "name": "Goldstedt",
      "gender": "n"
    },
    {
      "name": "Rehau",
      "gender": "f"
    },
    {
      "name": "Silberhöh",
      "gender": "n"
    },
    {
      "name": "Efeubrücke",
      "gender": "n"
    },
    {
      "name": "Rosenspitz",
      "gender": "n"
    },
    {
      "name": "Sonnensee",
      "gender": "n"
    },
    {
      "name": "Blattkliff",
      "gender": "n"
    },
    {
      "name": "Herbstfeste",
      "gender": "n"
    },
    {
      "name": "Sternburg",
      "gender": "f"
    },
    {
      "name": "Taugrat",
      "gender": "m"
    },
    {
      "name": "Nebelbrück",
      "gender": "n"
    },
    {
      "name": "Hirschfeld",
      "gender": "n"
    },
    {
      "name": "Wasserwald",
      "gender": "n"
    },
    {
      "name": "Morgenbrück",
      "gender": "n"
    },
    {
      "name": "Kristallburg",
      "gender": "f"
    },
    {
      "name": "Laubufer",
      "gender": "n"
    },
    {
      "name": "Traumberg",
      "gender": "m"
    },
    {
      "name": "Efeuufer",
      "gender": "n"
    },
    {
      "name": "Weidenburg",
      "gender": "f"
    },
    {
      "name": "Eichhorst",
      "gender": "n"
    },
    {
      "name": "Seidenkliff",
      "gender": "n"
    },
    {
      "name": "Waldfurt",
      "gender": "n"
    },
    {
      "name": "Weidenkliff",
      "gender": "n"
    },
    {
      "name": "Sommerbrücke",
      "gender": "n"
    },
    {
      "name": "Laubsee",
      "gender": "n"
    },
    {
      "name": "Sternfeld",
      "gender": "n"
    },
    {
      "name": "Lindfels",
      "gender": "n"
    },
    {
      "name": "Regenufer",
      "gender": "n"
    },
    {
      "name": "Weidenfels",
      "gender": "n"
    },
    {
      "name": "Sterntor",
      "gender": "n"
    },
    {
      "name": "Bergtrutz",
      "gender": "n"
    },
    {
      "name": "Flusswald",
      "gender": "n"
    },
    {
      "name": "Zauberfurt",
      "gender": "n"
    },
    {
      "name": "Zaubergrund",
      "gender": "n"
    },
    {
      "name": "Frühlingshorst",
      "gender": "n"
    },
    {
      "name": "Morgenland",
      "gender": "n"
    },
    {
      "name": "Weidengrat",
      "gender": "m"
    },
    {
      "name": "Eichtor",
      "gender": "n"
    },
    {
      "name": "Astspitz",
      "gender": "n"
    },
    {
      "name": "Tauheim",
      "gender": "n"
    },
    {
      "name": "Silberwiese",
      "gender": "n"
    },
    {
      "name": "Kleeau",
      "gender": "f"
    },
    {
      "name": "Windfeste",
      "gender": "n"
    },
    {
      "name": "Glanzwald",
      "gender": "n"
    },
    {
      "name": "Morgenhain",
      "gender": "m"
    },
    {
      "name": "Wolkenspitz",
      "gender": "n"
    },
    {
      "name": "Wolkenhain",
      "gender": "m"
    },
    {
      "name": "Bergtor",
      "gender": "n"
    },
    {
      "name": "Flusskliff",
      "gender": "n"
    },
    {
      "name": "Feuerstedt",
      "gender": "n"
    },
    {
      "name": "Rosenhügel",
      "gender": "m"
    },
    {
      "name": "Weidengrund",
      "gender": "n"
    },
    {
      "name": "Goldkliff",
      "gender": "n"
    },
    {
      "name": "Blütenberg",
      "gender": "m"
    },
    {
      "name": "Sterntal",
      "gender": "n"
    },
    {
      "name": "Sternberg",
      "gender": "m"
    },
    {
      "name": "Windfeld",
      "gender": "n"
    },
    {
      "name": "Morgendorf",
      "gender": "n"
    },
    {
      "name": "Frosthügel",
      "gender": "m"
    },
    {
      "name": "Seelenstedt",
      "gender": "n"
    },
    {
      "name": "Himmelsgrund",
      "gender": "n"
    },
    {
      "name": "Flussstedt",
      "gender": "n"
    },
    {
      "name": "Schattenfeld",
      "gender": "n"
    },
    {
      "name": "Sommerstedt",
      "gender": "n"
    },
    {
      "name": "Himmelsmark",
      "gender": "n"
    },
    {
      "name": "Elfenfeste",
      "gender": "n"
    },
    {
      "name": "Sonnenhügel",
      "gender": "m"
    },
    {
      "name": "Flussdorf",
      "gender": "n"
    },
    {
      "name": "Regenhorst",
      "gender": "n"
    },
    {
      "name": "Schattenfurt",
      "gender": "n"
    },
    {
      "name": "Rosenberg",
      "gender": "m"
    },
    {
      "name": "Feuerweide",
      "gender": "n"
    },
    {
      "name": "Feuerspitz",
      "gender": "n"
    },
    {
      "name": "Herbststedt",
      "gender": "n"
    },
    {
      "name": "Hainufer",
      "gender": "n"
    },
    {
      "name": "Nebelfurt",
      "gender": "n"
    },
    {
      "name": "Feuerfurt",
      "gender": "n"
    },
    {
      "name": "Farntrutz",
      "gender": "n"
    },
    {
      "name": "Lindsteg",
      "gender": "n"
    },
    {
      "name": "Efeuwald",
      "gender": "n"
    },
    {
      "name": "Farnkamp",
      "gender": "n"
    },
    {
      "name": "Schattenbrück",
      "gender": "n"
    },
    {
      "name": "Silberfels",
      "gender": "n"
    },
    {
      "name": "Feuerberg",
      "gender": "m"
    },
    {
      "name": "Frühlingsheim",
      "gender": "n"
    },
    {
      "name": "Waldsteg",
      "gender": "n"
    },
    {
      "name": "Klangkamp",
      "gender": "n"
    },
    {
      "name": "Wolkenbrück",
      "gender": "n"
    },
    {
      "name": "Sonnenweide",
      "gender": "n"
    },
    {
      "name": "Wolkenweide",
      "gender": "n"
    },
    {
      "name": "Sternweide",
      "gender": "n"
    },
    {
      "name": "Laubhöh",
      "gender": "n"
    },
    {
      "name": "Frostau",
      "gender": "f"
    },
    {
      "name": "Morgenmark",
      "gender": "n"
    },
    {
      "name": "Glanztor",
      "gender": "n"
    },
    {
      "name": "Kristallhügel",
      "gender": "m"
    },
    {
      "name": "Nebeldorf",
      "gender": "n"
    },
    {
      "name": "Goldmark",
      "gender": "n"
    },
    {
      "name": "Lichtruh",
      "gender": "n"
    },
    {
      "name": "Tannhain",
      "gender": "m"
    },
    {
      "name": "Rehkamp",
      "gender": "n"
    },
    {
      "name": "Seidensee",
      "gender": "n"
    },
    {
      "name": "Wasserau",
      "gender": "f"
    },
    {
      "name": "Herbstbrücke",
      "gender": "n"
    },
    {
      "name": "Rehdorf",
      "gender": "n"
    },
    {
      "name": "Winddorf",
      "gender": "n"
    },
    {
      "name": "Regendorf",
      "gender": "n"
    },
    {
      "name": "Frühlingsdorf",
      "gender": "n"
    },
    {
      "name": "Frostkliff",
      "gender": "n"
    },
    {
      "name": "Feuerbrücke",
      "gender": "n"
    },
    {
      "name": "Astsee",
      "gender": "n"
    },
    {
      "name": "Abendstedt",
      "gender": "n"
    },
    {
      "name": "Sommerheim",
      "gender": "n"
    },
    {
      "name": "Hainhain",
      "gender": "m"
    },
    {
      "name": "Sonnenwald",
      "gender": "n"
    },
    {
      "name": "Weidenbrücke",
      "gender": "n"
    },
    {
      "name": "Sonnenland",
      "gender": "n"
    },
    {
      "name": "Hirschgrund",
      "gender": "n"
    },
    {
      "name": "Rehhügel",
      "gender": "m"
    },
    {
      "name": "Himmelsufer",
      "gender": "n"
    },
    {
      "name": "Waldruh",
      "gender": "n"
    },
    {
      "name": "Frostruh",
      "gender": "n"
    },
    {
      "name": "Himmelssee",
      "gender": "n"
    },
    {
      "name": "Sternhorst",
      "gender": "n"
    },
    {
      "name": "Nebelklamm",
      "gender": "n"
    },
    {
      "name": "Seidenhorst",
      "gender": "n"
    },
    {
      "name": "Winterbrücke",
      "gender": "n"
    },
    {
      "name": "Flussbrücke",
      "gender": "n"
    },
    {
      "name": "Sommerkliff",
      "gender": "n"
    },
    {
      "name": "Eichwald",
      "gender": "n"
    },
    {
      "name": "Morgenheim",
      "gender": "n"
    },
    {
      "name": "Morgenau",
      "gender": "f"
    },
    {
      "name": "Glanzufer",
      "gender": "n"
    },
    {
      "name": "Frühlingsklamm",
      "gender": "n"
    },
    {
      "name": "Schattensee",
      "gender": "n"
    },
    {
      "name": "Wolkenheim",
      "gender": "n"
    },
    {
      "name": "Wintertal",
      "gender": "n"
    },
    {
      "name": "Feuerklamm",
      "gender": "n"
    },
    {
      "name": "Zwielichtberg",
      "gender": "m"
    },
    {
      "name": "Rosenufer",
      "gender": "n"
    },
    {
      "name": "Frostheim",
      "gender": "n"
    },
    {
      "name": "Rosenstedt",
      "gender": "n"
    },
    {
      "name": "Nebelland",
      "gender": "n"
    },
    {
      "name": "Glanztal",
      "gender": "n"
    },
    {
      "name": "Windfurt",
      "gender": "n"
    },
    {
      "name": "Frosttal",
      "gender": "n"
    },
    {
      "name": "Schneeberg",
      "gender": "m"
    },
    {
      "name": "Morgenstedt",
      "gender": "n"
    },
    {
      "name": "Seidenmark",
      "gender": "n"
    },
    {
      "name": "Goldwald",
      "gender": "n"
    },
    {
      "name": "Zauberhorst",
      "gender": "n"
    },
    {
      "name": "Hainland",
      "gender": "n"
    },
    {
      "name": "Sommerrast",
      "gender": "n"
    },
    {
      "name": "Weidenfeld",
      "gender": "n"
    },
    {
      "name": "Laubhain",
      "gender": "m"
    },
    {
      "name": "Sternspitz",
      "gender": "n"
    },
    {
      "name": "Himmelsfels",
      "gender": "n"
    },
    {
      "name": "Kristallfurt",
      "gender": "n"
    },
    {
      "name": "Frostufer",
      "gender": "n"
    },
    {
      "name": "Wolkenfeste",
      "gender": "n"
    },
    {
      "name": "Rehufer",
      "gender": "n"
    },
    {
      "name": "Silbertal",
      "gender": "n"
    },
    {
      "name": "Efeuwiese",
      "gender": "n"
    },
    {
      "name": "Hainruh",
      "gender": "n"
    },
    {
      "name": "Weidenberg",
      "gender": "m"
    },
    {
      "name": "Waldsee",
      "gender": "n"
    },
    {
      "name": "Blattruh",
      "gender": "n"
    },
    {
      "name": "Morgenhügel",
      "gender": "m"
    },
    {
      "name": "Morgenkliff",
      "gender": "n"
    },
    {
      "name": "Winterklamm",
      "gender": "n"
    },
    {
      "name": "Sommerfurt",
      "gender": "n"
    },
    {
      "name": "Rosenbrück",
      "gender": "n"
    },
    {
      "name": "Morgenufer",
      "gender": "n"
    },
    {
      "name": "Winterheim",
      "gender": "n"
    },
    {
      "name": "Traumtor",
      "gender": "n"
    },
    {
      "name": "Feuerkamp",
      "gender": "n"
    },
    {
      "name": "Klanghügel",
      "gender": "m"
    },
    {
      "name": "Frühlingsfels",
      "gender": "n"
    },
    {
      "name": "Blattmark",
      "gender": "n"
    },
    {
      "name": "Zwielichtwald",
      "gender": "n"
    },
    {
      "name": "Waldgrat",
      "gender": "m"
    },
    {
      "name": "Lindkliff",
      "gender": "n"
    },
    {
      "name": "Seidenweide",
      "gender": "n"
    },
    {
      "name": "Astbrücke",
      "gender": "n"
    },
    {
      "name": "Wolkenwiese",
      "gender": "n"
    },
    {
      "name": "Farnhorst",
      "gender": "n"
    },
    {
      "name": "Zwielichtklamm",
      "gender": "n"
    },
    {
      "name": "Zauberfeste",
      "gender": "n"
    },
    {
      "name": "Schattentor",
      "gender": "n"
    },
    {
      "name": "Laubberg",
      "gender": "m"
    },
    {
      "name": "Efeuruh",
      "gender": "n"
    },
    {
      "name": "Eichsee",
      "gender": "n"
    },
    {
      "name": "Hirschhain",
      "gender": "m"
    },
    {
      "name": "Traumland",
      "gender": "n"
    },
    {
      "name": "Tauhöh",
      "gender": "n"
    },
    {
      "name": "Schneebrück",
      "gender": "n"
    },
    {
      "name": "Talweide",
      "gender": "n"
    },
    {
      "name": "Goldtrutz",
      "gender": "n"
    },
    {
      "name": "Hainbrücke",
      "gender": "n"
    },
    {
      "name": "Eichkliff",
      "gender": "n"
    },
    {
      "name": "Herbstsee",
      "gender": "n"
    },
    {
      "name": "Mondburg",
      "gender": "f"
    },
    {
      "name": "Schneehain",
      "gender": "m"
    },
    {
      "name": "Frosttrutz",
      "gender": "n"
    },
    {
      "name": "Blütental",
      "gender": "n"
    },
    {
      "name": "Wolkenberg",
      "gender": "m"
    },
    {
      "name": "Rehklamm",
      "gender": "n"
    },
    {
      "name": "Blattburg",
      "gender": "f"
    },
    {
      "name": "Kleesee",
      "gender": "n"
    },
    {
      "name": "Winterfeste",
      "gender": "n"
    },
    {
      "name": "Goldruh",
      "gender": "n"
    },
    {
      "name": "Schattenland",
      "gender": "n"
    },
    {
      "name": "Flussweide",
      "gender": "n"
    },
    {
      "name": "Windfels",
      "gender": "n"
    },
    {
      "name": "Goldtor",
      "gender": "n"
    },
    {
      "name": "Flusswiese",
      "gender": "n"
    },
    {
      "name": "Weidental",
      "gender": "n"
    },
    {
      "name": "Schattenstedt",
      "gender": "n"
    },
    {
      "name": "Efeufels",
      "gender": "n"
    },
    {
      "name": "Elfenkliff",
      "gender": "n"
    },
    {
      "name": "Rehweide",
      "gender": "n"
    },
    {
      "name": "Kristallfels",
      "gender": "n"
    },
    {
      "name": "Kristallsteg",
      "gender": "n"
    },
    {
      "name": "Mondsteg",
      "gender": "n"
    },
    {
      "name": "Efeukamp",
      "gender": "n"
    },
    {
      "name": "Mondkliff",
      "gender": "n"
    },
    {
      "name": "Hainfeld",
      "gender": "n"
    },
    {
      "name": "Asthügel",
      "gender": "m"
    },
    {
      "name": "Weidendorf",
      "gender": "n"
    },
    {
      "name": "Winterberg",
      "gender": "m"
    },
    {
      "name": "Froststeg",
      "gender": "n"
    },
    {
      "name": "Regensteg",
      "gender": "n"
    },
    {
      "name": "Frostgrund",
      "gender": "n"
    },
    {
      "name": "Blütensteg",
      "gender": "n"
    },
    {
      "name": "Laubau",
      "gender": "f"
    },
    {
      "name": "Weidenkamp",
      "gender": "n"
    },
    {
      "name": "Hainhügel",
      "gender": "m"
    },
    {
      "name": "Blütentor",
      "gender": "n"
    },
    {
      "name": "Abendwald",
      "gender": "n"
    },
    {
      "name": "Klangheim",
      "gender": "n"
    },
    {
      "name": "Sonnenfels",
      "gender": "n"
    },
    {
      "name": "Feuerhöh",
      "gender": "n"
    },
    {
      "name": "Efeufurt",
      "gender": "n"
    },
    {
      "name": "Nebelmark",
      "gender": "n"
    },
    {
      "name": "Bergland",
      "gender": "n"
    },
    {
      "name": "Abendtor",
      "gender": "n"
    },
    {
      "name": "Tannkliff",
      "gender": "n"
    },
    {
      "name": "Frostwald",
      "gender": "n"
    },
    {
      "name": "Blütenstedt",
      "gender": "n"
    },
    {
      "name": "Kleehügel",
      "gender": "m"
    },
    {
      "name": "Efeuberg",
      "gender": "m"
    },
    {
      "name": "Zwielichtbrücke",
      "gender": "n"
    },
    {
      "name": "Nebelspitz",
      "gender": "n"
    },
    {
      "name": "Lindhügel",
      "gender": "m"
    },
    {
      "name": "Rehgrat",
      "gender": "m"
    },
    {
      "name": "Farnrast",
      "gender": "n"
    },
    {
      "name": "Nebelhügel",
      "gender": "m"
    },
    {
      "name": "Waldwald",
      "gender": "n"
    },
    {
      "name": "Hirschspitz",
      "gender": "n"
    },
    {
      "name": "Talwald",
      "gender": "n"
    },
    {
      "name": "Morgenwiese",
      "gender": "n"
    },
    {
      "name": "Waldklamm",
      "gender": "n"
    },
    {
      "name": "Tannstedt",
      "gender": "n"
    },
    {
      "name": "Silberfeld",
      "gender": "n"
    },
    {
      "name": "Talruh",
      "gender": "n"
    },
    {
      "name": "Lichtsee",
      "gender": "n"
    },
    {
      "name": "Zauberburg",
      "gender": "f"
    },
    {
      "name": "Tautor",
      "gender": "n"
    },
    {
      "name": "Waldweide",
      "gender": "n"
    },
    {
      "name": "Goldweide",
      "gender": "n"
    },
    {
      "name": "Goldheim",
      "gender": "n"
    },
    {
      "name": "Lindrast",
      "gender": "n"
    },
    {
      "name": "Winterfels",
      "gender": "n"
    },
    {
      "name": "Tannrast",
      "gender": "n"
    },
    {
      "name": "Flussau",
      "gender": "f"
    },
    {
      "name": "Sonnenstedt",
      "gender": "n"
    },
    {
      "name": "Elfenau",
      "gender": "f"
    },
    {
      "name": "Zauberbrücke",
      "gender": "n"
    },
    {
      "name": "Hainfels",
      "gender": "n"
    },
    {
      "name": "Herbstspitz",
      "gender": "n"
    },
    {
      "name": "Glanzbrück",
      "gender": "n"
    },
    {
      "name": "Eichberg",
      "gender": "m"
    },
    {
      "name": "Talklamm",
      "gender": "n"
    },
    {
      "name": "Regenbrücke",
      "gender": "n"
    },
    {
      "name": "Sonnenberg",
      "gender": "m"
    },
    {
      "name": "Traumwald",
      "gender": "n"
    },
    {
      "name": "Wasserheim",
      "gender": "n"
    },
    {
      "name": "Kleeruh",
      "gender": "n"
    },
    {
      "name": "Zauberheim",
      "gender": "n"
    },
    {
      "name": "Silberburg",
      "gender": "f"
    },
    {
      "name": "Tauufer",
      "gender": "n"
    },
    {
      "name": "Rosenhain",
      "gender": "m"
    },
    {
      "name": "Silberkliff",
      "gender": "n"
    },
    {
      "name": "Eichmark",
      "gender": "n"
    },
    {
      "name": "Abenddorf",
      "gender": "n"
    },
    {
      "name": "Sternmark",
      "gender": "n"
    },
    {
      "name": "Regenmark",
      "gender": "n"
    },
    {
      "name": "Efeuland",
      "gender": "n"
    },
    {
      "name": "Zwielichtgrat",
      "gender": "m"
    },
    {
      "name": "Frühlingstrutz",
      "gender": "n"
    },
    {
      "name": "Farnruh",
      "gender": "n"
    },
    {
      "name": "Blütenwald",
      "gender": "n"
    },
    {
      "name": "Abendruh",
      "gender": "n"
    },
    {
      "name": "Bergberg",
      "gender": "m"
    },
    {
      "name": "Feuersteg",
      "gender": "n"
    },
    {
      "name": "Feuerwald",
      "gender": "n"
    },
    {
      "name": "Silberruh",
      "gender": "n"
    },
    {
      "name": "Lichttor",
      "gender": "n"
    },
    {
      "name": "Zwielichtau",
      "gender": "f"
    },
    {
      "name": "Mondfurt",
      "gender": "n"
    },
    {
      "name": "Klangspitz",
      "gender": "n"
    },
    {
      "name": "Wasserburg",
      "gender": "f"
    },
    {
      "name": "Glanzgrat",
      "gender": "m"
    },
    {
      "name": "Lindgrat",
      "gender": "m"
    },
    {
      "name": "Feuerhorst",
      "gender": "n"
    },
    {
      "name": "Asttrutz",
      "gender": "n"
    },
    {
      "name": "Aststedt",
      "gender": "n"
    },
    {
      "name": "Abendrast",
      "gender": "n"
    },
    {
      "name": "Efeuau",
      "gender": "f"
    },
    {
      "name": "Talhain",
      "gender": "m"
    },
    {
      "name": "Goldspitz",
      "gender": "n"
    },
    {
      "name": "Hirschwiese",
      "gender": "n"
    },
    {
      "name": "Froststedt",
      "gender": "n"
    },
    {
      "name": "Elfenbrücke",
      "gender": "n"
    },
    {
      "name": "Blütenland",
      "gender": "n"
    },
    {
      "name": "Lichtbrück",
      "gender": "n"
    },
    {
      "name": "Schattenfeste",
      "gender": "n"
    },
    {
      "name": "Himmelsbrück",
      "gender": "n"
    },
    {
      "name": "Zauberwald",
      "gender": "n"
    },
    {
      "name": "Klangkliff",
      "gender": "n"
    },
    {
      "name": "Farnfels",
      "gender": "n"
    },
    {
      "name": "Kleebrück",
      "gender": "n"
    },
    {
      "name": "Wasserfels",
      "gender": "n"
    },
    {
      "name": "Seelenmark",
      "gender": "n"
    },
    {
      "name": "Regenstedt",
      "gender": "n"
    },
    {
      "name": "Farndorf",
      "gender": "n"
    },
    {
      "name": "Seelendorf",
      "gender": "n"
    },
    {
      "name": "Lichtkliff",
      "gender": "n"
    },
    {
      "name": "Nebeltrutz",
      "gender": "n"
    },
    {
      "name": "Blatthain",
      "gender": "m"
    },
    {
      "name": "Flussspitz",
      "gender": "n"
    },
    {
      "name": "Blütengrat",
      "gender": "m"
    },
    {
      "name": "Efeuburg",
      "gender": "f"
    },
    {
      "name": "Hainwiese",
      "gender": "n"
    },
    {
      "name": "Taukamp",
      "gender": "n"
    },
    {
      "name": "Frostrast",
      "gender": "n"
    },
    {
      "name": "Blütenhügel",
      "gender": "m"
    },
    {
      "name": "Schattenhorst",
      "gender": "n"
    },
    {
      "name": "Winterhain",
      "gender": "m"
    },
    {
      "name": "Farnufer",
      "gender": "n"
    },
    {
      "name": "Goldberg",
      "gender": "m"
    },
    {
      "name": "Weidenbrück",
      "gender": "n"
    },
    {
      "name": "Blütenheim",
      "gender": "n"
    },
    {
      "name": "Windhain",
      "gender": "m"
    },
    {
      "name": "Traumweide",
      "gender": "n"
    },
    {
      "name": "Schneehügel",
      "gender": "m"
    },
    {
      "name": "Rosenheim",
      "gender": "n"
    },
    {
      "name": "Flussburg",
      "gender": "f"
    },
    {
      "name": "Silberbrück",
      "gender": "n"
    },
    {
      "name": "Zauberstedt",
      "gender": "n"
    },
    {
      "name": "Talfeste",
      "gender": "n"
    },
    {
      "name": "Abendtrutz",
      "gender": "n"
    },
    {
      "name": "Glanzklamm",
      "gender": "n"
    },
    {
      "name": "Astgrund",
      "gender": "n"
    },
    {
      "name": "Zwielichtdorf",
      "gender": "n"
    },
    {
      "name": "Traumhorst",
      "gender": "n"
    },
    {
      "name": "Seidenau",
      "gender": "f"
    },
    {
      "name": "Astburg",
      "gender": "f"
    },
    {
      "name": "Eichweide",
      "gender": "n"
    },
    {
      "name": "Blütenhain",
      "gender": "m"
    },
    {
      "name": "Rosenrast",
      "gender": "n"
    },
    {
      "name": "Winterwiese",
      "gender": "n"
    },
    {
      "name": "Frostwiese",
      "gender": "n"
    },
    {
      "name": "Goldbrücke",
      "gender": "n"
    },
    {
      "name": "Blatthügel",
      "gender": "m"
    },
    {
      "name": "Abendtal",
      "gender": "n"
    },
    {
      "name": "Flusssteg",
      "gender": "n"
    },
    {
      "name": "Lichthorst",
      "gender": "n"
    },
    {
      "name": "Schneewald",
      "gender": "n"
    },
    {
      "name": "Talsee",
      "gender": "n"
    },
    {
      "name": "Frühlingsburg",
      "gender": "f"
    },
    {
      "name": "Goldrast",
      "gender": "n"
    },
    {
      "name": "Rehwald",
      "gender": "n"
    },
    {
      "name": "Wassersee",
      "gender": "n"
    },
    {
      "name": "Traumsee",
      "gender": "n"
    },
    {
      "name": "Astkliff",
      "gender": "n"
    },
    {
      "name": "Wolkenstedt",
      "gender": "n"
    },
    {
      "name": "Bergkliff",
      "gender": "n"
    },
    {
      "name": "Sternkliff",
      "gender": "n"
    },
    {
      "name": "Haingrat",
      "gender": "m"
    },
    {
      "name": "Goldhöh",
      "gender": "n"
    },
    {
      "name": "Herbstufer",
      "gender": "n"
    },
    {
      "name": "Tannbrücke",
      "gender": "n"
    },
    {
      "name": "Flussufer",
      "gender": "n"
    },
    {
      "name": "Kristallhain",
      "gender": "m"
    },
    {
      "name": "Lichtfels",
      "gender": "n"
    },
    {
      "name": "Schneekamp",
      "gender": "n"
    },
    {
      "name": "Morgensteg",
      "gender": "n"
    },
    {
      "name": "Blütenau",
      "gender": "f"
    },
    {
      "name": "Mondklamm",
      "gender": "n"
    },
    {
      "name": "Eichrast",
      "gender": "n"
    },
    {
      "name": "Elfenstedt",
      "gender": "n"
    },
    {
      "name": "Taubrück",
      "gender": "n"
    },
    {
      "name": "Mondfeld",
      "gender": "n"
    },
    {
      "name": "Flussgrat",
      "gender": "m"
    },
    {
      "name": "Feuerdorf",
      "gender": "n"
    },
    {
      "name": "Sonnenburg",
      "gender": "f"
    },
    {
      "name": "Klangufer",
      "gender": "n"
    },
    {
      "name": "Talkliff",
      "gender": "n"
    },
    {
      "name": "Zwielichthorst",
      "gender": "n"
    },
    {
      "name": "Sonnentor",
      "gender": "n"
    },
    {
      "name": "Schattengrat",
      "gender": "m"
    },
    {
      "name": "Efeutrutz",
      "gender": "n"
    },
    {
      "name": "Zwielichtland",
      "gender": "n"
    },
    {
      "name": "Wolkensee",
      "gender": "n"
    },
    {
      "name": "Blütenkamp",
      "gender": "n"
    },
    {
      "name": "Goldau",
      "gender": "f"
    },
    {
      "name": "Kleetor",
      "gender": "n"
    },
    {
      "name": "Herbstmark",
      "gender": "n"
    },
    {
      "name": "Windtor",
      "gender": "n"
    },
    {
      "name": "Flusshain",
      "gender": "m"
    },
    {
      "name": "Blütenruh",
      "gender": "n"
    },
    {
      "name": "Glanzhain",
      "gender": "m"
    },
    {
      "name": "Astmark",
      "gender": "n"
    },
    {
      "name": "Klangbrücke",
      "gender": "n"
    },
    {
      "name": "Hainrast",
      "gender": "n"
    },
    {
      "name": "Wolkenmark",
      "gender": "n"
    },
    {
      "name": "Efeurast",
      "gender": "n"
    },
    {
      "name": "Berggrund",
      "gender": "n"
    },
    {
      "name": "Haintor",
      "gender": "n"
    },
    {
      "name": "Klangsteg",
      "gender": "n"
    },
    {
      "name": "Blütenfeste",
      "gender": "n"
    },
    {
      "name": "Feuertrutz",
      "gender": "n"
    },
    {
      "name": "Tannhügel",
      "gender": "m"
    },
    {
      "name": "Schattenbrücke",
      "gender": "n"
    },
    {
      "name": "Kristallhorst",
      "gender": "n"
    },
    {
      "name": "Nebelfeld",
      "gender": "n"
    },
    {
      "name": "Eichhöh",
      "gender": "n"
    },
    {
      "name": "Elfenbrück",
      "gender": "n"
    },
    {
      "name": "Rosenhorst",
      "gender": "n"
    },
    {
      "name": "Schneetrutz",
      "gender": "n"
    },
    {
      "name": "Himmelsland",
      "gender": "n"
    },
    {
      "name": "Schattenmark",
      "gender": "n"
    },
    {
      "name": "Regenweide",
      "gender": "n"
    },
    {
      "name": "Wasserkliff",
      "gender": "n"
    },
    {
      "name": "Morgenfeste",
      "gender": "n"
    },
    {
      "name": "Rehhain",
      "gender": "m"
    },
    {
      "name": "Kristallfeste",
      "gender": "n"
    },
    {
      "name": "Klangsee",
      "gender": "n"
    },
    {
      "name": "Flussgrund",
      "gender": "n"
    },
    {
      "name": "Kristalldorf",
      "gender": "n"
    },
    {
      "name": "Silberkamp",
      "gender": "n"
    },
    {
      "name": "Blattrast",
      "gender": "n"
    },
    {
      "name": "Glanzland",
      "gender": "n"
    },
    {
      "name": "Tauhain",
      "gender": "m"
    },
    {
      "name": "Herbstland",
      "gender": "n"
    },
    {
      "name": "Winterwald",
      "gender": "n"
    },
    {
      "name": "Bergburg",
      "gender": "f"
    },
    {
      "name": "Traumburg",
      "gender": "f"
    },
    {
      "name": "Weidenau",
      "gender": "f"
    },
    {
      "name": "Taufeste",
      "gender": "n"
    },
    {
      "name": "Sommerkamp",
      "gender": "n"
    },
    {
      "name": "Himmelsbrücke",
      "gender": "n"
    },
    {
      "name": "Tannkamp",
      "gender": "n"
    },
    {
      "name": "Hainstedt",
      "gender": "n"
    },
    {
      "name": "Nebelfels",
      "gender": "n"
    },
    {
      "name": "Mondhügel",
      "gender": "m"
    },
    {
      "name": "Lindhorst",
      "gender": "n"
    },
    {
      "name": "Herbstruh",
      "gender": "n"
    },
    {
      "name": "Zwielichtspitz",
      "gender": "n"
    },
    {
      "name": "Flussfeste",
      "gender": "n"
    },
    {
      "name": "Waldhorst",
      "gender": "n"
    },
    {
      "name": "Tannsteg",
      "gender": "n"
    },
    {
      "name": "Regenwiese",
      "gender": "n"
    },
    {
      "name": "Morgenrast",
      "gender": "n"
    },
    {
      "name": "Flusshorst",
      "gender": "n"
    },
    {
      "name": "Sonnenklamm",
      "gender": "n"
    },
    {
      "name": "Kleesteg",
      "gender": "n"
    },
    {
      "name": "Seelengrund",
      "gender": "n"
    },
    {
      "name": "Himmelsburg",
      "gender": "f"
    },
    {
      "name": "Herbstheim",
      "gender": "n"
    },
    {
      "name": "Hirschfels",
      "gender": "n"
    },
    {
      "name": "Wasserspitz",
      "gender": "n"
    },
    {
      "name": "Frostbrücke",
      "gender": "n"
    },
    {
      "name": "Hirschruh",
      "gender": "n"
    },
    {
      "name": "Zauberkliff",
      "gender": "n"
    },
    {
      "name": "Weidenhorst",
      "gender": "n"
    },
    {
      "name": "Weidenhöh",
      "gender": "n"
    },
    {
      "name": "Blütenfurt",
      "gender": "n"
    },
    {
      "name": "Rehtor",
      "gender": "n"
    },
    {
      "name": "Nebelkamp",
      "gender": "n"
    },
    {
      "name": "Elfenwald",
      "gender": "n"
    },
    {
      "name": "Silberfeste",
      "gender": "n"
    },
    {
      "name": "Laubhügel",
      "gender": "m"
    },
    {
      "name": "Sterndorf",
      "gender": "n"
    },
    {
      "name": "Morgensee",
      "gender": "n"
    },
    {
      "name": "Sommerfeste",
      "gender": "n"
    },
    {
      "name": "Wolkenruh",
      "gender": "n"
    },
    {
      "name": "Kristallhöh",
      "gender": "n"
    },
    {
      "name": "Mondland",
      "gender": "n"
    },
    {
      "name": "Klanggrund",
      "gender": "n"
    },
    {
      "name": "Blattspitz",
      "gender": "n"
    },
    {
      "name": "Tauwiese",
      "gender": "n"
    },
    {
      "name": "Hirschsee",
      "gender": "n"
    },
    {
      "name": "Schneefurt",
      "gender": "n"
    },
    {
      "name": "Morgengrat",
      "gender": "m"
    },
    {
      "name": "Talmark",
      "gender": "n"
    },
    {
      "name": "Nebelweide",
      "gender": "n"
    },
    {
      "name": "Frühlingsmark",
      "gender": "n"
    },
    {
      "name": "Windberg",
      "gender": "m"
    },
    {
      "name": "Schattenhügel",
      "gender": "m"
    },
    {
      "name": "Himmelsstedt",
      "gender": "n"
    },
    {
      "name": "Regenhügel",
      "gender": "m"
    },
    {
      "name": "Feuerhain",
      "gender": "m"
    },
    {
      "name": "Klangtor",
      "gender": "n"
    },
    {
      "name": "Goldfurt",
      "gender": "n"
    },
    {
      "name": "Zwielichtruh",
      "gender": "n"
    },
    {
      "name": "Laubtor",
      "gender": "n"
    },
    {
      "name": "Eichhügel",
      "gender": "m"
    },
    {
      "name": "Glanzburg",
      "gender": "f"
    },
    {
      "name": "Abendfurt",
      "gender": "n"
    },
    {
      "name": "Rosenau",
      "gender": "f"
    },
    {
      "name": "Zwielichthain",
      "gender": "m"
    },
    {
      "name": "Nebelgrund",
      "gender": "n"
    },
    {
      "name": "Waldfeld",
      "gender": "n"
    },
    {
      "name": "Astfeste",
      "gender": "n"
    },
    {
      "name": "Farnburg",
      "gender": "f"
    },
    {
      "name": "Lindbrücke",
      "gender": "n"
    },
    {
      "name": "Lichtufer",
      "gender": "n"
    },
    {
      "name": "Wasserbrücke",
      "gender": "n"
    },
    {
      "name": "Taltor",
      "gender": "n"
    },
    {
      "name": "Feuerufer",
      "gender": "n"
    },
    {
      "name": "Traumufer",
      "gender": "n"
    },
    {
      "name": "Sonnenfeste",
      "gender": "n"
    },
    {
      "name": "Sonnendorf",
      "gender": "n"
    },
    {
      "name": "Seelenrast",
      "gender": "n"
    },
    {
      "name": "Efeuweide",
      "gender": "n"
    },
    {
      "name": "Sonnenfeld",
      "gender": "n"
    },
    {
      "name": "Abendhorst",
      "gender": "n"
    },
    {
      "name": "Waldhügel",
      "gender": "m"
    },
    {
      "name": "Zwielichtbrück",
      "gender": "n"
    },
    {
      "name": "Rehland",
      "gender": "n"
    },
    {
      "name": "Regengrat",
      "gender": "m"
    },
    {
      "name": "Rehspitz",
      "gender": "n"
    },
    {
      "name": "Blattweide",
      "gender": "n"
    },
    {
      "name": "Wolkendorf",
      "gender": "n"
    },
    {
      "name": "Windkamp",
      "gender": "n"
    },
    {
      "name": "Lindklamm",
      "gender": "n"
    },
    {
      "name": "Wasserklamm",
      "gender": "n"
    },
    {
      "name": "Rosenland",
      "gender": "n"
    },
    {
      "name": "Herbsthain",
      "gender": "m"
    },
    {
      "name": "Kristalltrutz",
      "gender": "n"
    },
    {
      "name": "Laubfeld",
      "gender": "n"
    },
    {
      "name": "Herbstwiese",
      "gender": "n"
    },
    {
      "name": "Feuerfels",
      "gender": "n"
    },
    {
      "name": "Winterspitz",
      "gender": "n"
    },
    {
      "name": "Blattdorf",
      "gender": "n"
    },
    {
      "name": "Astkamp",
      "gender": "n"
    },
    {
      "name": "Seidenkamp",
      "gender": "n"
    },
    {
      "name": "Klangfeste",
      "gender": "n"
    },
    {
      "name": "Lichtweide",
      "gender": "n"
    },
    {
      "name": "Rehberg",
      "gender": "m"
    },
    {
      "name": "Bergheim",
      "gender": "n"
    },
    {
      "name": "Talkamp",
      "gender": "n"
    },
    {
      "name": "Kleetal",
      "gender": "n"
    },
    {
      "name": "Wolkenau",
      "gender": "f"
    },
    {
      "name": "Frühlingssteg",
      "gender": "n"
    },
    {
      "name": "Blütenhorst",
      "gender": "n"
    },
    {
      "name": "Tannhorst",
      "gender": "n"
    },
    {
      "name": "Eichruh",
      "gender": "n"
    },
    {
      "name": "Efeubrück",
      "gender": "n"
    },
    {
      "name": "Elfenheim",
      "gender": "n"
    },
    {
      "name": "Lindweide",
      "gender": "n"
    },
    {
      "name": "Zauberau",
      "gender": "f"
    },
    {
      "name": "Sonnentrutz",
      "gender": "n"
    },
    {
      "name": "Weidenfeste",
      "gender": "n"
    },
    {
      "name": "Wolkental",
      "gender": "n"
    },
    {
      "name": "Sonnenbrück",
      "gender": "n"
    },
    {
      "name": "Frühlingswiese",
      "gender": "n"
    },
    {
      "name": "Elfendorf",
      "gender": "n"
    },
    {
      "name": "Zwielichtheim",
      "gender": "n"
    },
    {
      "name": "Regentor",
      "gender": "n"
    },
    {
      "name": "Sommerberg",
      "gender": "m"
    },
    {
      "name": "Herbststeg",
      "gender": "n"
    },
    {
      "name": "Astland",
      "gender": "n"
    },
    {
      "name": "Mondwald",
      "gender": "n"
    },
    {
      "name": "Blatttal",
      "gender": "n"
    },
    {
      "name": "Sommerfels",
      "gender": "n"
    },
    {
      "name": "Talfels",
      "gender": "n"
    },
    {
      "name": "Feuerheim",
      "gender": "n"
    },
    {
      "name": "Wintersteg",
      "gender": "n"
    },
    {
      "name": "Herbstrast",
      "gender": "n"
    },
    {
      "name": "Rehgrund",
      "gender": "n"
    },
    {
      "name": "Elfensee",
      "gender": "n"
    },
    {
      "name": "Blattufer",
      "gender": "n"
    },
    {
      "name": "Regenruh",
      "gender": "n"
    },
    {
      "name": "Goldklamm",
      "gender": "n"
    },
    {
      "name": "Feuertor",
      "gender": "n"
    },
    {
      "name": "Hainkliff",
      "gender": "n"
    },
        {
      "name": "Aelindor",
      "gender": "n"
    },
    {
      "name": "Calenmaris",
      "gender": "n"
    },
    {
      "name": "Thandorel",
      "gender": "n"
    },
    {
      "name": "Lómëthil",
      "gender": "n"
    },
    {
      "name": "Eryndor",
      "gender": "n"
    },
    {
      "name": "Faelivrin",
      "gender": "n"
    },
    {
      "name": "Ilmarith",
      "gender": "n"
    },
    {
      "name": "Caerthalan",
      "gender": "n"
    },
    {
      "name": "Vanyanor",
      "gender": "n"
    },
    {
      "name": "Syltharil",
      "gender": "n"
    },
    {
      "name": "Elunthar",
      "gender": "n"
    },
    {
      "name": "Maerivor",
      "gender": "n"
    },
    {
      "name": "Ithildor",
      "gender": "n"
    },
    {
      "name": "Taurënnor",
      "gender": "n"
    },
    {
      "name": "Valemirith",
      "gender": "n"
    },
    {
      "name": "Myrrathor",
      "gender": "n"
    },
    {
      "name": "Elentharis",
      "gender": "n"
    },
    {
      "name": "Nymradiel",
      "gender": "n"
    },
    {
      "name": "Ciryathil",
      "gender": "n"
    },
    {
      "name": "Fendralor",
      "gender": "n"
    },
    {
      "name": "Oloriveth",
      "gender": "n"
    },
    {
      "name": "Quenndoril",
      "gender": "n"
    },
    {
      "name": "Ambarëthil",
      "gender": "n"
    },
    {
      "name": "Morvannar",
      "gender": "n"
    },
    {
      "name": "Sélendor",
      "gender": "n"
    },
    {
      "name": "Thalanmir",
      "gender": "n"
    },
    {
      "name": "Ulthorien",
      "gender": "n"
    },
    {
      "name": "Calerethor",
      "gender": "n"
    },
    {
      "name": "Vinyanor",
      "gender": "n"
    },
    {
      "name": "Lysandrel",
      "gender": "n"
    },
    {
      "name": "Orvathil",
      "gender": "n"
    },
    {
      "name": "Ithilmaris",
      "gender": "n"
    },
    {
      "name": "Tyrenndor",
      "gender": "n"
    },
    {
      "name": "Melwasir",
      "gender": "n"
    },
    {
      "name": "Caradhelor",
      "gender": "n"
    },
    {
      "name": "Aevarinth",
      "gender": "n"
    },
    {
      "name": "Loravandir",
      "gender": "n"
    },
    {
      "name": "Faenoril",
      "gender": "n"
    },
    {
      "name": "Maelthorien",
      "gender": "n"
    },
    {
      "name": "Quirandel",
      "gender": "n"
    },
    {
      "name": "Telumírion",
      "gender": "n"
    },
    {
      "name": "Aldarien",
      "gender": "n"
    },
    {
      "name": "Elberanor",
      "gender": "n"
    },
    {
      "name": "Thirvandil",
      "gender": "n"
    },
    {
      "name": "Valanthar",
      "gender": "n"
    },
    {
      "name": "Caelindor",
      "gender": "n"
    },
    {
      "name": "Mirithanor",
      "gender": "n"
    },
    {
      "name": "Elenvaris",
      "gender": "n"
    },
    {
      "name": "Dornethil",
      "gender": "n"
    },
    {
      "name": "Aevelandir",
      "gender": "n"
    },
    {
      "name": "Amrathor",
      "gender": "n"
    },
    {
      "name": "Ithrinor",
      "gender": "n"
    },
    {
      "name": "Nymboriel",
      "gender": "n"
    },
    {
      "name": "Lorathandor",
      "gender": "n"
    },
    {
      "name": "Calennethil",
      "gender": "n"
    },
    {
      "name": "Tharvaleth",
      "gender": "n"
    },
    {
      "name": "Faewanor",
      "gender": "n"
    },
    {
      "name": "Quenndorin",
      "gender": "n"
    },
    {
      "name": "Orvamelis",
      "gender": "n"
    },
    {
      "name": "Tirithanor",
      "gender": "n"
    },
    {
      "name": "Aeluthien",
      "gender": "n"
    },
    {
      "name": "Melivorath",
      "gender": "n"
    },
    {
      "name": "Vanthorien",
      "gender": "n"
    },
    {
      "name": "Elandarion",
      "gender": "n"
    },
    {
      "name": "Sylthirnor",
      "gender": "n"
    },
    {
      "name": "Ithilbrannor",
      "gender": "n"
    },
    {
      "name": "Quirandar",
      "gender": "n"
    },
    {
      "name": "Maeliveth",
      "gender": "n"
    },
    {
      "name": "Calarnor",
      "gender": "n"
    },
    {
      "name": "Orendilmar",
      "gender": "n"
    },
    {
      "name": "Faerithor",
      "gender": "n"
    },
    {
      "name": "Ilmorian",
      "gender": "n"
    },
    {
      "name": "Thandoril",
      "gender": "n"
    },
    {
      "name": "Nymrandor",
      "gender": "n"
    },
    {
      "name": "Aelvarion",
      "gender": "n"
    },
    {
      "name": "Valirandor",
      "gender": "n"
    },
    {
      "name": "Cindoriel",
      "gender": "n"
    },
    {
      "name": "Maerathorn",
      "gender": "n"
    },
    {
      "name": "Elenyathor",
      "gender": "n"
    },
    {
      "name": "Lorathien",
      "gender": "n"
    },
    {
      "name": "Quenndilmar",
      "gender": "n"
    },
    {
      "name": "Elarimor",
      "gender": "n"
    },
    {
      "name": "Sylvorandir",
      "gender": "n"
    },
    {
      "name": "Ithilrondor",
      "gender": "n"
    },
    {
      "name": "Faenathil",
      "gender": "n"
    },
    {
      "name": "Vanyathor",
      "gender": "n"
    },
    {
      "name": "Ambarivor",
      "gender": "n"
    },
    {
      "name": "Lorandrel",
      "gender": "n"
    },
    {
      "name": "Tharanthil",
      "gender": "n"
    },
    {
      "name": "Quiralthor",
      "gender": "n"
    },
    {
      "name": "Caelathien",
      "gender": "n"
    },
    {
      "name": "Elmarithor",
      "gender": "n"
    },
    {
      "name": "Ambrandir",
      "gender": "n"
    },
    {
      "name": "Aelvorith",
      "gender": "n"
    },
    {
      "name": "Syltharion",
      "gender": "n"
    },
    {
      "name": "Ithilvaren",
      "gender": "n"
    },
    {
      "name": "Calornith",
      "gender": "n"
    },
    {
      "name": "Eryndilmar",
      "gender": "n"
    },
    {
      "name": "Thandrelor",
      "gender": "n"
    },
    {
      "name": "Mirvaleth",
      "gender": "n"
    },
    {
      "name": "Aevaronor",
      "gender": "n"
    },
    {
      "name": "Quennathil",
      "gender": "n"
    },
    {
      "name": "Faelorion",
      "gender": "n"
    },
    {
      "name": "Lorimbrath",
      "gender": "n"
    },
    {
      "name": "Elenvarnor",
      "gender": "n"
    },
    {
      "name": "Tharilveth",
      "gender": "n"
    },
    {
      "name": "Vanyandor",
      "gender": "n"
    },
    {
      "name": "Orimarith",
      "gender": "n"
    },
    {
      "name": "Calendoril",
      "gender": "n"
    },
    {
      "name": "Ithiltharion",
      "gender": "n"
    },
    {
      "name": "Nymranor",
      "gender": "n"
    },
    {
      "name": "Elandrethor",
      "gender": "n"
    },
    {
      "name": "Lorimdor",
      "gender": "n"
    },
    {
      "name": "Sylrandir",
      "gender": "n"
    },
    {
      "name": "Ambrathil",
      "gender": "n"
    },
    {
      "name": "Quirandelor",
      "gender": "n"
    },
    {
      "name": "Faenvarnor",
      "gender": "n"
    },
    {
      "name": "Maelthorien",
      "gender": "n"
    },
    {
      "name": "Ithilvorand",
      "gender": "n"
    },
    {
      "name": "Elenboriel",
      "gender": "n"
    },
    {
      "name": "Calenrathor",
      "gender": "n"
    },
    {
      "name": "Vanyimbrath",
      "gender": "n"
    },
    {
      "name": "Tharilnor",
      "gender": "n"
    },
    {
      "name": "Quenndorath",
      "gender": "n"
    },
    {
      "name": "Faelorindel",
      "gender": "n"
    },
    {
      "name": "Orvanthar",
      "gender": "n"
    },
    {
      "name": "Sylvathil",
      "gender": "n"
    },
    {
      "name": "Ithilmaranor",
      "gender": "n"
    },
    {
      "name": "Lorathimor",
      "gender": "n"
    },
    {
      "name": "Aevarnilor",
      "gender": "n"
    },
    {
      "name": "Ambarindor",
      "gender": "n"
    },
    {
      "name": "Tharanimbril",
      "gender": "n"
    },
    {
      "name": "Quiranthoril",
      "gender": "n"
    },
    {
      "name": "Calenmorthil",
      "gender": "n"
    },
    {
      "name": "Elenvarin",
      "gender": "n"
    },
    {
      "name": "Faenndril",
      "gender": "n"
    },
    {
      "name": "Vanyamoril",
      "gender": "n"
    },
    {
      "name": "Ithilrandor",
      "gender": "n"
    },
    {
      "name": "Lorimboril",
      "gender": "n"
    },
    {
      "name": "Syltharoth",
      "gender": "n"
    },
    {
      "name": "Quennorithil",
      "gender": "n"
    },
    {
      "name": "Ambrinvaris",
      "gender": "n"
    },
    {
      "name": "Faelorandir",
      "gender": "n"
    },
    {
      "name": "Caelombrath",
      "gender": "n"
    },
    {
      "name": "Aelindorel",
      "gender": "n"
    },
    {
      "name": "Ithilbrathor",
      "gender": "n"
    },
    {
      "name": "Tharanorim",
      "gender": "n"
    },
    {
      "name": "Vanyimril",
      "gender": "n"
    },
    {
      "name": "Elenmorath",
      "gender": "n"
    },
    {
      "name": "Faevindor",
      "gender": "n"
    },
    {
      "name": "Quenndrelis",
      "gender": "n"
    },
    {
      "name": "Calenmirath",
      "gender": "n"
    },
    {
      "name": "Lorathenor",
      "gender": "n"
    },
    {
      "name": "Aelranthil",
      "gender": "n"
    },
    {
      "name": "Ithilvornor",
      "gender": "n"
    },
    {
      "name": "Thandrimbor",
      "gender": "n"
    },
    {
      "name": "Sylvaranor",
      "gender": "n"
    },
    {
      "name": "Faelirandor",
      "gender": "n"
    },
    {
      "name": "Orivandel",
      "gender": "n"
    },
    {
      "name": "Vanythilmar",
      "gender": "n"
    },
    {
      "name": "Quirandros",
      "gender": "n"
    },
    {
      "name": "Lorimtharil",
      "gender": "n"
    },
    {
      "name": "Calenorath",
      "gender": "n"
    },
    {
      "name": "Elenbranor",
      "gender": "n"
    },
    {
      "name": "Faenmoril",
      "gender": "n"
    },
    {
      "name": "Ithilvarden",
      "gender": "n"
    },
    {
      "name": "Thalrandor",
      "gender": "n"
    },
    {
      "name": "Ambravethil",
      "gender": "n"
    },
    {
      "name": "Quennivorath",
      "gender": "n"
    },
    {
      "name": "Aelthorindor",
      "gender": "n"
    },
    {
      "name": "Sylmandril",
      "gender": "n"
    },
    {
      "name": "Vanyindorath",
      "gender": "n"
    },
    {
      "name": "Calirandel",
      "gender": "n"
    },
    {
      "name": "Lorimandor",
      "gender": "n"
    },
    {
      "name": "Faenndoril",
      "gender": "n"
    },
    {
      "name": "Ithiltheron",
      "gender": "n"
    },
    {
      "name": "Quirnavandor",
      "gender": "n"
    },
    {
      "name": "Elenyathil",
      "gender": "n"
    },
    {
      "name": "Tharindoril",
      "gender": "n"
    },
    {
      "name": "Vanytharion",
      "gender": "n"
    },
    {
      "name": "Aelmirathor",
      "gender": "n"
    },
    {
      "name": "Faenndrimor",
      "gender": "n"
    },
    {
      "name": "Lorathvaril",
      "gender": "n"
    },
    {
      "name": "Ithilmorathil",
      "gender": "n"
    },
    {
      "name": "Quennarion",
      "gender": "n"
    },
    {
      "name": "Calimbrethor",
      "gender": "n"
    },
    {
      "name": "Tharilvornor",
      "gender": "n"
    },
    {
      "name": "Faenrivorath",
      "gender": "n"
    },
    {
      "name": "Elenmirindor",
      "gender": "n"
    },
    {
      "name": "Vanyimbrathil",
      "gender": "n"
    },
    {
      "name": "Sylthorandor",
      "gender": "n"
    },
    {
      "name": "Quirnathil",
      "gender": "n"
    },
    {
      "name": "Aelvarimbor",
      "gender": "n"
    },
    {
      "name": "Ithilthandor",
      "gender": "n"
    },
    {
      "name": "Faelorindil",
      "gender": "n"
    },
    {
      "name": "Calenvaril",
      "gender": "n"
    },
    {
      "name": "Lorimandril",
      "gender": "n"
    },
    {
      "name": "Elenbrathor",
      "gender": "n"
    },
    {
      "name": "Vanyindoril",
      "gender": "n"
    },
    {
      "name": "Thandrelmor",
      "gender": "n"
    },
        {
      "name": "Quenasilion",
      "gender": "n"
    },
    {
      "name": "Thandmirilion",
      "gender": "n"
    },
    {
      "name": "Aeethandil",
      "gender": "n"
    },
    {
      "name": "Yavdelanir",
      "gender": "n"
    },
    {
      "name": "Olorranarilion",
      "gender": "n"
    },
    {
      "name": "Vanyhalimor",
      "gender": "n"
    },
    {
      "name": "Valdarandir",
      "gender": "n"
    },
    {
      "name": "Erydrilnor",
      "gender": "n"
    },
    {
      "name": "Thandbelhalarion",
      "gender": "n"
    },
    {
      "name": "Aradarithil",
      "gender": "n"
    },
    {
      "name": "Erywenilion",
      "gender": "n"
    },
    {
      "name": "Calwenaris",
      "gender": "n"
    },
    {
      "name": "Valasoril",
      "gender": "n"
    },
    {
      "name": "Teluthillasoroth",
      "gender": "n"
    },
    {
      "name": "Taurarilion",
      "gender": "n"
    },
    {
      "name": "Ulthlasoril",
      "gender": "n"
    },
    {
      "name": "Melanthileth",
      "gender": "n"
    },
    {
      "name": "Vanarion",
      "gender": "n"
    },
    {
      "name": "Vanyranandil",
      "gender": "n"
    },
    {
      "name": "Vanyarithil",
      "gender": "n"
    },
    {
      "name": "Quirdariel",
      "gender": "n"
    },
    {
      "name": "Myrrvelranoriel",
      "gender": "n"
    },
    {
      "name": "Myrrvarvelielor",
      "gender": "n"
    },
    {
      "name": "Teluanmirorin",
      "gender": "n"
    },
    {
      "name": "Galadcorilion",
      "gender": "n"
    },
    {
      "name": "Vanbelarion",
      "gender": "n"
    },
    {
      "name": "Aenardor",
      "gender": "n"
    },
    {
      "name": "Erybelandil",
      "gender": "n"
    },
    {
      "name": "Elionorion",
      "gender": "n"
    },
    {
      "name": "Ellasvarimor",
      "gender": "n"
    },
    {
      "name": "Ithilveloriel",
      "gender": "n"
    },
    {
      "name": "Thalveloriel",
      "gender": "n"
    },
    {
      "name": "Thalanandir",
      "gender": "n"
    },
    {
      "name": "Faelveldararion",
      "gender": "n"
    },
    {
      "name": "Ithilethanor",
      "gender": "n"
    },
    {
      "name": "Vanelandir",
      "gender": "n"
    },
    {
      "name": "Moreththilath",
      "gender": "n"
    },
    {
      "name": "Elhalandor",
      "gender": "n"
    },
    {
      "name": "Lómëvarvaror",
      "gender": "n"
    },
    {
      "name": "Olornorion",
      "gender": "n"
    },
    {
      "name": "Erywenandir",
      "gender": "n"
    },
    {
      "name": "Yavhalandir",
      "gender": "n"
    },
    {
      "name": "Vanbelimor",
      "gender": "n"
    },
    {
      "name": "Faelasanor",
      "gender": "n"
    },
    {
      "name": "Maerdororion",
      "gender": "n"
    },
    {
      "name": "Thandlasaris",
      "gender": "n"
    },
    {
      "name": "Yavmiror",
      "gender": "n"
    },
    {
      "name": "Maerdarvaris",
      "gender": "n"
    },
    {
      "name": "Galadrelandor",
      "gender": "n"
    },
    {
      "name": "Ithilelimor",
      "gender": "n"
    },
    {
      "name": "Quenethandor",
      "gender": "n"
    },
    {
      "name": "Nymbordeldor",
      "gender": "n"
    },
    {
      "name": "Araranorin",
      "gender": "n"
    },
    {
      "name": "Aracororoth",
      "gender": "n"
    },
    {
      "name": "Morasath",
      "gender": "n"
    },
    {
      "name": "Celenaranor",
      "gender": "n"
    },
    {
      "name": "Calnornororoth",
      "gender": "n"
    },
    {
      "name": "Quenioniel",
      "gender": "n"
    },
    {
      "name": "Galadhalandil",
      "gender": "n"
    },
    {
      "name": "Quenvarbororiel",
      "gender": "n"
    },
    {
      "name": "Taurelorion",
      "gender": "n"
    },
    {
      "name": "Aedarielor",
      "gender": "n"
    },
    {
      "name": "Quenethir",
      "gender": "n"
    },
    {
      "name": "Elenbelielor",
      "gender": "n"
    },
    {
      "name": "Ithilvelmirorath",
      "gender": "n"
    },
    {
      "name": "Olorelath",
      "gender": "n"
    },
    {
      "name": "Aedarorath",
      "gender": "n"
    },
    {
      "name": "Nymmiroroth",
      "gender": "n"
    },
    {
      "name": "Sylbelion",
      "gender": "n"
    },
    {
      "name": "Celewennor",
      "gender": "n"
    },
    {
      "name": "Aelaniel",
      "gender": "n"
    },
    {
      "name": "Ithilthilorion",
      "gender": "n"
    },
    {
      "name": "Elasnor",
      "gender": "n"
    },
    {
      "name": "Eryborilion",
      "gender": "n"
    },
    {
      "name": "Morrelvarilion",
      "gender": "n"
    },
    {
      "name": "Yavnororil",
      "gender": "n"
    },
    {
      "name": "Maerwenranoriel",
      "gender": "n"
    },
    {
      "name": "Syllasoroth",
      "gender": "n"
    },
    {
      "name": "Vanyvariel",
      "gender": "n"
    },
    {
      "name": "Elnarorin",
      "gender": "n"
    },
    {
      "name": "Elenthilor",
      "gender": "n"
    },
    {
      "name": "Loranoroth",
      "gender": "n"
    },
    {
      "name": "Faelandararis",
      "gender": "n"
    },
    {
      "name": "Aerililion",
      "gender": "n"
    },
    {
      "name": "Morwenorion",
      "gender": "n"
    },
    {
      "name": "Eryrelarandil",
      "gender": "n"
    },
    {
      "name": "Morrelithil",
      "gender": "n"
    },
    {
      "name": "Vanynorranandil",
      "gender": "n"
    },
    {
      "name": "Olordordor",
      "gender": "n"
    },
    {
      "name": "Elwenorath",
      "gender": "n"
    },
    {
      "name": "Nymnarranandir",
      "gender": "n"
    },
    {
      "name": "Aelcorielor",
      "gender": "n"
    },
    {
      "name": "Syldrilithil",
      "gender": "n"
    },
    {
      "name": "Myrrthiloriel",
      "gender": "n"
    },
    {
      "name": "Sylrodanor",
      "gender": "n"
    },
    {
      "name": "Syllasaris",
      "gender": "n"
    },
    {
      "name": "Olorborir",
      "gender": "n"
    },
    {
      "name": "Thandrodoroth",
      "gender": "n"
    },
    {
      "name": "Quirelielor",
      "gender": "n"
    },
    {
      "name": "Lorionandor",
      "gender": "n"
    },
    {
      "name": "Morrelor",
      "gender": "n"
    },
    {
      "name": "Teluvelimor",
      "gender": "n"
    },
    {
      "name": "Caldrilithil",
      "gender": "n"
    },
    {
      "name": "Maercoriel",
      "gender": "n"
    },
    {
      "name": "Taurquilandor",
      "gender": "n"
    },
    {
      "name": "Ulththililion",
      "gender": "n"
    },
    {
      "name": "Maermirvaris",
      "gender": "n"
    },
    {
      "name": "Quirasandil",
      "gender": "n"
    },
    {
      "name": "Thandmirnor",
      "gender": "n"
    },
    {
      "name": "Quenelvaroril",
      "gender": "n"
    },
    {
      "name": "Elendrileth",
      "gender": "n"
    },
    {
      "name": "Vanlasorion",
      "gender": "n"
    },
    {
      "name": "Quenmirielor",
      "gender": "n"
    },
    {
      "name": "Galadnorandil",
      "gender": "n"
    },
    {
      "name": "Vanrilvaris",
      "gender": "n"
    },
    {
      "name": "Taureldor",
      "gender": "n"
    },
    {
      "name": "Elmirdor",
      "gender": "n"
    },
    {
      "name": "Mordrilvaris",
      "gender": "n"
    },
    {
      "name": "Nymmirielor",
      "gender": "n"
    },
    {
      "name": "Aramireleth",
      "gender": "n"
    },
    {
      "name": "Calgalorin",
      "gender": "n"
    },
    {
      "name": "Vanhaloroth",
      "gender": "n"
    },
    {
      "name": "Faeldelborithil",
      "gender": "n"
    },
    {
      "name": "Aradaranor",
      "gender": "n"
    },
    {
      "name": "Nymranorin",
      "gender": "n"
    },
    {
      "name": "Celelasithil",
      "gender": "n"
    },
    {
      "name": "Eryrelielor",
      "gender": "n"
    },
    {
      "name": "Faelionvaror",
      "gender": "n"
    },
    {
      "name": "Sylnorath",
      "gender": "n"
    },
    {
      "name": "Thaldrilorion",
      "gender": "n"
    },
    {
      "name": "Araborithil",
      "gender": "n"
    },
    {
      "name": "Valrelorion",
      "gender": "n"
    },
    {
      "name": "Taurdelasimor",
      "gender": "n"
    },
    {
      "name": "Sylbordaranor",
      "gender": "n"
    },
    {
      "name": "Aelwenarion",
      "gender": "n"
    },
    {
      "name": "Myrrlasranarion",
      "gender": "n"
    },
    {
      "name": "Maerbelilion",
      "gender": "n"
    },
    {
      "name": "Elenbelorath",
      "gender": "n"
    },
    {
      "name": "Galadelielor",
      "gender": "n"
    },
    {
      "name": "Maerreleth",
      "gender": "n"
    },
    {
      "name": "Taurdarilion",
      "gender": "n"
    },
    {
      "name": "Meldeleth",
      "gender": "n"
    },
    {
      "name": "Myrrnararion",
      "gender": "n"
    },
    {
      "name": "Quirvardor",
      "gender": "n"
    },
    {
      "name": "Taurionlasandor",
      "gender": "n"
    },
    {
      "name": "Olorlasiel",
      "gender": "n"
    },
    {
      "name": "Elendardriliel",
      "gender": "n"
    },
    {
      "name": "Myrrionimor",
      "gender": "n"
    },
    {
      "name": "Sylnorion",
      "gender": "n"
    },
    {
      "name": "Yavmirath",
      "gender": "n"
    },
    {
      "name": "Eryionath",
      "gender": "n"
    },
    {
      "name": "Faelnorithil",
      "gender": "n"
    },
    {
      "name": "Olorrilorin",
      "gender": "n"
    },
    {
      "name": "Vanydelorin",
      "gender": "n"
    },
    {
      "name": "Maerhalandor",
      "gender": "n"
    },
    {
      "name": "Melhaliel",
      "gender": "n"
    },
    {
      "name": "Olorlasorion",
      "gender": "n"
    },
    {
      "name": "Aequiliel",
      "gender": "n"
    },
    {
      "name": "Eryweniel",
      "gender": "n"
    },
    {
      "name": "Thalnorimor",
      "gender": "n"
    },
    {
      "name": "Elelanorin",
      "gender": "n"
    },
    {
      "name": "Ithilanimor",
      "gender": "n"
    },
    {
      "name": "Taurionorion",
      "gender": "n"
    },
    {
      "name": "Taurbeloroth",
      "gender": "n"
    },
    {
      "name": "Elquilor",
      "gender": "n"
    },
    {
      "name": "Ulthraneth",
      "gender": "n"
    },
    {
      "name": "Vanyquildor",
      "gender": "n"
    },
    {
      "name": "Taurrelath",
      "gender": "n"
    },
    {
      "name": "Morranvaris",
      "gender": "n"
    },
    {
      "name": "Myrrdeleth",
      "gender": "n"
    },
    {
      "name": "Melionion",
      "gender": "n"
    },
    {
      "name": "Erynardrilath",
      "gender": "n"
    },
    {
      "name": "Teludelrodandir",
      "gender": "n"
    },
    {
      "name": "Olorquilrelorath",
      "gender": "n"
    },
    {
      "name": "Vangalath",
      "gender": "n"
    },
    {
      "name": "Telulasrilath",
      "gender": "n"
    },
    {
      "name": "Ulthgaloriel",
      "gender": "n"
    },
    {
      "name": "Thalbeloriel",
      "gender": "n"
    },
    {
      "name": "Quenbelvelvaris",
      "gender": "n"
    },
    {
      "name": "Vanyborandir",
      "gender": "n"
    },
    {
      "name": "Celearrodorath",
      "gender": "n"
    },
    {
      "name": "Thandcorath",
      "gender": "n"
    },
    {
      "name": "Taurrodandil",
      "gender": "n"
    },
    {
      "name": "Thandbelielor",
      "gender": "n"
    },
    {
      "name": "Taurrelir",
      "gender": "n"
    },
    {
      "name": "Oloraranor",
      "gender": "n"
    },
    {
      "name": "Queneldor",
      "gender": "n"
    },
    {
      "name": "Teluhalor",
      "gender": "n"
    },
    {
      "name": "Oloranorin",
      "gender": "n"
    },
    {
      "name": "Thandwenimor",
      "gender": "n"
    },
    {
      "name": "Aelethoroth",
      "gender": "n"
    },
    {
      "name": "Faellasrilithil",
      "gender": "n"
    },
    {
      "name": "Vanyarir",
      "gender": "n"
    },
    {
      "name": "Nymasilion",
      "gender": "n"
    },
    {
      "name": "Erylasnor",
      "gender": "n"
    },
    {
      "name": "Nymethvarandil",
      "gender": "n"
    },
    {
      "name": "Celearath",
      "gender": "n"
    },
    {
      "name": "Erydelion",
      "gender": "n"
    },
    {
      "name": "Celerodvaris",
      "gender": "n"
    },
    {
      "name": "Aemirath",
      "gender": "n"
    },
    {
      "name": "Sylrellasarion",
      "gender": "n"
    },
    {
      "name": "Teluarorath",
      "gender": "n"
    },
    {
      "name": "Melreleth",
      "gender": "n"
    },
    {
      "name": "Meldoreth",
      "gender": "n"
    },
    {
      "name": "Telugalaris",
      "gender": "n"
    },
    {
      "name": "Quennorion",
      "gender": "n"
    },
    {
      "name": "Elendrilandor",
      "gender": "n"
    },
    {
      "name": "Thandgalanor",
      "gender": "n"
    },
    {
      "name": "Melmirimor",
      "gender": "n"
    },
    {
      "name": "Teluvarorion",
      "gender": "n"
    },
    {
      "name": "Vanyranmirithil",
      "gender": "n"
    },
    {
      "name": "Telumirvaris",
      "gender": "n"
    },
    {
      "name": "Maerethor",
      "gender": "n"
    },
    {
      "name": "Calnardor",
      "gender": "n"
    },
    {
      "name": "Elnororoth",
      "gender": "n"
    },
    {
      "name": "Lorlasielor",
      "gender": "n"
    },
    {
      "name": "Lómëlasielor",
      "gender": "n"
    },
    {
      "name": "Quendorandir",
      "gender": "n"
    },
    {
      "name": "Aedornor",
      "gender": "n"
    },
    {
      "name": "Taurrelilion",
      "gender": "n"
    },
    {
      "name": "Erylasoroth",
      "gender": "n"
    },
    {
      "name": "Quirbeleth",
      "gender": "n"
    },
    {
      "name": "Aragalnaranor",
      "gender": "n"
    },
    {
      "name": "Morbelielor",
      "gender": "n"
    },
    {
      "name": "Mornoranor",
      "gender": "n"
    },
    {
      "name": "Teludorir",
      "gender": "n"
    },
    {
      "name": "Celevarion",
      "gender": "n"
    },
    {
      "name": "Thandborath",
      "gender": "n"
    },
    {
      "name": "Lornorir",
      "gender": "n"
    },
    {
      "name": "Erynarandil",
      "gender": "n"
    },
    {
      "name": "Yavborquilielor",
      "gender": "n"
    },
    {
      "name": "Elnarvaris",
      "gender": "n"
    },
    {
      "name": "Taurionithil",
      "gender": "n"
    },
    {
      "name": "Ithilborvelarion",
      "gender": "n"
    },
    {
      "name": "Araelrilorion",
      "gender": "n"
    },
    {
      "name": "Maerdrilimor",
      "gender": "n"
    },
    {
      "name": "Lordarasir",
      "gender": "n"
    },
    {
      "name": "Ithilborandir",
      "gender": "n"
    },
    {
      "name": "Eryionandor",
      "gender": "n"
    },
    {
      "name": "Galadbornor",
      "gender": "n"
    },
    {
      "name": "Morlasarion",
      "gender": "n"
    },
    {
      "name": "Sylmirorath",
      "gender": "n"
    },
    {
      "name": "Elrilorion",
      "gender": "n"
    },
    {
      "name": "Melarielor",
      "gender": "n"
    },
    {
      "name": "Myrreliel",
      "gender": "n"
    },
    {
      "name": "Aereloroth",
      "gender": "n"
    },
    {
      "name": "Ararodandor",
      "gender": "n"
    },
    {
      "name": "Valdorielor",
      "gender": "n"
    },
    {
      "name": "Yavgalorion",
      "gender": "n"
    },
    {
      "name": "Thandhalion",
      "gender": "n"
    },
    {
      "name": "Thanddardorielor",
      "gender": "n"
    },
    {
      "name": "Quirnarion",
      "gender": "n"
    },
    {
      "name": "Arahalir",
      "gender": "n"
    },
    {
      "name": "Eryhalandir",
      "gender": "n"
    },
    {
      "name": "Vanydrilaris",
      "gender": "n"
    },
    {
      "name": "Teludrililion",
      "gender": "n"
    },
    {
      "name": "Thandnorlasielor",
      "gender": "n"
    },
    {
      "name": "Lorvelnor",
      "gender": "n"
    },
    {
      "name": "Sylarir",
      "gender": "n"
    },
    {
      "name": "Caldorvelorin",
      "gender": "n"
    },
    {
      "name": "Thandbororoth",
      "gender": "n"
    },
    {
      "name": "Galadborandil",
      "gender": "n"
    },
    {
      "name": "Caldriloril",
      "gender": "n"
    },
    {
      "name": "Myrrarandor",
      "gender": "n"
    },
    {
      "name": "Vanydororoth",
      "gender": "n"
    },
    {
      "name": "Yavthilandor",
      "gender": "n"
    },
    {
      "name": "Eleleth",
      "gender": "n"
    },
    {
      "name": "Thalmirath",
      "gender": "n"
    },
    {
      "name": "Eryvaroriel",
      "gender": "n"
    },
    {
      "name": "Ithileldor",
      "gender": "n"
    },
    {
      "name": "Erydarnor",
      "gender": "n"
    },
    {
      "name": "Quenethvaris",
      "gender": "n"
    },
    {
      "name": "Elenlasiel",
      "gender": "n"
    },
    {
      "name": "Lómënarithil",
      "gender": "n"
    },
    {
      "name": "Mellaseth",
      "gender": "n"
    },
    {
      "name": "Yavveloroth",
      "gender": "n"
    },
    {
      "name": "Myrrbelvaris",
      "gender": "n"
    },
    {
      "name": "Aelionoril",
      "gender": "n"
    },
    {
      "name": "Lómëhalandir",
      "gender": "n"
    },
    {
      "name": "Telurelorion",
      "gender": "n"
    },
    {
      "name": "Melnororil",
      "gender": "n"
    },
    {
      "name": "Eryelvaris",
      "gender": "n"
    },
    {
      "name": "Erymirorath",
      "gender": "n"
    },
    {
      "name": "Nymnarithil",
      "gender": "n"
    },
    {
      "name": "Teludelwenion",
      "gender": "n"
    },
    {
      "name": "Morthilaris",
      "gender": "n"
    },
    {
      "name": "Elenmirandor",
      "gender": "n"
    },
    {
      "name": "Aelcorir",
      "gender": "n"
    },
    {
      "name": "Vanythilorath",
      "gender": "n"
    },
    {
      "name": "Syldorandor",
      "gender": "n"
    },
    {
      "name": "Thandarquilandor",
      "gender": "n"
    },
    {
      "name": "Lómënaror",
      "gender": "n"
    },
    {
      "name": "Calbelvelnor",
      "gender": "n"
    },
    {
      "name": "Taurlasir",
      "gender": "n"
    },
    {
      "name": "Ithilwendorimor",
      "gender": "n"
    },
    {
      "name": "Elenasranielor",
      "gender": "n"
    },
    {
      "name": "Loraranor",
      "gender": "n"
    },
    {
      "name": "Nymgaldrilir",
      "gender": "n"
    },
    {
      "name": "Melionranimor",
      "gender": "n"
    },
    {
      "name": "Vallasgalilion",
      "gender": "n"
    }
  ]
}