{
  "authors": [
    {
      "name": "munichjake",
      "email": "munichjake@dnd-session.de",
      "url": "https://dnd-session.de",
      "github": "https://github.com/munichjake"
    }
  ],
  "description": "Deutsche männliche Halblinge-Vornamen",
  "version": "1.0.0",
  "names": [
    "Timomut",
    "Theowald",
    "Theoinu",
    "Hugorud",
    "Casbald",
    "Xanwin",
    "Edirichu",
    "Belmut",
    "Ulfulf",
    "Alot",
    "Regare",
    "Cashold",
    "Edibald",
    "Arnofried",
    "Willbald",
    "Hugomir",
    "Kashold",
    "Samrich",
    "Regrad",
    "Edirud",
    "Caser",
    "Timorad",
    "Xanera",
    "Belhelm",
    "Arnohold",
    "Benfriedi",
    "Casrad",
    "Ulfrich",
    "Samfriedeli",
    "Rudimundo",
    "Morhelm",
    "Kasar",
    "Bernmar",
    "Poldfriedel",
    "Theomuta",
    "Almar",
    "Casmir",
    "Morar",
    "Philmar",
    "Xanbald",
    "Olorich",
    "Regmut",
    "Ottoel",
    "Hober",
    "Ulfbalda",
    "Jonino",
    "Caslinu",
    "Arnoriche",
    "Morulf",
    "Morharto",
    "Bernbert",
    "Ferdbald",
    "Willwin",
    "Reger",
    "Casulf",
    "Zimhelm",
    "Arnofriedeli",
    "Edilin",
    "Edihold",
    "Morbaldo",
    "Hugoulf",
    "Theoel",
    "Kaswald",
    "Dorbald",
    "Norfriedela",
    "Yorwin",
    "Zimbald",
    "Hugohelm",
    "Bernmunde",
    "Ottobert",
    "Oloo",
    "Gerin",
    "Timolina",
    "Regradi",
    "Ottomunde",
    "Ottomir",
    "Ferdwalda",
    "Benmir",
    "Theoar",
    "Regmar",
    "Arnobert",
    "Phillin",
    "Morer",
    "Benulf",
    "Germunda",
    "Bernbald",
    "Olobald",
    "Dorare",
    "Germund",
    "Regbert",
    "Rudio",
    "Rudiwin",
    "Alin",
    "Rudirad",
    "Willmund",
    "Regot",
    "Willele",
    "Ottomaro",
    "Willar",
    "Philulf",
    "Poldar",
    "Rudimund",
    "Willbert",
    "Rudibert",
    "Olomut",
    "Ulfar",
    "Gerwald",
    "Jonricke",
    "Bernina",
    "Dormut",
    "Theofriedel",
    "Normir",
    "Olohart",
    "Timoolf",
    "Hugorade",
    "Regel",
    "Xanmuta",
    "Reghart",
    "Jono",
    "Jonhart",
    "Regar",
    "Hobel",
    "Lammund",
    "Reghelmo",
    "Theoari",
    "Rudibalde",
    "Xanulf",
    "Gerrichi",
    "Olomuto",
    "Gerhelm",
    "Lamrick",
    "Jonwin",
    "Rudiulf",
    "Zimolf",
    "Alwald",
    "Theomut",
    "Arnohart",
    "Ottowini",
    "Ottowin",
    "Gerrud",
    "Lamhart",
    "Hobmut",
    "Ottomund",
    "Zimmund",
    "Jonhelm",
    "Zimrada",
    "Gerhelmo",
    "Belar",
    "Jonfried",
    "Norwald",
    "Berno",
    "Rudiwalde",
    "Zimel",
    "Rudiolf",
    "Jonbald",
    "Timofriedel",
    "Ottoulf",
    "Belelo",
    "Bernhelm",
    "Ulfot",
    "Norfriedel",
    "Ferdrud",
    "Ulfou",
    "Hobhelma",
    "Oloholdu",
    "Zimfried",
    "Alhelmi",
    "Philwin",
    "Dorwald",
    "Jonmuto",
    "Ferdbert",
    "Samhold",
    "Lamrad",
    "Ferdin",
    "Germir",
    "Casrick",
    "Benhold",
    "Olohelme",
    "Bernbalde",
    "Samhelm",
    "Samar",
    "Lamwin",
    "Belot",
    "Arnoer",
    "Ulfel",
    "Hobwino",
    "Ferdfriedel",
    "Morbald",
    "Lambald",
    "Gerare",
    "Dorhold",
    "Bellinu",
    "Benel",
    "Hugofriedel",
    "Yorhart",
    "Ololin",
    "Rudiar",
    "Almir",
    "Theobald",
    "Xanel",
    "Olofriedel",
    "Rudibald",
    "Timohold",
    "Poldo",
    "Alrick",
    "Yorin",
    "Rudihold",
    "Ediel",
    "Mormut",
    "Norar",
    "Theohelm",
    "Hobfriedel",
    "Ulffried",
    "Dorrich",
    "Albald",
    "Rudiin",
    "Yorhelme",
    "Timooa",
    "Yorer",
    "Philolf",
    "Hobbertin",
    "Ferdolfo",
    "Ulfmund",
    "Samel",
    "Benfriedel",
    "Oloar",
    "Philwina",
    "Dormar",
    "Yorulfu",
    "Kasbertin",
    "Bernwald",
    "Gerlin",
    "Alfriedel",
    "Ottoin",
    "Hugoolf",
    "Philot",
    "Ediin",
    "Bellin",
    "Ferdhold",
    "Hobbertina",
    "Morricki",
    "Jonrick",
    "Philmuti",
    "Ulfele",
    "Hugobertin",
    "Lamhelm",
    "Ottofried",
    "Ediot",
    "Alo",
    "Yorrick",
    "Lamer",
    "Regrich",
    "Rudirick",
    "Ulfero",
    "Hugolin",
    "Alolf",
    "Belfriedel",
    "Bernfriedi",
    "Ulfrad",
    "Ferdlin",
    "Theolin",
    "Xanot",
    "Morot",
    "Rudiwald",
    "Edio",
    "Arnorud",
    "Edirad",
    "Dormund",
    "Jonmir",
    "Ediolfa",
    "Poldmar",
    "Regrick",
    "Yorruda",
    "Olobertin",
    "Rudiero",
    "Rudifriedel",
    "Benbald",
    "Ottofriedel",
    "Edimir",
    "Casolf",
    "Ferdbertin",
    "Jonbert",
    "Hugobald",
    "Edifried",
    "Yorot",
    "Gerrich",
    "Theorich",
    "Olowald",
    "Lamin",
    "Polder",
    "Regharta",
    "Ediwald",
    "Poldrich",
    "Edifriedel",
    "Bernrad",
    "Edihart",
    "Samfried",
    "Samolfi",
    "Ulffriedel",
    "Arnowald",
    "Rudiholdi",
    "Philel",
    "Belmar",
    "Ferdmir",
    "Philolfi",
    "Gerrudo",
    "Hobinu",
    "Beler",
    "Norbert",
    "Hobrick",
    "Lambalda",
    "Xanhold",
    "Benrad",
    "Gerrad",
    "Ulfolf",
    "Ottobald",
    "Benwin",
    "Hobolf",
    "Zimrud",
    "Kasfried",
    "Kaser",
    "Kasholde",
    "Poldrud",
    "Oloel",
    "Rudihelm",
    "Arnolin",
    "Ulfbald",
    "Regmir",
    "Timobald",
    "Theomir",
    "Samwin",
    "Yorbald",
    "Bernlin",
    "Belmir",
    "Ulflin",
    "Hobhart",
    "Edier",
    "Belmund",
    "Ottoo",
    "Benfried",
    "Hobmund",
    "Belbald",
    "Caslin",
    "Benmund",
    "Reghold",
    "Lamel",
    "Yormir",
    "Casbertu",
    "Poldhelme",
    "Oloolf",
    "Norin",
    "Poldolf",
    "Oloer",
    "Kasolf",
    "Ferdwald",
    "Lambertin",
    "Albertin",
    "Jonare",
    "Yorrad",
    "Arnoo",
    "Willholda",
    "Philhartu",
    "Xanfriedelu",
    "Ulfhart",
    "Timobert",
    "Albert",
    "Benrich",
    "Gerfriedel",
    "Arnoel",
    "Lamhold",
    "Regmund",
    "Ferdwaldo",
    "Alara",
    "Xanwalda",
    "Xanin",
    "Theorud",
    "Jonrud",
    "Kasrick",
    "Arnomir",
    "Ottoot",
    "Arnobalde",
    "Poldrude",
    "Ottolin",
    "Rudirud",
    "Joner",
    "Philolfa",
    "Aler",
    "Samwine",
    "Hobrichi",
    "Ferdrick",
    "Poldrad",
    "Hobmir",
    "Xaner",
    "Regin",
    "Hugobertine",
    "Ulfin",
    "Zimhold",
    "Samlin",
    "Belrad",
    "Ediar",
    "Kasot",
    "Ottoharte",
    "Casera",
    "Benwald",
    "Mormir",
    "Hobrud",
    "Timorick",
    "Xanolfi",
    "Belo",
    "Xanrich",
    "Ottolina",
    "Bellina",
    "Arnobertin",
    "Theorick",
    "Xanolf",
    "Bernbertin",
    "Willrud",
    "Rego",
    "Norlin",
    "Timobertin",
    "Morara",
    "Samulf",
    "Yormar",
    "Kasaro",
    "Regwin",
    "Gerulf",
    "Olorud",
    "Zimrick",
    "Casrud",
    "Timoulf",
    "Sambertin",
    "Olowalde",
    "Mormiru",
    "Morbertin",
    "Doroto",
    "Theomar",
    "Dorrad",
    "Kashelm",
    "Doro",
    "Poldmund",
    "Ferdulfu",
    "Philelu",
    "Hugoo",
    "Dorfriedel",
    "Hobulf",
    "Ulfhold",
    "Arnorad",
    "Hugomar",
    "Kasulf",
    "Ferdmundu",
    "Timorich",
    "Timohelm",
    "Zimo",
    "Casino",
    "Hugohart",
    "Timomund",
    "Olomund",
    "Regbald",
    "Morlin",
    "Zimlini",
    "Bernwin",
    "Alrud",
    "Yorrud",
    "Phillina",
    "Ferdmar",
    "Yorfriedel",
    "Willmir",
    "Jonline",
    "Philhelm",
    "Ottorich",
    "Rudibertine",
    "Gerolf",
    "Xanhart",
    "Kasbert",
    "Dorhelm",
    "Willot",
    "Philhold",
    "Rudifried",
    "Poldel",
    "Belulf",
    "Poldbert",
    "Ulfmut",
    "Samrick",
    "Willbertin",
    "Arnorick",
    "Theoholdu",
    "Timorud",
    "Edirich",
    "Norhelm",
    "Arnomund",
    "Morfried",
    "Bernot",
    "Willulf",
    "Philrick",
    "Bernberti",
    "Jonot",
    "Xanrud",
    "Germar",
    "Casfriedu",
    "Morrud",
    "Hobin",
    "Edirick",
    "Lammar",
    "Theobertin",
    "Mormar",
    "Dorbertin",
    "Timoo",
    "Sammund",
    "Arnoolf",
    "Theohart",
    "Norulf",
    "Samhart",
    "Xanfriedelo",
    "Lambertina",
    "Morolfe",
    "Willmar",
    "Rudimar",
    "Dorar",
    "Benhart",
    "Willel",
    "Ottowald",
    "Timoholde",
    "Samfriedel",
    "Poldhelm",
    "Benmut",
    "Theoer",
    "Morrick",
    "Gerfried",
    "Dorwin",
    "Bernolf",
    "Timohart",
    "Alhelm",
    "Arnobertine",
    "Sammar",
    "Bernfriedel",
    "Hobmar",
    "Oloot",
    "Lamricku",
    "Oloin",
    "Alhart",
    "Kashelmu",
    "Ediulf",
    "Hugorich",
    "Ferder",
    "Ulfwin",
    "Hobrad",
    "Regulf",
    "Olohelm",
    "Hoblin",
    "Dorrud",
    "Zimmar",
    "Gerbald",
    "Gerhold",
    "Poldbertin",
    "Ferdar",
    "Samrudo",
    "Hobwald",
    "Kasmund",
    "Edibertin",
    "Poldmut",
    "Theorad",
    "Ediwin",
    "Rudirude",
    "Willhelm",
    "Moreli",
    "Ediolf",
    "Jonbertini",
    "Philmir",
    "Sambald",
    "Ferdhart",
    "Yorfried",
    "Willhart",
    "Timoar",
    "Gerricho",
    "Casmiri",
    "Belwin",
    "Edibert",
    "Lamlin",
    "Bernar",
    "Zimrich",
    "Yorulf",
    "Arnoar",
    "Jonfriedu",
    "Casmar",
    "Gerel",
    "Poldulf",
    "Lammuta",
    "Hobhold",
    "Casin",
    "Yorar",
    "Dormira",
    "Willwinu",
    "Kasfriedel",
    "Ottoele",
    "Poldwald",
    "Willrudo",
    "Philfried",
    "Hugoot",
    "Reglin",
    "Kaslin",
    "Belfried",
    "Timoolfa",
    "Poldfried",
    "Poldwin",
    "Ottomut",
    "Xano",
    "Philbald",
    "Rudimaru",
    "Caswald",
    "Morhold",
    "Kaswin",
    "Poldin",
    "Zimbaldo",
    "Bernrick",
    "Benbert",
    "Philar",
    "Benar",
    "Zimbert",
    "Philhart",
    "Jonmut",
    "Willolf",
    "Kasbald",
    "Zimera",
    "Ferdbaldo",
    "Ulfrud",
    "Edihelm",
    "Zimfriedel",
    "Dorfried",
    "Bernhold",
    "Rudier",
    "Zimradu",
    "Hobhelm",
    "Allin",
    "Regwine",
    "Willfried",
    "Lamo",
    "Benolf",
    "Yorwald",
    "Bener",
    "Belolf",
    "Zimulf",
    "Arnowin",
    "Moro",
    "Yorbertin",
    "Jonar",
    "Norel",
    "Samot",
    "Lamfriedeli",
    "Hugofried",
    "Hobot",
    "Philare",
    "Casfriedel",
    "Willbertine",
    "Zimwaldo",
    "Timomar",
    "Ulfbert",
    "Casmund",
    "Yorlin",
    "Dorhart",
    "Yormund",
    "Kasrich",
    "Yormut",
    "Norhart",
    "Willrich",
    "Alradi",
    "Xanbert",
    "Hobwin",
    "Zimwin",
    "Hobbald",
    "Philer",
    "Samrud",
    "Xanfriedel",
    "Hugorick",
    "Ferdolf",
    "Gerrick",
    "Caso",
    "Gerbertin",
    "Theofriedelo",
    "Belwald",
    "Xanbertin",
    "Philin",
    "Dorolf",
    "Xanfried",
    "Norrick",
    "Lamolf",
    "Hugomut",
    "Timowin",
    "Dorbert",
    "Dormuta",
    "Jonrad",
    "Morolf",
    "Arnorich",
    "Olorad",
    "Hobolfo",
    "Zimrad",
    "Morrich",
    "Caswin",
    "Timoel",
    "Norer",
    "Bernmut",
    "Almunde",
    "Philrudo",
    "Alhold",
    "Xanwald",
    "Lammir",
    "Zimhart",
    "Sammut",
    "Ferdmut",
    "Ferdwin",
    "Samin",
    "Lamot",
    "Bernhart",
    "Morhart",
    "Xanricka",
    "Ottoolfo",
    "Theoolf",
    "Ulfbertin",
    "Ferdhelm",
    "Jonbertin",
    "Hobo",
    "Dorbalde",
    "Lammut",
    "Benricku",
    "Bernel",
    "Timoot",
    "Timolin",
    "Almund",
    "Hobwinu",
    "Jonwald",
    "Arnoot",
    "Theohold",
    "Hugobert",
    "Benrick",
    "Oloulf",
    "Philfriedel",
    "Regbertin",
    "Zimricko",
    "Jonricko",
    "Poldbald",
    "Regela",
    "Philmut",
    "Norbertin",
    "Ulfwald",
    "Edifriede",
    "Alfriedeli",
    "Ferdulf",
    "Norfrieda",
    "Hugohold",
    "Almut",
    "Hugoin",
    "Willwald",
    "Rudiel",
    "Ferdel",
    "Theoulf",
    "Kasmar",
    "Xanlin",
    "Philbertin",
    "Reghelm",
    "Ulfo",
    "Bernbalda",
    "Bernulfu",
    "Rudibertin",
    "Timoin",
    "Ulfharti",
    "Ottorick",
    "Zimmir",
    "Belmaru",
    "Timofried",
    "Bernmund",
    "Belin",
    "Rudilin",
    "Kasmut",
    "Belhart",
    "Hugoer",
    "Alwin",
    "Xanrick",
    "Jonulf",
    "Bernulf",
    "Arnoulf",
    "Poldmir",
    "Arnohelm",
    "Hobotu",
    "Theoot",
    "Hobara",
    "Theomund",
    "Poldina",
    "Jonin",
    "Lamwald",
    "Philrad",
    "Normund",
    "Ulfrick",
    "Zimar",
    "Lambert",
    "Timowald",
    "Zimlin",
    "Jonhold",
    "Theoin",
    "Beno",
    "Zimricka",
    "Philwald",
    "Jonlin",
    "Dormir",
    "Timoer",
    "Jonmund",
    "Sambert",
    "Normar",
    "Hobbert",
    "Hobar",
    "Casot",
    "Xanere",
    "Hugoel",
    "Poldrick",
    "Samolf",
    "Lamrich",
    "Casbert",
    "Cashelm",
    "Theobertina",
    "Samrad",
    "Casar",
    "Bernfried",
    "Hugowald",
    "Philrud",
    "Jonolf",
    "Casel",
    "Philbert",
    "Poldot",
    "Casmut",
    "Cashelmu",
    "Arnomut",
    "Lamrud",
    "Kasrad",
    "Yoro",
    "Norrich",
    "Bernmir",
    "Jonel",
    "Morrad",
    "Norhold",
    "Regrud",
    "Hobfried",
    "Ulfmar",
    "Willer",
    "Alel",
    "Regwald",
    "Ottobertin",
    "Philrich",
    "Cashelme",
    "Ottohart",
    "Olofried",
    "Xanmir",
    "Berner",
    "Kashart",
    "Beline",
    "Yorel",
    "Willlin",
    "Lamar",
    "Arnoin",
    "Yorrich",
    "Poldhart",
    "Rudihart",
    "Casfried",
    "Benlin",
    "Lamfriedel",
    "Xanmar",
    "Ottorud",
    "Kashartu",
    "Samo",
    "Belbertin",
    "Norot",
    "Belrick",
    "Poldlin",
    "Regfried",
    "Olohold",
    "Kasrud",
    "Belbert",
    "Belbertu",
    "Olowin",
    "Alfried",
    "Gerbert",
    "Zimmut",
    "Yorhold",
    "Jonfriedel",
    "Ottohelm",
    "Ulfer",
    "Benmari",
    "Norrud",
    "Zimot",
    "Benbertin",
    "Theobert",
    "Hugowin",
    "Edimut",
    "Rudimir",
    "Xanrad",
    "Benrud",
    "Gerwin",
    "Alrich",
    "Benot",
    "Noro",
    "Lamfried",
    "Yorolf",
    "Morwin",
    "Arnofriedel",
    "Zimin",
    "Lamulf",
    "Arnowinu",
    "Theofried",
    "Dorlinu",
    "Xanhelm",
    "Kasmir",
    "Willholdu",
    "Bernlino",
    "Mormund",
    "Zimoe",
    "Alar",
    "Belel",
    "Xanricke",
    "Ferdholde",
    "Hugomund",
    "Gero",
    "Zimer",
    "Samer",
    "Kasel",
    "Rudirich",
    "Ottoolf",
    "Morwald",
    "Bernin",
    "Philo",
    "Timomir",
    "Regfriedel",
    "Olomir",
    "Xanmund",
    "Regolf",
    "Yorhelm",
    "Benin",
    "Dorin",
    "Bernrud",
    "Willin",
    "Jonmar",
    "Arnobald",
    "Dorot",
    "Edimund",
    "Willmut",
    "Willolfo",
    "Hobaro",
    "Willrick",
    "Belrich",
    "Willhold",
    "Normut",
    "Olomar",
    "Germut",
    "Caseli",
    "Gerer",
    "Theoo",
    "Belhold",
    "Norolf",
    "Poldhelma",
    "Dorulf",
    "Ferdhelmi",
    "Gerar",
    "Ottoer",
    "Belrud",
    "Morfriedel",
    "Hugorad",
    "Dorlin",
    "Jonrich",
    "Poldhold",
    "Ulfhelm",
    "Timoino",
    "Norbald",
    "Kasin",
    "Alwaldi",
    "Norfried",
    "Ferdo",
    "Willo",
    "Morel",
    "Ferdfried",
    "Gerhart",
    "Benmar",
    "Willfriedel",
    "Rudiot",
    "Edimar",
    "Hobrich",
    "Olorick",
    "Xanmut",
    "Zimwald",
    "Morbert",
    "Casrich",
    "Zimbertin",
    "Theowin",
    "Casbertin",
    "Cashart",
    "Olobert",
    "Bernrich",
    "Dorel",
    "Noroo",
    "Ottoar",
    "Alulf",
    "Ferdrad",
    "Morfriedo",
    "Gerot",
    "Xanar",
    "Morin",
    "Hugoar",
    "Ferdmund",
    "Timoolfi",
    "Arnoere",
    "Norrad",
    "Alrad",
    "Benhelm",
    "Ferdrich",
    "Dorer",
    "Dorrick",
    "Samwald",
    "Sammir",
    "Arnomar",
    "Philfriede",
    "Norwin",
    "Ottomar",
    "Ottohold",
    "Willrad",
    "Yorbert",
    "Philmund",
    "Rudimut",
    "Ferdot",
    "Philmara",
    "Ottorad",
    "Ulfmir",
    "Kaso",
    "Belmiro",
    "Norrude"
  ]
}