{
  "authors": [
    {
      "name": "munichjake",
      "email": "munichjake@dnd-session.de",
      "url": "https://dnd-session.de",
      "github": "https://github.com/munichjake"
    }
  ],
  "description": "Deutschesprachigge zwergische Nachnamen",
  "version": "1.0.1",
  "names": [
  "Axtspalter",
  "Bartweber",
  "Biertrinker",
  "Bolidspalter",
  "Eisenfaust",
  "Felsenschild",
  "Goldgräber",
  "Hammerfaust",
  "Hügelschmied",
  "Klippenwächter",
  "Kupferbart",
  "Runenbrand",
  "Silberstrom",
  "Steinbrecher",
  "Tiefenwächter",
  "Zwergenhammer",
  "Bergkessel",
  "Brückenschmied",
  "Doppelaxt",
  "Eichenschild",
  "Eisenschmied",
  "Erzkämpfer",
  "Felsenbart",
  "Goldschmied",
  "Granitbart",
  "Grottenwächter",
  "Hartfels",
  "Klingenhammer",
  "Klippenbart",
  "Kupferhieb",
  "Lavastrom",
  "Mondschein",
  "Narbenhand",
  "Rauhbart",
  "Rautenberg",
  "Riesentöter",
  "Runenhand",
  "Schattenschmied",
  "Schwertfaust",
  "Stahlbart",
  "Steinhauer",
  "Tiefenhelm",
  "Tobold",
  "Waldeschlag",
  "Wolfshauer",
  "Zwergentief",
  "Axthelm",
  "Barthelm",
  "Bergspalter",
  "Blutstein",
  "Donnerfaust",
  "Drachenblut",
  "Dunkelbart",
  "Eichhorn",
  "Eisbart",
  "Erdenfaust",
  "Falkenstein",
  "Felsenhauer",
  "Flammenbart",
  "Garganit",
  "Glutbart",
  "Goldhelm",
  "Hammerfaust",
  "Kammstein",
  "Kiesbart",
  "Klauenbart",
  "Klippenfaust",
  "Kohleherz",
  "Kronenbart",
  "Kupferhelm",
  "Langbart",
  "Lavahand",
  "Nachtschmied",
  "Nebelbart",
  "Rauchbart",
  "Reißzahn",
  "Rohrstein",
  "Runenhelm",
  "Schluchtenbart",
  "Schattenfaust",
  "Silberbart",
  "Steinbart",
  "Stahlhelm",
  "Sturmbart",
  "Tiefenboden",
  "Trollhammer",
  "Waldbart",
  "Wellenbart",
  "Wolfsbart",
  "Zwergenfels",
  "Axtbart",
  "Berggießer",
  "Bergschmied",
  "Breitbart",
  "Brombeer",
  "Donnerfels",
  "Donnerhelm",
  "Eichenhieb",
  "Eisenbart",
  "Erdenhelm",
  "Felsenblut",
  "Feuerbart",
  "Flinthauer",
  "Geisterfaust",
  "Goldhieb",
  "Hammerbart",
  "Helmbrecher",
  "Klingenbart",
  "Kohlefaust",
  "Kristallhelm",
  "Kupferzahn",
  "Langhammer",
  "Lavaschmied",
  "Löwenbart",
  "Morgenstern",
  "Narbenbart",
  "Nebelhelm",
  "Rabenschnabel",
  "Rauchfaust",
  "Riesenbart",
  "Runenschild",
  "Schieferstein",
  "Schieferbart",
  "Schneebart",
  "Silberhelm",
  "Steinhammer",
  "Stolzbart",
  "Sturmschmied",
  "Tiefenfels",
  "Trollbart",
  "Waldboden",
  "Wellenkamm",
  "Wolfshelm",
  "Zwergenschmied",
  "Bärbart",
  "Bergbrecher",
  "Breithelm",
  "Drachenzahn",
  "Dunkelhelm",
  "Eisenhieb",
  "Eisenschlund",
  "Erzhelm",
  "Felsenschlund",
  "Feuerhelm",
  "Flammenhieb",
  "Geröllbart",
  "Gluthelm",
  "Goldzahn",
  "Grimbart",
  "Hammerhelm",
  "Klippenschmied",
  "Kristallbart",
  "Kupferschmied",
  "Langhieb",
  "Lichtbart",
  "Mithrilbart",
  "Narbenhelm",
  "Nachtfaust",
  "Prunkbart",
  "Rauchhelm",
  "Riesenhieb",
  "Rohrschmied",
  "Runenzahn",
  "Schattenhieb",
  "Schieferschild",
  "Schneidebart",
  "Silberhieb",
  "Steinhelm",
  "Stahlzahn",
  "Sturmhieb",
  "Tiefenstrom",
  "Trollhelm",
  "Waldfels",
  "Wolfsfaust",
  "Zwergenhammer",
  "Axtbrecher",
  "Bartbrecher",
  "Berggriff",
  "Blutstein",
  "Donnerzahn",
  "Drachenhelm",
  "Dunkelschmied",
  "Eichenbart",
  "Eisenschmied",
  "Erzklinge",
  "Felsenzahn",
  "Feuerhieb",
  "Flammenzahn",
  "Geröllhelm",
  "Glutklinge",
  "Goldhelm",
  "Hammergriff",
  "Helmstecher",
  "Kieselbart",
  "Klippenzahn",
  "Kohlenbart",
  "Kronenboden",
  "Kupfergriff",
  "Langzahn",
  "Lichthammer",
  "Mondstein",
  "Morgenbart",
  "Narbenzahn",
  "Nebelzahn",
  "Rabenhelm",
  "Rauhfels",
  "Reisbart",
  "Rohrhelm",
  "Runenbart",
  "Schildbart",
  "Schieferschlund",
  "Schneidestein",
  "Silberzahn",
  "Steinmetz",
  "Stahlgriff",
  "Sturmklinge",
  "Tiefenzahn",
  "Trollhieb",
  "Waldenzahn",
  "Wasserklinge",
  "Wolfsgriff",
  "Zwergenhieb",
  "Axtgriff",
  "Bartklinge",
  "Bergschlucht",
  "Blutfels",
  "Donnergriff",
  "Drakenschild",
  "Dunkelgriff",
  "Eichenhelm",
  "Eisenfaust",
  "Erdenzahn",
  "Felsenklinge",
  "Feuerzahn",
  "Flammengriff",
  "Geröllschlund",
  "Glutenzahn",
  "Goldgriff",
  "Grimmhammer",
  "Hammerklinge",
  "Kieselhelm",
  "Klappenzahn",
  "Kohlenhelm",
  "Kronenhelm",
  "Kupferklinge",
  "Langhammer",
  "Lichtzahn",
  "Morgenschmied",
  "Narbenhieb",
  "Nachtklinge",
  "Rabenstein",
  "Rauhschmied",
  "Riesenbart",
  "Rohrgriff",
  "Runenklinge",
  "Schildhelm",
  "Schimmerbart",
  "Schwertbart",
  "Silbergriff",
  "Steinschmied",
  "Stahlklinge",
  "Sturmschlund",
  "Tiefengriff",
  "Trollschmied",
  "Waldenhelm",
  "Wasserschmied",
  "Wolfsklinge",
  "Zwergenzahn",
  "Axtklinge",
  "Bartzahn",
  "Bergschild",
  "Bluthelm",
  "Donnerklinge",
  "Drakenschmied",
  "Dunkelklinge",
  "Eichenschild",
  "Eisenzahn",
  "Erdenschmied",
  "Felsengriff",
  "Feuergriff",
  "Flammenklinge",
  "Geröllgriff",
  "Glutgriff",
  "Goldklinge",
  "Hakenbart",
  "Hammerzahn",
  "Kieselgriff",
  "Klippenbart",
  "Kohlenzahn",
  "Kronenzahn",
  "Kupfergriff",
  "Langbart",
  "Lichtgriff",
  "Morgenzahn",
  "Narbenklinge",
  "Nachtgriff",
  "Rauchzahn",
  "Reishelm",
  "Riesenhelm",
  "Rohrzahn",
  "Sägenzahn",
  "Schilfhelm",
  "Schneidezahn",
  "Silberklinge",
  "Steinbrecher",
  "Stahlfaust",
  "Sturmzahn",
  "Tiefenklinge",
  "Trollgriff",
  "Waldenklinge",
  "Wassergriess",
  "Wolfszahn",
  "Zwergenklinge",
  "Axtzahn",
  "Bärenhelm",
  "Bergschlund",
  "Blutklinge",
  "Donnerschlund",
  "Drakenzahn",
  "Dunkelzahn",
  "Eichenschlund",
  "Eisenschlund",
  "Erdengriff",
  "Felsenschmied",
  "Feuerschmied",
  "Flammenschlund",
  "Geröllklinge",
  "Glutklinge",
  "Goldzahn",
  "Hallenbart",
  "Hammerschild",
  "Kieselklinge",
  "Klappengriff",
  "Kohlenklinge",
  "Kronengriff",
  "Kupferzahn",
  "Langhieb",
  "Lichtklinge",
  "Morgengriff",
  "Narrenzahn",
  "Nachtzahn",
  "Rauchklinge",
  "Reisbart",
  "Riesenzahn",
  "Rohrklinge",
  "Schattenzahn",
  "Schilfklinge",
  "Schmiedezahn",
  "Silberzahn",
  "Steinfaust",
  "Stahlhelm",
  "Stahlklinge",
  "Sturmklinge",
  "Tiefenzahn",
  "Trollklinge",
  "Waldenzahn",
  "Wasserschlund",
  "Wolfskralle",
  "Zwergenschlund",
  "Axtschlund",
  "Bärenzahn",
  "Bergstrom",
  "Blutzahn",
  "Donnerstrom",
  "Drakenstrom",
  "Dunkelstrom",
  "Eichenstrom",
  "Eisenstrom",
  "Erdenklinge",
  "Felsenstrom",
  "Feuerstrom",
  "Flammenstrom",
  "Geröllstrom",
  "Glutstrom",
  "Goldstrom",
  "Hallenhelm",
  "Hammerstrom",
  "Kieselzahn",
  "Klappenzahn",
  "Kohlenstrom",
  "Kronenstrom",
  "Kupferstrom",
  "Langstrom",
  "Lichtstrom",
  "Morgenstrom",
  "Narbenstrom",
  "Nachtstrom",
  "Rauchstrom",
  "Reisstrom",
  "Riesenstrom",
  "Rohrstrom",
  "Schattenstrom",
  "Schilfstrom",
  "Schmiedestrom",
  "Silberstrom",
  "Steinstrom",
  "Stahlstrom",
  "Sturmstrom",
  "Tiefenstrom",
  "Trollstrom",
  "Waldenstrom",
  "Wasserzahn",
  "Wolfsfang",
  "Zwergenstrom",
  "Axtstrom",
  "Bärenstrom",
  "Bergwächter",
  "Blutwächter",
  "Donnerwächter",
  "Drakenwächter",
  "Dunkelwächter",
  "Eichenwächter",
  "Eisenwächter",
  "Erdenwächter",
  "Felsenwächter",
  "Feuerwächter",
  "Flammenwächter",
  "Geröllwächter",
  "Glutwächter",
  "Goldwächter",
  "Hallenwächter",
  "Hammerwächter",
  "Kieselwächter",
  "Klappentisch",
  "Kohlenwächter",
  "Kronenwächter",
  "Kupferwächter",
  "Langwächter",
  "Lichtwächter",
  "Morgenwächter",
  "Narbenwächter",
  "Nachtwächter",
  "Rauchwächter",
  "Reiswächter",
  "Riesenwächter",
  "Rohrwächter",
  "Schattenwächter",
  "Schilfwächter",
  "Schmiedewächter",
  "Silberwächter",
  "Steinwächter",
  "Stahlwächter",
  "Sturmwächter",
  "Tiefenwächter",
  "Trollwächter",
  "Waldenwächter",
  "Wasserwächter",
  "Wolfwächter",
  "Zwergenwächter",
  "Axtwächter",
  "Bärwächter",
  "Bergzwerg",
  "Blutzwerg",
  "Donnerzwerg",
  "Drakenzwerg",
  "Dunkelzwerg",
  "Eichenzwerg",
  "Eisenzwerg",
  "Erdzwerg",
  "Felsenzwerg",
  "Feuerzwerg",
  "Flammenzwerg",
  "Geröllzwerg",
  "Glutzwerg",
  "Goldzwerg",
  "Hallezwerg",
  "Hammerzwerg",
  "Kieselzwerg",
  "Klappenzwerg",
  "Kohlezwerg",
  "Kronenzwerg",
  "Kupferzwerg",
  "Langzwerg",
  "Lichtzwerg",
  "Morgenzwerg",
  "Narbenzwerg",
  "Nachtzwerg",
  "Rauchzwerg",
  "Reiszwerg",
  "Riesenzwerg",
  "Rohrzwerg",
  "Schattenzwerg",
  "Schilfzwerg",
  "Schmiedzwerg",
  "Silberzwerg",
  "Steinzwerg",
  "Stahlzwerg",
  "Sturmzwerg",
  "Tiefenzwerg",
  "Trollzwerg",
  "Waldzwerg",
  "Wasserzwerg",
  "Wolfszwerg",
  "Zwergenzwerg",
  "Axtzwerg",
  "Bärhamen",
  "Bergstolz",
  "Blutstolz",
  "Donnerstolz",
  "Drakenstolz",
  "Dunkelstolz",
  "Eichenstolz",
  "Eisenstolz",
  "Erdenstolz",
  "Felsenstolz",
  "Feuerstolz",
  "Flammenstolz",
  "Geröllstolz",
  "Glutstolz",
  "Goldstolz",
  "Hallenstolz",
  "Hammerstolz",
  "Kieselstolz",
  "Klappenstolz",
  "Kohlenstolz",
  "Kronenstolz",
  "Kupferstolz",
  "Langstolz",
  "Lichtstolz",
  "Morgenstolz",
  "Narbenstolz",
  "Nachtstolz",
  "Rauchstolz",
  "Reisstolz",
  "Riesenstolz",
  "Rohrstolz",
  "Schattenstolz",
  "Schilfstolz",
  "Schmiedestolz",
  "Silberstolz",
  "Steinstolz",
  "Stahlstolz",
  "Sturmstolz",
  "Tiefenstolz",
  "Trollstolz",
  "Waldenstolz",
  "Wasserstolz",
  "Wolfsstolz",
  "Zwergenstolz",
  "Axtstolz",
  "Bärenstolz",
  "Bergfest",
  "Blutfest",
  "Donnerfest",
  "Drakenfest",
  "Dunkelfest",
  "Eichenfest",
  "Eisenfest",
  "Erdenfest",
  "Felsenfest",
  "Feuerfest",
  "Flammenfest",
  "Geröllfest",
  "Glutfest",
  "Goldfest",
  "Hallenfest",
  "Hammerfest",
  "Kieselfest",
  "Klappenfels",
  "Kohlenfest",
  "Kronenfest",
  "Kupferfest",
  "Langfest",
  "Lichtfest",
  "Morgenfest",
  "Narbenfest",
  "Nachtfest",
  "Rauchfest",
  "Reisfest",
  "Riesenfest",
  "Rohrfest",
  "Schattenfest",
  "Schilffest",
  "Schmiedefest",
  "Silberfest",
  "Steinfest",
  "Stahlfest",
  "Sturmfest",
  "Tiefenfest",
  "Trollfest",
  "Waldenfest",
  "Wasserfest",
  "Wolffest",
  "Zwergenfest",
  "Axtfest",
  "Bärenfest",
  "Bergschlag",
  "Blutschlag",
  "Donnerschlag",
  "Drakenschlag",
  "Dunkelschlag",
  "Eichenschlag",
  "Eisenschlag",
  "Erdenschlag",
  "Felsenschlag",
  "Feuerschlag",
  "Flammenschlag",
  "Geröllschlag",
  "Glutschlag",
  "Goldschlag",
  "Hallenschlag",
  "Hammerschlag",
  "Kieselschlag",
  "Klappenschlag",
  "Kohlenschlag",
  "Kronenschlag",
  "Kupferschlag",
  "Langschlag",
  "Lichtschlag",
  "Morgenschlag",
  "Narbenschlag",
  "Nachtschlag",
  "Rauchschlag",
  "Reisschlag",
  "Riesenschlag",
  "Rohrschlag",
  "Schattenhieb",
  "Schilfschlag",
  "Schmiedeschlag",
  "Silberschlag",
  "Steinschlag",
  "Stahlschlag",
  "Sturmschlag",
  "Tiefenschlag",
  "Trollschlag",
  "Waldenhieb",
  "Wasserschlag",
  "Wolfsschlag",
  "Zwergenschlag",
  "Axtschlag",
  "Bärschlag",
  "Bergklinge",
  "Blutklinge",
  "Donnerklinge",
  "Drakenklinge",
  "Dunkelklinge",
  "Eichenklinge",
  "Eisenklinge",
  "Erdenklinge",
  "Felsenklinge",
  "Feuerklinge",
  "Flammenklinge",
  "Geröllklinge",
  "Glutklinge",
  "Goldklinge",
  "Hallenklinge",
  "Hammerklinge",
  "Kieselklinge",
  "Klappenklinge",
  "Kohlenklinge",
  "Kronenklinge",
  "Kupferklinge",
  "Langklinge",
  "Lichtklinge",
  "Morgenklinge",
  "Narbenklinge",
  "Nachtklinge",
  "Rauchklinge",
  "Reisklinge",
  "Riesenklinge",
  "Rohrklinge",
  "Schattenklinge",
  "Schilfklinge",
  "Schmiedeklinge",
  "Silberklinge",
  "Steinklinge",
  "Stahlklinge",
  "Sturmklinge",
  "Tiefenklinge",
  "Trollklinge",
  "Waldenklinge",
  "Wasserklinge",
  "Wolfsklinge",
  "Zwergenklinge",
  "Axtklinge",
  "Bärhammer",
  "Berggießer",
  "Bluthieb",
  "Donnergriff",
  "Drakenbart",
  "Dunkelspalter",
  "Eichenfaust",
  "Eisentiefer",
  "Erzgriff",
  "Felsentief",
  "Feuerbrand",
  "Flammenfaust",
  "Gletscherhammer",
  "Goldbart",
  "Hartfels",
  "Klippenbart",
  "Kronenschmied",
  "Kupferbart",
  "Langhelm",
  "Mithrilhelm",
  "Rauchbart",
  "Runenhammer",
  "Schmiedehieb",
  "Silberhieb",
  "Steinschmied",
  "Stolzhieb",
  "Sturmhammer",
  "Tiefenbart",
  "Trollhelm",
  "Wolfshieb",
  "Zwergenbart",
  "Bergbart",
  "Breithammer",
  "Donnerbart",
  "Eisenbart",
  "Felsenhelm",
  "Goldhelm",
  "Hammerfaust",
  "Hartbart",
  "Klippenhammer",
  "Kupferhelm",
  "Langbart",
  "Mondschein",
  "Nebelbart",
  "Nachtschmied",
  "Riesenhieb",
  "Runenbart",
  "Schmiedefels",
  "Silberbart",
  "Stahlbart",
  "Steinhammer",
  "Sturmbart",
  "Tiefenhelm",
  "Trollbart",
  "Zwergenfaust",
  "Axthelm",
  "Berghelm",
  "Bluthelm",
  "Breitbart",
  "Donnerfels",
  "Drakenhelm",
  "Dunkelbart",
  "Eichenhelm",
  "Eisenhieb",
  "Erzbart",
  "Felsenfaust",
  "Feuerbart",
  "Flammenbart",
  "Geröllbart",
  "Glutbart",
  "Goldhieb",
  "Hammerbart",
  "Kiesbart",
  "Klippenzahn",
  "Kohlenbart",
  "Kronenbart",
  "Kupferzahn",
  "Langhieb",
  "Lichtbart",
  "Morgenstern",
  "Narbenbart",
  "Nachthelm",
  "Rauchfaust",
  "Reißzahn",
  "Riesenbart",
  "Runenhelm",
  "Schattenfaust",
  "Schieferstein",
  "Schneebart",
  "Silberhelm",
  "Steinbart",
  "Stahlhelm",
  "Sturmhieb",
  "Tiefenzahn",
  "Trollhieb",
  "Waldbart",
  "Wellenbart",
  "Wolfsbart",
  "Zwergenfels",
  "Axtbart",
  "Berggießer",
  "Bergschmied",
  "Breitbart",
  "Brombeer",
  "Donnerhelm",
  "Eichenhieb",
  "Eisenbart",
  "Erdenhelm",
  "Felsenblut",
  "Feuerhelm",
  "Flinthauer",
  "Geisterfaust",
  "Goldzahn",
  "Hammerzahn",
  "Helmbrecher",
  "Klingenbart",
  "Kohlefaust",
  "Kristallhelm",
  "Kupfergriff",
  "Langhammer",
  "Lavaschmied",
  "Löwenbart",
  "Mondschein",
  "Narbenhelm",
  "Nebelhelm",
  "Rabenschnabel",
  "Rauchhelm",
  "Riesenhelm",
  "Runenzahn",
  "Schieferschild",
  "Schneidebart",
  "Silberhieb",
  "Steinhelm",
  "Stahlzahn",
  "Sturmschmied",
  "Tiefenfels",
  "Trollhelm",
  "Waldfels",
  "Wolfsfaust",
  "Zwergenschmied"
]
}