{
  "authors": [
    {
      "name": "munichjake",
      "email": "munichjake@dnd-session.de",
      "url": "https://dnd-session.de",
      "github": "https://github.com/munichjake"
    }
  ],
  "description": "Deutsche weibliche Dragonbornvornamen",
  "version": "1.0.0",
  "names": [
    "Bala",
    "Korra",
    "Dara",
    "Thara",
    "Vora",
    "Rhaza",
    "Skaa",
    "Zhaa",
    "Arja",
    "Ghaa",
    "Draka",
    "Xala",
    "Zara",
    "Vara",
    "Ulda",
    "Droa",
    "Traxa",
    "Vyra",
    "Rhogara",
    "Grola",
    "Bela",
    "Fena",
    "Nitha",
    "Morna",
    "Balia",
    "Korria",
    "Daria",
    "Tharia",
    "Voria",
    "Rhazia",
    "Skaia",
    "Zhaia",
    "Arjia",
    "Ghaia",
    "Drakia",
    "Xalia",
    "Zaria",
    "Varia",
    "Uldia",
    "Droia",
    "Traxia",
    "Vyria",
    "Rhogaria",
    "Grolia",
    "Belia",
    "Fenia",
    "Nithia",
    "Mornia",
    "Balara",
    "Korrara",
    "Darara",
    "Tharara",
    "Vorara",
    "Rhazara",
    "Skaara",
    "Zhaara",
    "Arjara",
    "Ghaara",
    "Drakara",
    "Xalara",
    "Zarara",
    "Varara",
    "Uldara",
    "Droara",
    "Traxara",
    "Vyrara",
    "Rhogarara",
    "Grolara",
    "Belara",
    "Fenara",
    "Nithara",
    "Mornara",
    "Balira",
    "Korrira",
    "Darira",
    "Tharira",
    "Vorira",
    "Rhazira",
    "Skaira",
    "Zhaira",
    "Arjira",
    "Ghaira",
    "Drakira",
    "Xalira",
    "Zarira",
    "Varira",
    "Uldira",
    "Droira",
    "Traxira",
    "Vyrira",
    "Rhogarira",
    "Grolira",
    "Belira",
    "Fenira",
    "Nithira",
    "Mornira",
    "Balena",
    "Korrena",
    "Darena",
    "Tharena",
    "Vorena",
    "Rhazena",
    "Skaena",
    "Zhaena",
    "Arjena",
    "Ghaena",
    "Drakena",
    "Xalena",
    "Zarena",
    "Varena",
    "Uldena",
    "Droena",
    "Traxena",
    "Vyrena",
    "Rhogarena",
    "Grolena",
    "Belena",
    "Fenena",
    "Nithena",
    "Mornena",
    "Balora",
    "Korrora",
    "Darora",
    "Tharora",
    "Vorora",
    "Rhazora",
    "Skaora",
    "Zhaora",
    "Arjora",
    "Ghaora",
    "Drakora",
    "Xalora",
    "Zarora",
    "Varora",
    "Uldora",
    "Droora",
    "Traxora",
    "Vyrora",
    "Rhogarora",
    "Grolora",
    "Belora",
    "Fenora",
    "Nithora",
    "Mornora",
    "Balana",
    "Korrana",
    "Darana",
    "Tharana",
    "Vorana",
    "Rhazana",
    "Skaana",
    "Zhaana",
    "Arjana",
    "Ghaana",
    "Drakana",
    "Xalana",
    "Zarana",
    "Varana",
    "Uldana",
    "Droana",
    "Traxana",
    "Vyrana",
    "Rhogarana",
    "Grolana",
    "Belana",
    "Fenana",
    "Nithana",
    "Mornana",
    "Balasha",
    "Korrasha",
    "Darasha",
    "Tharasha",
    "Vorasha",
    "Rhazasha",
    "Skaasha",
    "Zhaasha",
    "Arjasha",
    "Ghaasha",
    "Drakasha",
    "Xalasha",
    "Zarasha",
    "Varasha",
    "Uldasha",
    "Droasha",
    "Traxasha",
    "Vyrasha",
    "Rhogarasha",
    "Grolasha",
    "Belasha",
    "Fenasha",
    "Nithasha",
    "Mornasha",
    "Baleth",
    "Korreth",
    "Dareth",
    "Thareth",
    "Voreth",
    "Rhazeth",
    "Skaeth",
    "Zhaeth",
    "Arjeth",
    "Ghaeth",
    "Draketh",
    "Xaleth",
    "Zareth",
    "Vareth",
    "Uldeth",
    "Droeth",
    "Traxeth",
    "Vyreth",
    "Rhogareth",
    "Groleth",
    "Beleth",
    "Feneth",
    "Nitheth",
    "Morneth",
    "Balaza",
    "Balaxa",
    "Balitha",
    "Balosa",
    "Balotha",
    "Balarxa",
    "Baleana",
    "Balorna",
    "Balala",
    "Baliusa",
    "Balixa",
    "Balatha",
    "Balema",
    "Baluma",
    "Balaka",
    "Baloka",
    "Korraza",
    "Korraxa",
    "Korritha",
    "Korrosa",
    "Korrotha",
    "Korrarxa",
    "Korreana",
    "Korrorna",
    "Korrala",
    "Korriusa",
    "Korrixa",
    "Korratha",
    "Korrema",
    "Korruma",
    "Korraka",
    "Korroka",
    "Daraza",
    "Daraxa",
    "Daritha",
    "Darosa",
    "Darotha",
    "Dararxa",
    "Dareana",
    "Darorna",
    "Darala",
    "Dariusa",
    "Darixa",
    "Daratha",
    "Darema",
    "Daruma",
    "Daraka",
    "Daroka",
    "Tharaza",
    "Tharaxa",
    "Tharitha",
    "Tharosa",
    "Tharotha",
    "Thararxa",
    "Thareana",
    "Tharorna",
    "Tharala",
    "Thariusa",
    "Tharixa",
    "Tharatha",
    "Tharema",
    "Tharuma",
    "Tharaka",
    "Tharoka",
    "Voraza",
    "Voraxa",
    "Voritha",
    "Vorosa",
    "Vorotha",
    "Vorarxa",
    "Voreana",
    "Vororna",
    "Vorala",
    "Voriusa",
    "Vorixa",
    "Voratha",
    "Vorema",
    "Voruma",
    "Voraka",
    "Voroka",
    "Rhazaza",
    "Rhazaxa",
    "Rhazitha",
    "Rhazosa",
    "Rhazotha",
    "Rhazarxa",
    "Rhazeana",
    "Rhazorna",
    "Rhazala",
    "Rhaziusa",
    "Rhazixa",
    "Rhazatha",
    "Rhazema",
    "Rhazuma",
    "Rhazaka",
    "Rhazoka",
    "Skaaza",
    "Skaaxa",
    "Skaitha",
    "Skaosa",
    "Skaotha",
    "Skaarxa",
    "Skaeana",
    "Skaorna",
    "Skaala",
    "Skaiusa",
    "Skaixa",
    "Skaatha",
    "Skaema",
    "Skauma",
    "Skaaka",
    "Skaoka",
    "Zhaaza",
    "Zhaaxa",
    "Zhaitha",
    "Zhaosa",
    "Zhaotha",
    "Zhaarxa",
    "Zhaeana",
    "Zhaorna",
    "Zhaala",
    "Zhaiusa",
    "Zhaixa",
    "Zhaatha",
    "Zhaema",
    "Zhauma",
    "Zhaaka",
    "Zhaoka",
    "Arjaza",
    "Arjaxa",
    "Arjitha",
    "Arjosa",
    "Arjotha",
    "Arjarxa",
    "Arjeana",
    "Arjorna",
    "Arjala",
    "Arjiusa",
    "Arjixa",
    "Arjatha",
    "Arjema",
    "Arjuma",
    "Arjaka",
    "Arjoka",
    "Ghaaza",
    "Ghaaxa",
    "Ghaitha",
    "Ghaosa",
    "Ghaotha",
    "Ghaarxa",
    "Ghaeana",
    "Ghaorna",
    "Ghaala",
    "Ghaiusa",
    "Ghaixa",
    "Ghaatha",
    "Ghaema",
    "Ghauma",
    "Ghaaka",
    "Ghaoka",
    "Drakaza",
    "Drakaxa",
    "Drakitha",
    "Drakosa",
    "Drakotha",
    "Drakarxa",
    "Drakeana",
    "Drakorna",
    "Drakala",
    "Drakiusa",
    "Drakixa",
    "Drakatha",
    "Drakema",
    "Drakuma",
    "Drakaka",
    "Drakoka",
    "Xalaza",
    "Xalaxa",
    "Xalitha",
    "Xalosa",
    "Xalotha",
    "Xalarxa",
    "Xaleana",
    "Xalorna",
    "Xalala",
    "Xaliusa",
    "Xalixa",
    "Xalatha",
    "Xalema",
    "Xaluma",
    "Xalaka",
    "Xaloka",
    "Zaraza",
    "Zaraxa",
    "Zaritha",
    "Zarosa",
    "Zarotha",
    "Zararxa",
    "Zareana",
    "Zarorna",
    "Zarala",
    "Zariusa",
    "Zarixa",
    "Zaratha",
    "Zarema",
    "Zaruma",
    "Zaraka",
    "Zaroka",
    "Varaza",
    "Varaxa",
    "Varitha",
    "Varosa",
    "Varotha",
    "Vararxa",
    "Vareana",
    "Varorna",
    "Varala",
    "Variusa",
    "Varixa",
    "Varatha",
    "Varema",
    "Varuma",
    "Varaka",
    "Varoka",
    "Uldaza",
    "Uldaxa",
    "Ulditha",
    "Uldosa",
    "Uldotha",
    "Uldarxa",
    "Uldeana",
    "Uldorna",
    "Uldala",
    "Uldiusa",
    "Uldixa",
    "Uldatha",
    "Uldema",
    "Ulduma",
    "Uldaka",
    "Uldoka",
    "Droaza",
    "Droaxa",
    "Droitha",
    "Droosa",
    "Drootha",
    "Droarxa",
    "Droeana",
    "Droorna",
    "Droala",
    "Droiusa",
    "Droixa",
    "Droatha",
    "Droema",
    "Drouma",
    "Droaka",
    "Drooka",
    "Traxaza",
    "Traxaxa",
    "Traxitha",
    "Traxosa",
    "Traxotha",
    "Traxarxa",
    "Traxeana",
    "Traxorna",
    "Traxala",
    "Traxiusa",
    "Traxixa",
    "Traxatha",
    "Traxema",
    "Traxuma",
    "Traxaka",
    "Traxoka",
    "Vyraza",
    "Vyraxa",
    "Vyritha",
    "Vyrosa",
    "Vyrotha",
    "Vyrarxa",
    "Vyreana",
    "Vyrorna",
    "Vyrala",
    "Vyriusa",
    "Vyrixa",
    "Vyratha",
    "Vyrema",
    "Vyruma",
    "Vyraka",
    "Vyroka",
    "Rhogaraza",
    "Rhogaraxa",
    "Rhogaritha",
    "Rhogarosa",
    "Rhogarotha",
    "Rhogararxa",
    "Rhogareana",
    "Rhogarorna",
    "Rhogarala",
    "Rhogariusa",
    "Rhogarixa",
    "Rhogaratha",
    "Rhogarema",
    "Rhogaruma",
    "Rhogaraka",
    "Rhogaroka",
    "Grolaza",
    "Grolaxa",
    "Grolitha",
    "Grolosa",
    "Grolotha",
    "Grolarxa",
    "Groleana",
    "Grolorna",
    "Grolala",
    "Groliusa",
    "Grolixa",
    "Grolatha",
    "Grolema",
    "Groluma",
    "Grolaka",
    "Groloka",
    "Belaza",
    "Belaxa",
    "Belitha",
    "Belosa",
    "Belotha",
    "Belarxa",
    "Beleana",
    "Belorna",
    "Belala",
    "Beliusa",
    "Belixa",
    "Belatha",
    "Belema",
    "Beluma",
    "Belaka",
    "Beloka",
    "Fenaza",
    "Fenaxa",
    "Fenitha",
    "Fenosa",
    "Fenotha",
    "Fenarxa",
    "Feneana",
    "Fenorna",
    "Fenala",
    "Feniusa",
    "Fenixa",
    "Fenatha",
    "Fenema",
    "Fenuma",
    "Fenaka",
    "Fenoka",
    "Nithaza",
    "Nithaxa",
    "Nithitha",
    "Nithosa",
    "Nithotha",
    "Nitharxa",
    "Nitheana",
    "Nithorna",
    "Nithala",
    "Nithiusa",
    "Nithixa",
    "Nithatha",
    "Nithema",
    "Nithuma",
    "Nithaka",
    "Nithoka",
    "Mornaza",
    "Mornaxa",
    "Mornitha",
    "Mornosa",
    "Mornotha",
    "Mornarxa",
    "Morneana",
    "Mornorna",
    "Mornala",
    "Morniusa",
    "Mornixa",
    "Mornatha",
    "Mornema",
    "Mornuma",
    "Mornaka",
    "Mornoka",
    "Balaria",
    "Balashia",
    "Balazia",
    "Balania",
    "Baloria",
    "Balaxia",
    "Balithia",
    "Balosia",
    "Balothia",
    "Baliria",
    "Balarxia",
    "Baleania",
    "Balornia",
    "Balalia",
    "Balenia",
    "Baliusia",
    "Balixia",
    "Balathia",
    "Balemia",
    "Balumia",
    "Balakia",
    "Balokia",
    "Korraria",
    "Korrashia",
    "Korrazia",
    "Korrania",
    "Korroria",
    "Korraxia",
    "Korrithia",
    "Korrosia",
    "Korrothia",
    "Korriria",
    "Korrarxia",
    "Korreania",
    "Korrornia",
    "Korralia",
    "Korrenia",
    "Korriusia",
    "Korrixia",
    "Korrathia",
    "Korremia",
    "Korrumia",
    "Korrakia",
    "Korrokia",
    "Dararia",
    "Darashia",
    "Darazia",
    "Darania",
    "Daroria",
    "Daraxia",
    "Darithia",
    "Darosia",
    "Darothia",
    "Dariria",
    "Dararxia",
    "Dareania",
    "Darornia",
    "Daralia",
    "Darenia",
    "Dariusia",
    "Darixia",
    "Darathia",
    "Daremia",
    "Darumia",
    "Darakia",
    "Darokia",
    "Thararia",
    "Tharashia",
    "Tharazia",
    "Tharania",
    "Tharoria",
    "Tharaxia",
    "Tharithia",
    "Tharosia",
    "Tharothia",
    "Thariria",
    "Thararxia",
    "Thareania",
    "Tharornia",
    "Tharalia",
    "Tharenia",
    "Thariusia",
    "Tharixia",
    "Tharathia",
    "Tharemia",
    "Tharumia",
    "Tharakia",
    "Tharokia",
    "Voraria",
    "Vorashia",
    "Vorazia",
    "Vorania",
    "Vororia",
    "Voraxia",
    "Vorithia",
    "Vorosia",
    "Vorothia",
    "Voriria",
    "Vorarxia",
    "Voreania",
    "Vorornia",
    "Voralia",
    "Vorenia",
    "Voriusia",
    "Vorixia",
    "Vorathia",
    "Voremia",
    "Vorumia",
    "Vorakia",
    "Vorokia",
    "Rhazaria",
    "Rhazashia",
    "Rhazazia",
    "Rhazania",
    "Rhazoria",
    "Rhazaxia",
    "Rhazithia",
    "Rhazosia",
    "Rhazothia",
    "Rhaziria",
    "Rhazarxia",
    "Rhazeania",
    "Rhazornia",
    "Rhazalia",
    "Rhazenia",
    "Rhaziusia",
    "Rhazixia",
    "Rhazathia",
    "Rhazemia",
    "Rhazumia",
    "Rhazakia",
    "Rhazokia",
    "Skaaria",
    "Skaashia",
    "Skaazia",
    "Skaania",
    "Skaoria",
    "Skaaxia",
    "Skaithia",
    "Skaosia",
    "Skaothia",
    "Skairia",
    "Skaarxia",
    "Skaeania",
    "Skaornia",
    "Skaalia",
    "Skaenia",
    "Skaiusia",
    "Skaixia",
    "Skaathia",
    "Skaemia",
    "Skaumia",
    "Skaakia",
    "Skaokia",
    "Zhaaria",
    "Zhaashia",
    "Zhaazia",
    "Zhaania",
    "Zhaoria",
    "Zhaaxia",
    "Zhaithia",
    "Zhaosia",
    "Zhaothia",
    "Zhairia",
    "Zhaarxia",
    "Zhaeania",
    "Zhaornia",
    "Zhaalia",
    "Zhaenia",
    "Zhaiusia",
    "Zhaixia",
    "Zhaathia",
    "Zhaemia",
    "Zhaumia",
    "Zhaakia",
    "Zhaokia",
    "Arjaria",
    "Arjashia",
    "Arjazia",
    "Arjania",
    "Arjoria",
    "Arjaxia",
    "Arjithia",
    "Arjosia",
    "Arjothia",
    "Arjiria",
    "Arjarxia",
    "Arjeania",
    "Arjornia",
    "Arjalia",
    "Arjenia",
    "Arjiusia",
    "Arjixia",
    "Arjathia",
    "Arjemia",
    "Arjumia",
    "Arjakia",
    "Arjokia",
    "Ghaaria",
    "Ghaashia",
    "Ghaazia",
    "Ghaania",
    "Ghaoria",
    "Ghaaxia",
    "Ghaithia",
    "Ghaosia",
    "Ghaothia",
    "Ghairia",
    "Ghaarxia",
    "Ghaeania",
    "Ghaornia",
    "Ghaalia",
    "Ghaenia",
    "Ghaiusia",
    "Ghaixia",
    "Ghaathia",
    "Ghaemia",
    "Ghaumia",
    "Ghaakia",
    "Ghaokia",
    "Drakaria",
    "Drakashia",
    "Drakazia",
    "Drakania",
    "Drakoria",
    "Drakaxia",
    "Drakithia",
    "Drakosia",
    "Drakothia",
    "Drakiria",
    "Drakarxia",
    "Drakeania",
    "Drakornia",
    "Drakalia",
    "Drakenia",
    "Drakiusia",
    "Drakixia",
    "Drakathia",
    "Drakemia",
    "Drakumia",
    "Drakakia",
    "Drakokia",
    "Xalaria",
    "Xalashia",
    "Xalazia",
    "Xalania",
    "Xaloria",
    "Xalaxia",
    "Xalithia",
    "Xalosia",
    "Xalothia",
    "Xaliria",
    "Xalarxia",
    "Xaleania",
    "Xalornia",
    "Xalalia",
    "Xalenia",
    "Xaliusia",
    "Xalixia",
    "Xalathia",
    "Xalemia",
    "Xalumia",
    "Xalakia",
    "Xalokia",
    "Zararia",
    "Zarashia",
    "Zarazia",
    "Zarania",
    "Zaroria",
    "Zaraxia",
    "Zarithia",
    "Zarosia",
    "Zarothia",
    "Zariria",
    "Zararxia",
    "Zareania",
    "Zarornia",
    "Zaralia",
    "Zarenia",
    "Zariusia",
    "Zarixia",
    "Zarathia",
    "Zaremia",
    "Zarumia",
    "Zarakia",
    "Zarokia",
    "Vararia",
    "Varashia",
    "Varazia",
    "Varania",
    "Varoria",
    "Varaxia",
    "Varithia",
    "Varosia",
    "Varothia",
    "Variria",
    "Vararxia",
    "Vareania",
    "Varornia",
    "Varalia",
    "Varenia",
    "Variusia",
    "Varixia",
    "Varathia",
    "Varemia",
    "Varumia",
    "Varakia",
    "Varokia",
    "Uldaria",
    "Uldashia",
    "Uldazia",
    "Uldania",
    "Uldoria",
    "Uldaxia",
    "Uldithia",
    "Uldosia",
    "Uldothia",
    "Uldiria",
    "Uldarxia",
    "Uldeania",
    "Uldornia",
    "Uldalia",
    "Uldenia",
    "Uldiusia",
    "Uldixia",
    "Uldathia",
    "Uldemia",
    "Uldumia",
    "Uldakia",
    "Uldokia",
    "Droaria",
    "Droashia",
    "Droazia",
    "Droania",
    "Drooria",
    "Droaxia",
    "Droithia",
    "Droosia",
    "Droothia",
    "Droiria",
    "Droarxia",
    "Droeania",
    "Droornia",
    "Droalia",
    "Droenia",
    "Droiusia",
    "Droixia",
    "Droathia",
    "Droemia",
    "Droumia",
    "Droakia",
    "Drookia",
    "Traxaria",
    "Traxashia",
    "Traxazia",
    "Traxania",
    "Traxoria",
    "Traxaxia",
    "Traxithia",
    "Traxosia",
    "Traxothia",
    "Traxiria",
    "Traxarxia",
    "Traxeania",
    "Traxornia",
    "Traxalia",
    "Traxenia",
    "Traxiusia",
    "Traxixia",
    "Traxathia",
    "Traxemia",
    "Traxumia",
    "Traxakia",
    "Traxokia",
    "Vyraria",
    "Vyrashia",
    "Vyrazia",
    "Vyrania",
    "Vyroria",
    "Vyraxia",
    "Vyrithia",
    "Vyrosia",
    "Vyrothia",
    "Vyriria",
    "Vyrarxia",
    "Vyreania",
    "Vyrornia",
    "Vyralia",
    "Vyrenia",
    "Vyriusia",
    "Vyrixia",
    "Vyrathia",
    "Vyremia",
    "Vyrumia",
    "Vyrakia",
    "Vyrokia",
    "Rhogararia",
    "Rhogarashia",
    "Rhogarazia",
    "Rhogarania",
    "Rhogaroria",
    "Rhogaraxia",
    "Rhogarithia",
    "Rhogarosia",
    "Rhogarothia",
    "Rhogariria",
    "Rhogararxia",
    "Rhogareania",
    "Rhogarornia",
    "Rhogaralia",
    "Rhogarenia",
    "Rhogariusia",
    "Rhogarixia",
    "Rhogarathia",
    "Rhogaremia",
    "Rhogarumia",
    "Rhogarakia",
    "Rhogarokia",
    "Grolaria",
    "Grolashia",
    "Grolazia",
    "Grolania",
    "Groloria",
    "Grolaxia",
    "Grolithia",
    "Grolosia",
    "Grolothia",
    "Groliria",
    "Grolarxia",
    "Groleania",
    "Grolornia",
    "Grolalia",
    "Grolenia",
    "Groliusia",
    "Grolixia",
    "Grolathia",
    "Grolemia",
    "Grolumia",
    "Grolakia",
    "Grolokia",
    "Belaria",
    "Belashia",
    "Belazia",
    "Belania",
    "Beloria",
    "Belaxia",
    "Belithia",
    "Belosia",
    "Belothia",
    "Beliria",
    "Belarxia",
    "Beleania",
    "Belornia",
    "Belalia",
    "Belenia",
    "Beliusia",
    "Belixia",
    "Belathia",
    "Belemia",
    "Belumia",
    "Belakia",
    "Belokia",
    "Fenaria",
    "Fenashia",
    "Fenazia",
    "Fenania",
    "Fenoria",
    "Fenaxia",
    "Fenithia",
    "Fenosia",
    "Fenothia",
    "Feniria",
    "Fenarxia",
    "Feneania",
    "Fenornia"
  ]
}