{
  "authors": [
    {
      "name": "munichjake",
      "email": "munichjake@dnd-session.de",
      "url": "https://dnd-session.de",
      "github": "https://github.com/munichjake"
    }
  ],
  "description": "Deutsche Adelstitel mit Grammatik-Regeln und Geschlechts-Zuordnung",
  "version": "1.0.1",
  "grammar": {
    "articles": {
      "von": {
        "m": "von",
        "f": "von", 
        "n": "von"
      },
      "zu": {
        "m": "zum",
        "f": "zur",
        "n": "zu"
      },
      "aus": {
        "m": "aus",
        "f": "aus",
        "n": "aus"
      },
      "in": {
        "m": "im",
        "f": "in der",
        "n": "im"
      },
      "auf": {
        "m": "auf dem",
        "f": "auf der",
        "n": "auf dem"
      },
      "an": {
        "m": "am",
        "f": "an der",
        "n": "am"
      },
      "bei": {
        "m": "beim",
        "f": "bei der",
        "n": "beim"
      },
      "über": {
        "m": "über den",
        "f": "über die",
        "n": "über das"
      },
      "unter": {
        "m": "unter dem",
        "f": "unter der",
        "n": "unter dem"
      }
    }
  },
  "titles": {
    "male": [
      {
        "name": "Graf",
        "template": "Graf {preposition} {settlement}",
        "preposition": "von"
      },
      {
        "name": "Herzog",
        "template": "Herzog {preposition} {settlement}",
        "preposition": "zu"
      },
      {
        "name": "Baron",
        "template": "Baron {preposition} {settlement}",
        "preposition": "von"
      },
      {
        "name": "Freiherr",
        "template": "Freiherr {preposition} {settlement}",
        "preposition": "von"
      },
      {
        "name": "Ritter",
        "template": "Ritter {preposition} {settlement}",
        "preposition": "von"
      },
      {
        "name": "Fürst",
        "template": "Fürst {preposition} {settlement}",
        "preposition": "zu"
      },
      {
        "name": "Markgraf",
        "template": "Markgraf {preposition} {settlement}",
        "preposition": "von"
      }
    ],
    "female": [
      {
        "name": "Gräfin",
        "template": "Gräfin {preposition} {settlement}",
        "preposition": "von"
      },
      {
        "name": "Herzogin",
        "template": "Herzogin {preposition} {settlement}",
        "preposition": "zu"
      },
      {
        "name": "Baronin",
        "template": "Baronin {preposition} {settlement}",
        "preposition": "von"
      },
      {
        "name": "Freifrau",
        "template": "Freifrau {preposition} {settlement}",
        "preposition": "von"
      },
      {
        "name": "Dame",
        "template": "Dame {preposition} {settlement}",
        "preposition": "von"
      },
      {
        "name": "Fürstin", 
        "template": "Fürstin {preposition} {settlement}",
        "preposition": "zu"
      },
      {
        "name": "Markgräfin",
        "template": "Markgräfin {preposition} {settlement}",
        "preposition": "von"
      }
    ],
    "nonbinary": [
      {
        "name": "Regent",
        "template": "Regent {preposition} {settlement}",
        "preposition": "zu"
      },
      {
        "name": "Herrscher",
        "template": "Herrscher {preposition} {settlement}",
        "preposition": "von"
      },
      {
        "name": "Souverän",
        "template": "Souverän {preposition} {settlement}",
        "preposition": "von"
      },
      {
        "name": "Erbe",
        "template": "Erbe {preposition} {settlement}",
        "preposition": "von"
      },
      {
        "name": "Wächter",
        "template": "Wächter {preposition} {settlement}",
        "preposition": "von"
      },
      {
        "name": "Hüter",
        "template": "Hüter {preposition} {settlement}",
        "preposition": "von"
      },
      {
        "name": "Bewahrer",
        "template": "Bewahrer {preposition} {settlement}",
        "preposition": "von"
      },
      {
        "name": "Beschützer",
        "template": "Beschützer {preposition} {settlement}",
        "preposition": "von"
      },
      {
        "name": "Wahrer",
        "template": "Wahrer {preposition} {settlement}",
        "preposition": "von"
      },
      {
        "name": "Thronerbe",
        "template": "Thronerbe {preposition} {settlement}",
        "preposition": "von"
      }
    ]
  }
}