{
  "authors": [
    {
      "name": "munichjake",
      "email": "munichjake@dnd-session.de",
      "url": "https://dnd-session.de",
      "github": "https://github.com/munichjake"
    }
  ],
  "description": "Deutsche Adelstitel für Aasimar mit Grammatik-Regeln",
  "version": "1.0.1",
  "grammar": {
    "articles": {
      "von": {
        "m": "von",
        "f": "von",
        "n": "von"
      },
      "zu": {
        "m": "zu",
        "f": "zu",
        "n": "zu"
      },
      "aus": {
        "m": "aus",
        "f": "aus",
        "n": "aus"
      },
      "in": {
        "m": "in",
        "f": "in",
        "n": "in"
      }
    }
  },
  "titles": {
    "male": [
      {
        "name": "Auserwählter",
        "template": "Auserwählter {preposition} {settlement}",
        "preposition": "von"
      },
      {
        "name": "Baron",
        "template": "Baron {preposition} {settlement}",
        "preposition": "von"
      },
      {
        "name": "Dux",
        "template": "Dux {preposition} {settlement}",
        "preposition": "von"
      },
      {
        "name": "Edelmann",
        "template": "Edelmann {preposition} {settlement}",
        "preposition": "von"
      },
      {
        "name": "Erzherzog",
        "template": "Erzherzog {preposition} {settlement}",
        "preposition": "zu"
      },
      {
        "name": "Erzpaladin",
        "template": "Erzpaladin {preposition} {settlement}",
        "preposition": "von"
      },
      {
        "name": "Fürst",
        "template": "Fürst {preposition} {settlement}",
        "preposition": "zu"
      },
      {
        "name": "Graf",
        "template": "Graf {preposition} {settlement}",
        "preposition": "von"
      },
      {
        "name": "Großherzog",
        "template": "Großherzog {preposition} {settlement}",
        "preposition": "zu"
      },
      {
        "name": "Himmelsfürst",
        "template": "Himmelsfürst {preposition} {settlement}",
        "preposition": "von"
      },
      {
        "name": "Himmelsritter",
        "template": "Himmelsritter {preposition} {settlement}",
        "preposition": "von"
      },
      {
        "name": "Herr",
        "template": "Herr {preposition} {settlement}",
        "preposition": "von"
      },
      {
        "name": "Herzog",
        "template": "Herzog {preposition} {settlement}",
        "preposition": "zu"
      },
      {
        "name": "Hochfürst",
        "template": "Hochfürst {preposition} {settlement}",
        "preposition": "zu"
      },
      {
        "name": "Hochmeister",
        "template": "Hochmeister {preposition} {settlement}",
        "preposition": "des"
      },
      {
        "name": "Lichtbaron",
        "template": "Lichtbaron {preposition} {settlement}",
        "preposition": "von"
      },
      {
        "name": "Lichtfürst",
        "template": "Lichtfürst {preposition} {settlement}",
        "preposition": "zu"
      },
      {
        "name": "Markgraf",
        "template": "Markgraf {preposition} {settlement}",
        "preposition": "von"
      },
      {
        "name": "Prinz",
        "template": "Prinz {preposition} {settlement}",
        "preposition": "von"
      },
      {
        "name": "Reichsfürst",
        "template": "Reichsfürst {preposition} {settlement}",
        "preposition": "von"
      },
      {
        "name": "Ritter",
        "template": "Ritter {preposition} {settlement}",
        "preposition": "von"
      },
      {
        "name": "Seraphim-Lord",
        "template": "Seraphim-Lord {preposition} {settlement}",
        "preposition": "von"
      },
      {
        "name": "Sternenritter",
        "template": "Sternenritter {preposition} {settlement}",
        "preposition": "von"
      },
      {
        "name": "Wächter",
        "template": "Wächter {preposition} {settlement}",
        "preposition": "von"
      }
    ],
    "female": [
      {
        "name": "Auserwählte",
        "template": "Auserwählte {preposition} {settlement}",
        "preposition": "von"
      },
      {
        "name": "Baronin",
        "template": "Baronin {preposition} {settlement}",
        "preposition": "von"
      },
      {
        "name": "Edelfrau",
        "template": "Edelfrau {preposition} {settlement}",
        "preposition": "von"
      },
      {
        "name": "Erzherzogin",
        "template": "Erzherzogin {preposition} {settlement}",
        "preposition": "zu"
      },
      {
        "name": "Fürstin",
        "template": "Fürstin {preposition} {settlement}",
        "preposition": "zu"
      },
      {
        "name": "Gräfin",
        "template": "Gräfin {preposition} {settlement}",
        "preposition": "von"
      },
      {
        "name": "Großherzogin",
        "template": "Großherzogin {preposition} {settlement}",
        "preposition": "zu"
      },
      {
        "name": "Himmelsfürstin",
        "template": "Himmelsfürstin {preposition} {settlement}",
        "preposition": "von"
      },
      {
        "name": "Himmelsdame",
        "template": "Himmelsdame {preposition} {settlement}",
        "preposition": "von"
      },
      {
        "name": "Herrin",
        "template": "Herrin {preposition} {settlement}",
        "preposition": "von"
      },
      {
        "name": "Herzogin",
        "template": "Herzogin {preposition} {settlement}",
        "preposition": "zu"
      },
      {
        "name": "Hochfürstin",
        "template": "Hochfürstin {preposition} {settlement}",
        "preposition": "zu"
      },
      {
        "name": "Lichtbaronin",
        "template": "Lichtbaronin {preposition} {settlement}",
        "preposition": "von"
      },
      {
        "name": "Lichtfürstin",
        "template": "Lichtfürstin {preposition} {settlement}",
        "preposition": "zu"
      },
      {
        "name": "Markgräfin",
        "template": "Markgräfin {preposition} {settlement}",
        "preposition": "von"
      },
      {
        "name": "Prinzessin",
        "template": "Prinzessin {preposition} {settlement}",
        "preposition": "von"
      },
      {
        "name": "Reichsfürstin",
        "template": "Reichsfürstin {preposition} {settlement}",
        "preposition": "von"
      },
      {
        "name": "Dame",
        "template": "Dame {preposition} {settlement}",
        "preposition": "von"
      },
      {
        "name": "Seraphim-Lady",
        "template": "Seraphim-Lady {preposition} {settlement}",
        "preposition": "von"
      },
      {
        "name": "Sternendame",
        "template": "Sternendame {preposition} {settlement}",
        "preposition": "von"
      },
      {
        "name": "Wächterin",
        "template": "Wächterin {preposition} {settlement}",
        "preposition": "von"
      }
    ],
    "nonbinary": []
  }
}