{
  "authors": [
    {
      "name": "munichjake",
      "email": "munichjake@dnd-session.de",
      "url": "https://dnd-session.de",
      "github": "https://github.com/munichjake"
    }
  ],
  "description": "Deutsche weibliche Halblinge-Vornamen",
  "version": "1.0.0",
  "names": [
    "Lottanina",
    "Olgarina",
    "Idaelina",
    "Ginatrudu",
    "Janana",
    "Ullalinde",
    "Hannaindra",
    "Susilinde",
    "Belama",
    "Idagard",
    "Adalott",
    "Runala",
    "Marana",
    "Ellanina",
    "Finahina",
    "Rosalena",
    "Veralott",
    "Finama",
    "Quinalina",
    "Metagard",
    "Coramira",
    "Adagard",
    "Zitana",
    "Dinahina",
    "Piara",
    "Olgara",
    "Susilindeo",
    "Zitagard",
    "Belagard",
    "Marada",
    "Lottala",
    "Olgagard",
    "Olgada",
    "Ellalotta",
    "Willaitta",
    "Sinatrud",
    "Klaratrud",
    "Rikarina",
    "Susila",
    "Metafried",
    "Metamira",
    "Lottagard",
    "Belara",
    "Lottalinau",
    "Finalena",
    "Idanina",
    "Ullaberta",
    "Runaora",
    "Yarata",
    "Lottaitta",
    "Tildanina",
    "Finaora",
    "Runaberta",
    "Willaelinai",
    "Runafriedu",
    "Sinagard",
    "Susiberta",
    "Idahina",
    "Rikara",
    "Rikala",
    "Zitada",
    "Dinahilde",
    "Finagard",
    "Verasaa",
    "Susiindra",
    "Corata",
    "Idasa",
    "Ellalinao",
    "Ullasa",
    "Ginada",
    "Quinafriede",
    "Minaraa",
    "Lenahilde",
    "Susiona",
    "Ullahildei",
    "Quinaindra",
    "Lialina",
    "Corada",
    "Quinaora",
    "Janarina",
    "Lottaelina",
    "Veraora",
    "Rikata",
    "Lottaberta",
    "Maralae",
    "Olgala",
    "Ninalena",
    "Willabertae",
    "Zitaorai",
    "Verama",
    "Ginaorai",
    "Ellalinde",
    "Hannahilde",
    "Quinana",
    "Ellaitta",
    "Idaindrai",
    "Rosahinaa",
    "Xenaona",
    "Yarama",
    "Janamira",
    "Finaelina",
    "Veralinde",
    "Ninala",
    "Xenatrud",
    "Klarasa",
    "Klaragard",
    "Xenata",
    "Ellasa",
    "Lottaora",
    "Finatrud",
    "Finara",
    "Liagard",
    "Yaratrud",
    "Veramira",
    "Rosalenau",
    "Xenalina",
    "Finana",
    "Belahildee",
    "Lottaindra",
    "Runada",
    "Ginaelina",
    "Metama",
    "Minatrud",
    "Tildale",
    "Idafried",
    "Xenara",
    "Zitaona",
    "Willarao",
    "Zitamut",
    "Piarina",
    "Rosalindeu",
    "Dinalina",
    "Idara",
    "Adanina",
    "Willafried",
    "Minamut",
    "Tildara",
    "Maraorau",
    "Runagard",
    "Mararina",
    "Sinalotto",
    "Ullatrud",
    "Tildaindra",
    "Corana",
    "Hannalenao",
    "Lenama",
    "Xenagard",
    "Minata",
    "Rikanina",
    "Adara",
    "Belasa",
    "Liamira",
    "Rikaona",
    "Xenalott",
    "Belalina",
    "Sinaberta",
    "Ginafriede",
    "Liaelina",
    "Piaberta",
    "Ellale",
    "Metafriede",
    "Minahinau",
    "Rosata",
    "Rikalena",
    "Zitalinde",
    "Finada",
    "Janahilde",
    "Tildada",
    "Olgalena",
    "Klarala",
    "Xenaittau",
    "Xenaleo",
    "Yaramuti",
    "Yararaa",
    "Dinasaa",
    "Finahilde",
    "Susima",
    "Belarina",
    "Rikaindra",
    "Adale",
    "Belalinde",
    "Lenamira",
    "Quinafried",
    "Dinatrudi",
    "Janaelina",
    "Piafried",
    "Lottamut",
    "Lottalott",
    "Metalina",
    "Rosaora",
    "Rosaninaa",
    "Ellamut",
    "Lottalena",
    "Rosaona",
    "Willaninaa",
    "Janafried",
    "Rosaindra",
    "Xenamira",
    "Finasa",
    "Piadao",
    "Ullada",
    "Runasa",
    "Tildagard",
    "Runama",
    "Adaitta",
    "Willamut",
    "Janalinde",
    "Susitrud",
    "Adalinde",
    "Maralott",
    "Corafried",
    "Maralina",
    "Dinaona",
    "Metala",
    "Rikahina",
    "Yarala",
    "Hannara",
    "Klaramut",
    "Quinaitta",
    "Lenalinde",
    "Lialinde",
    "Rikahilde",
    "Lenala",
    "Rikalina",
    "Zitatruda",
    "Rosaitta",
    "Klaralina",
    "Belasae",
    "Jananina",
    "Verahina",
    "Belaona",
    "Runafriede",
    "Belada",
    "Rosamira",
    "Belafriede",
    "Rosahildeo",
    "Rosanaa",
    "Willarina",
    "Yaraberta",
    "Quinarina",
    "Klaralott",
    "Lenanina",
    "Zitale",
    "Veralindee",
    "Piahina",
    "Maratrud",
    "Rosaorau",
    "Finalina",
    "Liana",
    "Olgata",
    "Olgahina",
    "Lenadae",
    "Ginanina",
    "Belaittae",
    "Lottabertae",
    "Yaralina",
    "Dinamira",
    "Janatrud",
    "Maraelina",
    "Idarina",
    "Yaraora",
    "Rosafried",
    "Hannasa",
    "Liaitta",
    "Metana",
    "Ellaora",
    "Verada",
    "Runarina",
    "Lottaona",
    "Quinasa",
    "Corarina",
    "Yaramut",
    "Ginatrud",
    "Xenama",
    "Tildamut",
    "Piaitta",
    "Ginalott",
    "Ginahilde",
    "Willafriede",
    "Lenatrud",
    "Ninatau",
    "Liala",
    "Piamut",
    "Dinaitta",
    "Zitaelinae",
    "Willanina",
    "Runana",
    "Ellafriede",
    "Quinala",
    "Dinalena",
    "Lottata",
    "Ullaona",
    "Rosana",
    "Veraitta",
    "Willaona",
    "Ullalinai",
    "Dinama",
    "Xenale",
    "Tildatrud",
    "Quinaona",
    "Olgatae",
    "Rikalindeo",
    "Klarada",
    "Rosada",
    "Tildalena",
    "Belaelina",
    "Finahildeu",
    "Adaora",
    "Rikale",
    "Minada",
    "Klarara",
    "Pialinde",
    "Lenaona",
    "Minalinde",
    "Quinamira",
    "Minalina",
    "Yarafried",
    "Ellata",
    "Lenada",
    "Susitrude",
    "Quinalinde",
    "Corale",
    "Ninaona",
    "Rosatrud",
    "Coramut",
    "Idalinde",
    "Xenahina",
    "Verara",
    "Tildalinde",
    "Sinagarda",
    "Runaelina",
    "Liaora",
    "Lottahina",
    "Yarada",
    "Finala",
    "Runahilde",
    "Ellalina",
    "Idada",
    "Finafriede",
    "Ginaora",
    "Xenalinde",
    "Klarana",
    "Ullala",
    "Dinasa",
    "Verana",
    "Quinale",
    "Verata",
    "Quinanina",
    "Olgalott",
    "Metasao",
    "Belatrud",
    "Ninaberta",
    "Hannale",
    "Klaralena",
    "Hannanina",
    "Finamut",
    "Xenalinao",
    "Zitaindra",
    "Rosalinde",
    "Ninada",
    "Ginaitta",
    "Yaraitta",
    "Tildana",
    "Quinalena",
    "Yaraelina",
    "Finanina",
    "Marale",
    "Lottama",
    "Rosanina",
    "Zitatrud",
    "Finale",
    "Rikaora",
    "Willaelina",
    "Liaberta",
    "Olgalinde",
    "Adafrieda",
    "Klarafriede",
    "Rosalott",
    "Klaraona",
    "Ullale",
    "Finaona",
    "Olgabertaa",
    "Corafriede",
    "Dinaindra",
    "Susifried",
    "Ninasa",
    "Ninaelina",
    "Belata",
    "Belalena",
    "Rosaberta",
    "Veraelina",
    "Xenasa",
    "Pialena",
    "Dinata",
    "Piasa",
    "Metamao",
    "Veragard",
    "Willaberta",
    "Olgahilde",
    "Xenamut",
    "Corala",
    "Lianina",
    "Zitama",
    "Ullamira",
    "Coralina",
    "Maraora",
    "Finafried",
    "Dinara",
    "Ellaberta",
    "Liama",
    "Lenalott",
    "Willasa",
    "Liahina",
    "Maranaa",
    "Hannana",
    "Ullaitta",
    "Hannatrud",
    "Ginama",
    "Sinaindra",
    "Rosarina",
    "Runahina",
    "Dinalinde",
    "Ginarina",
    "Olgatrud",
    "Quinada",
    "Hannata",
    "Minale",
    "Adalena",
    "Sinalena",
    "Piamira",
    "Quinamao",
    "Corahina",
    "Marasa",
    "Corabertaa",
    "Rosama",
    "Veranina",
    "Runabertae",
    "Rosamut",
    "Willata",
    "Pianina",
    "Veratrud",
    "Maraona",
    "Mararinaa",
    "Liaindra",
    "Susisa",
    "Minara",
    "Janala",
    "Janaona",
    "Adaelina",
    "Adafried",
    "Finamira",
    "Lenalina",
    "Ninarina",
    "Ullana",
    "Rikaittao",
    "Olgale",
    "Janara",
    "Belalott",
    "Ninalott",
    "Adahilde",
    "Maralena",
    "Rosalina",
    "Rikagard",
    "Minasa",
    "Liamiraa",
    "Lenalinai",
    "Adalina",
    "Lenaitta",
    "Lenalena",
    "Dinaelina",
    "Ullanina",
    "Janafriede",
    "Janasa",
    "Finaberta",
    "Liale",
    "Idaitta",
    "Minaitta",
    "Piatrud",
    "Ninaora",
    "Rikaelina",
    "Willale",
    "Rikarae",
    "Liafriede",
    "Minarina",
    "Klarama",
    "Finaindra",
    "Hannanaa",
    "Janafriedeo",
    "Hannagard",
    "Liafried",
    "Ullahilde",
    "Belaindra",
    "Xenahilde",
    "Yaramirae",
    "Klarale",
    "Verarina",
    "Metahilde",
    "Hannama",
    "Lenasa",
    "Klaranina",
    "Sinamira",
    "Sinahilde",
    "Liasa",
    "Metahina",
    "Lottafried",
    "Coragard",
    "Klaralinde",
    "Ninatrud",
    "Dinada",
    "Veraona",
    "Liaona",
    "Minafried",
    "Klaraindra",
    "Tildaelina",
    "Metarina",
    "Xenala",
    "Runalina",
    "Hannaona",
    "Ullalena",
    "Klaraelina",
    "Belaitta",
    "Metale",
    "Minaona",
    "Sinanina",
    "Tildama",
    "Ellaelina",
    "Piata",
    "Dinamut",
    "Quinata",
    "Ginagard",
    "Willaorae",
    "Metata",
    "Corasa",
    "Yaramira",
    "Ellara",
    "Lottalenao",
    "Sinana",
    "Lenagard",
    "Sinafriede",
    "Marahinai",
    "Runamut",
    "Adalenao",
    "Minalott",
    "Dinafriede",
    "Metaberta",
    "Klaralea",
    "Idaona",
    "Marama",
    "Minala",
    "Belahilde",
    "Idaindra",
    "Ellafried",
    "Hannada",
    "Piaonae",
    "Klarataa",
    "Tildata",
    "Veralina",
    "Olgana",
    "Finaitta",
    "Yaralinde",
    "Janalena",
    "Sinarina",
    "Ginana",
    "Olgafriede",
    "Adama",
    "Yarasa",
    "Verasa",
    "Ginahina",
    "Piaindra",
    "Willaora",
    "Olganina",
    "Piada",
    "Idahilde",
    "Ellala",
    "Metalotte",
    "Zitamira",
    "Metada",
    "Zitaindrao",
    "Metalott",
    "Liada",
    "Dinamao",
    "Dinatrud",
    "Coralinde",
    "Metalenao",
    "Liatrud",
    "Ninafried",
    "Zitaberta",
    "Dinanina",
    "Xenafried",
    "Ginasau",
    "Lottalinai",
    "Adamira",
    "Rosara",
    "Sinama",
    "Adasa",
    "Janale",
    "Hannaitta",
    "Pialott",
    "Ginamira",
    "Piala",
    "Veraindra",
    "Adaberta",
    "Maranina",
    "Sinaindrao",
    "Adarinae",
    "Zitaelina",
    "Runaona",
    "Marala",
    "Piaora",
    "Ninaindra",
    "Tildalina",
    "Yarabertao",
    "Adahina",
    "Sinafriedeo",
    "Xenarina",
    "Maragard",
    "Minarinao",
    "Adaindra",
    "Quinama",
    "Tildarina",
    "Ninalina",
    "Idalina",
    "Ginafried",
    "Klaramira",
    "Marata",
    "Maramira",
    "Susina",
    "Hannala",
    "Marahilde",
    "Yaraindra",
    "Dinana",
    "Sinalina",
    "Rikatrud",
    "Olgaitta",
    "Lottasa",
    "Susita",
    "Rosagard",
    "Minaora",
    "Maraberta",
    "Ginalena",
    "Corara",
    "Janaonae",
    "Hannamut",
    "Janalina",
    "Sinaitta",
    "Hannaberta",
    "Zitalindeo",
    "Willama",
    "Metaona",
    "Maraindra",
    "Ellaorae",
    "Xenaittae",
    "Janaindra",
    "Olgalindea",
    "Rosale",
    "Marahinao",
    "Lenahina",
    "Finaindrai",
    "Willalinde",
    "Coraelina",
    "Finarinae",
    "Belamut",
    "Susiora",
    "Belaberta",
    "Sinasa",
    "Rikamira",
    "Willalina",
    "Sinahina",
    "Yaraindrae",
    "Sinala",
    "Ninanina",
    "Belala",
    "Beladaa",
    "Rosafriede",
    "Tildaona",
    "Willatrud",
    "Willana",
    "Marara",
    "Lottada",
    "Idalena",
    "Minahina",
    "Quinamut",
    "Yaranina",
    "Susile",
    "Runanina",
    "Olgalotto",
    "Olgabertau",
    "Ninamira",
    "Xenanina",
    "Runamira",
    "Quinahilde",
    "Minanina",
    "Willalena",
    "Adanau",
    "Piafriede",
    "Marahina",
    "Hannaelina",
    "Belahina",
    "Maralinde",
    "Lottara",
    "Willalott",
    "Idama",
    "Klaraberta",
    "Idafriede",
    "Ninamut",
    "Willagard",
    "Idana",
    "Idatrud",
    "Olgaona",
    "Quinalott",
    "Ullaindra",
    "Zitarina",
    "Ullata",
    "Adadau",
    "Janaberta",
    "Ginaberta",
    "Minafriede",
    "Yarana",
    "Ninamai",
    "Ullagard",
    "Lottale",
    "Janama",
    "Veralena",
    "Susilott",
    "Tildalott",
    "Xenaitta",
    "Susilina",
    "Ginara",
    "Adata",
    "Lottarina",
    "Minaindra",
    "Susifriede",
    "Ginaelinae",
    "Ullaora",
    "Hannafried",
    "Xenaelina",
    "Minahilde",
    "Ullalina",
    "Idata",
    "Veralai",
    "Ullafried",
    "Dinala",
    "Runamuto",
    "Minagard",
    "Susira",
    "Rikaberta",
    "Zitata",
    "Verabertaa",
    "Coraberta",
    "Hannatao",
    "Rikatao",
    "Yaragard",
    "Metamut",
    "Lialena",
    "Zitalott",
    "Adafriedea",
    "Piaelina",
    "Rikada",
    "Willanai",
    "Lenarina",
    "Janaitta",
    "Janagard",
    "Lenale",
    "Susihina",
    "Runalena",
    "Tildaberta",
    "Olgaora",
    "Lenabertae",
    "Ninaitta",
    "Rikafriede",
    "Idala",
    "Olgasa",
    "Rikafried",
    "Ellalenau",
    "Ninara",
    "Lottahilde",
    "Coraitta",
    "Dinaberta",
    "Sinara",
    "Finalinde",
    "Dinaora",
    "Runalott",
    "Coraona",
    "Rikaitta",
    "Runatrud",
    "Coratrud",
    "Janamut",
    "Lottafriede",
    "Sinata",
    "Dinafriedi",
    "Lenana",
    "Yarahilde",
    "Metaora",
    "Susibertau",
    "Minana",
    "Metara",
    "Rosahilde",
    "Minama",
    "Dinale",
    "Zitanina",
    "Belafried",
    "Lenaberta",
    "Maraitta",
    "Minalena",
    "Ginalei",
    "Runaindra",
    "Janamai",
    "Coralena",
    "Dinadaa",
    "Lenara",
    "Lialott",
    "Susigard",
    "Dinarina",
    "Metatrud",
    "Ellada",
    "Liata",
    "Piagard",
    "Klarafriedeo",
    "Ellahina",
    "Runara",
    "Quinaelina",
    "Willafriedeo",
    "Rikama",
    "Yarara",
    "Ninafriede",
    "Ellatrud",
    "Susirina",
    "Idalott",
    "Hannalena",
    "Adada",
    "Adafriede",
    "Ullaelina",
    "Ellagard",
    "Klarafriedei",
    "Corasae",
    "Xenada",
    "Susida",
    "Yarale",
    "Zitaitta",
    "Finata",
    "Ninale",
    "Corahilde",
    "Zitalao",
    "Willara",
    "Rosaelina",
    "Zitara",
    "Tildahilde",
    "Quinarinai",
    "Coralott",
    "Sinamut",
    "Verafriede",
    "Tildahina",
    "Zitala",
    "Yararina",
    "Rikamut",
    "Ellalena",
    "Susilena",
    "Lenaindra",
    "Ginale",
    "Janada",
    "Willahina",
    "Zitafriede",
    "Veramut",
    "Olgafried",
    "Metaelina",
    "Sinaora",
    "Piama",
    "Coramuta",
    "Olgaelina",
    "Tildalotta",
    "Runafried",
    "Rosala",
    "Rikalott",
    "Ullalott",
    "Ullamirao",
    "Ginamut",
    "Quinahina",
    "Minamira",
    "Hannahina",
    "Zitahina",
    "Olgalina",
    "Klaraitta",
    "Coraora",
    "Finarina",
    "Verahilde",
    "Lenata",
    "Ninata",
    "Olgaberta",
    "Yaralena",
    "Rikasa",
    "Lenaora",
    "Ninana",
    "Verafried",
    "Quinatrud",
    "Ellaona",
    "Xenafriede",
    "Ninahilde",
    "Hannalott",
    "Zitafried",
    "Tildasa",
    "Ullatruda",
    "Hannamutu",
    "Idahinao",
    "Xenalenaa",
    "Adamut",
    "Willada",
    "Ellalott",
    "Zitalena",
    "Runalinde",
    "Metaitta",
    "Ullafriede",
    "Ellahilde",
    "Quinara",
    "Minamutu",
    "Janaora",
    "Coraindra",
    "Olgaindra",
    "Olgaelinao",
    "Ninalinde",
    "Xenaberta",
    "Ellamira",
    "Klarahilde",
    "Ellaindra",
    "Ullama",
    "Adaona",
    "Willala",
    "Tildafried",
    "Lenabertaa",
    "Hannamira",
    "Sinamirau",
    "Janata",
    "Idale",
    "Yarahina",
    "Idamut",
    "Hannaora",
    "Lialau",
    "Olgamut",
    "Susimira",
    "Tildala",
    "Xenana",
    "Lenarae",
    "Lenafried",
    "Olgamira",
    "Idaberta",
    "Tildamira",
    "Dinafried",
    "Corabertai",
    "Ullabertau",
    "Rikana",
    "Ellana",
    "Susihilde",
    "Hannafriede",
    "Tildafriede",
    "Belaonai",
    "Liamut",
    "Metalinde",
    "Dinagard",
    "Janalott",
    "Piahilde",
    "Ginalindee",
    "Janahina",
    "Lialao",
    "Ginaindra",
    "Xenalena",
    "Zitafriedei",
    "Ninagard",
    "Maramut",
    "Susiitta",
    "Olgama",
    "Susininaa",
    "Adala",
    "Adarina",
    "Hannalina",
    "Willaindra",
    "Metasa",
    "Adatrud",
    "Finalott",
    "Idalinao",
    "Minaberta",
    "Klarahina",
    "Veramuti",
    "Tildaora",
    "Ellarina",
    "Xenaindra",
    "Quinaberta",
    "Lottalinde",
    "Minaelina",
    "Rosasa",
    "Belana",
    "Ginala",
    "Coranina",
    "Runale",
    "Susielina",
    "Zitahilde",
    "Ullamut",
    "Hannarina",
    "Ullara",
    "Klarata",
    "Quinagard",
    "Liarina",
    "Ullarina",
    "Runabertaa",
    "Lottatrud",
    "Ellama",
    "Xenaora",
    "Tildaitta",
    "Zitaora",
    "Hannaninao",
    "Hannaorau",
    "Ginalina",
    "Zitalina",
    "Rosahina",
    "Finalinau",
    "Ullahina",
    "Adana",
    "Idaora",
    "Yaralott",
    "Marafriede",
    "Ninahina",
    "Adahildei",
    "Yaraona",
    "Ginaona",
    "Verala",
    "Lenafriede",
    "Yarafriede",
    "Belamira",
    "Idaorai",
    "Lenaelina",
    "Piana",
    "Runaitta",
    "Sinalott",
    "Metalena",
    "Lottalina",
    "Metanina",
    "Sinalinde",
    "Lottamira",
    "Zitasa",
    "Lenamut",
    "Metaindra",
    "Ginata",
    "Willahilde",
    "Sinafried",
    "Veraberta",
    "Dinalott",
    "Liahilde",
    "Runata",
    "Piale",
    "Rikalinde",
    "Willamira",
    "Verale",
    "Ninama",
    "Hannalinde",
    "Belanina",
    "Runalenae",
    "Corama",
    "Susimut",
    "Pialina",
    "Ginalinde",
    "Klaraora",
    "Liara",
    "Lottana",
    "Klararina",
    "Sinada",
    "Belaora",
    "Piaona",
    "Susinina",
    "Sinale",
    "Belale",
    "Marafried",
    "Ginasa",
    "Klarafried",
    "Sinaelina",
    "Idamira",
    "Susibertaa",
    "Sinaona"
  ]
}