{
  "authors": [
    {
      "name": "munichjake",
      "email": "munichjake@dnd-session.de",
      "url": "https://dnd-session.de",
      "github": "https://github.com/munichjake"
    }
  ],
  "description": "Deutsche Adelstitel mit Grammatik-Regeln",
  "version": "1.0.1",
  "grammar": {
    "articles": {
      "von": {
        "m": "von",
        "f": "von",
        "n": "von"
      },
      "zu": {
        "m": "zum",
        "f": "zur",
        "n": "zu"
      },
      "aus": {
        "m": "aus",
        "f": "aus",
        "n": "aus"
      },
      "in": {
        "m": "im",
        "f": "in der",
        "n": "im"
      }
    }
  },
  "titles": {
    "male": [
      {
        "name": "König",
        "template": "König {preposition} {settlement}",
        "preposition": "von"
      },
      {
        "name": "Hochkönig",
        "template": "Hochkönig {preposition} {settlement}",
        "preposition": "aller Hallen"
      },
      {
        "name": "Erzfürst",
        "template": "Erzfürst {preposition} {settlement}",
        "preposition": "von"
      },
      {
        "name": "Bergbaron",
        "template": "Bergbaron {preposition} {settlement}",
        "preposition": "zu"
      },
      {
        "name": "Tiefenherr",
        "template": "Tiefenherr {preposition} {settlement}",
        "preposition": "des"
      },
      {
        "name": "Felsengraf",
        "template": "Felsengraf {preposition} {settlement}",
        "preposition": "vom"
      },
      {
        "name": "Runenmeister",
        "template": "Runenmeister {preposition} {settlement}",
        "preposition": "der Runen von"
      },
      {
        "name": "Schildwächter",
        "template": "Schildwächter {preposition} {settlement}",
        "preposition": "des"
      },
      {
        "name": "Ältester",
        "template": "Ältester {preposition} {settlement}",
        "preposition": "des Hauses"
      },
      {
        "name": "Gildenherr",
        "template": "Gildenherr {preposition} {settlement}",
        "preposition": "der Schmiede von"
      }
    ],
    "female": [
      {
        "name": "Königin",
        "template": "Königin {preposition} {settlement}",
        "preposition": "von"
      },
      {
        "name": "Erzfürstin",
        "template": "Erzfürstin {preposition} {settlement}",
        "preposition": "von"
      },
      {
        "name": "Bergbaronin",
        "template": "Bergbaronin {preposition} {settlement}",
        "preposition": "zu"
      },
      {
        "name": "Tiefenherrin",
        "template": "Tiefenherrin {preposition} {settlement}",
        "preposition": "der"
      },
      {
        "name": "Felsengräfin",
        "template": "Felsengräfin {preposition} {settlement}",
        "preposition": "vom"
      },
      {
        "name": "Runenmeisterin",
        "template": "Runenmeisterin {preposition} {settlement}",
        "preposition": "der Runen von"
      },
      {
        "name": "Älteste",
        "template": "Älteste {preposition} {settlement}",
        "preposition": "des Hauses"
      },
      {
        "name": "Gildenherrin",
        "template": "Gildenherrin {preposition} {settlement}",
        "preposition": "der Schmiede von"
      }
    ],
    "nonbinary": []
  }
}