{
  "authors": [
    {
      "name": "munichjake",
      "email": "munichjake@dnd-session.de",
      "url": "https://dnd-session.de",
      "github": "https://github.com/munichjake"
    }
  ],
  "description": "English noble titles for Halflings with grammar rules",
  "version": "1.1.0",
  "grammar": {
    "articles": {
      "of": {
        "m": "of",
        "f": "of",
        "n": "of"
      },
      "from": {
        "m": "from",
        "f": "from",
        "n": "from"
      },
      "in": {
        "m": "in",
        "f": "in",
        "n": "in"
      },
      "at": {
        "m": "at",
        "f": "at",
        "n": "at"
      }
    }
  },
  "titles": {
    "male": [
      {
        "name": "Hillord",
        "template": "Hillord {preposition} {settlement}",
        "preposition": "of"
      },
      {
        "name": "Meadowcount",
        "template": "Meadowcount {preposition} {settlement}",
        "preposition": "of"
      },
      {
        "name": "Hearthbaron",
        "template": "Hearthbaron {preposition} {settlement}",
        "preposition": "of"
      },
      {
        "name": "Pipeknight",
        "template": "Pipeknight {preposition} {settlement}",
        "preposition": "of"
      },
      {
        "name": "Breadprince",
        "template": "Breadprince {preposition} {settlement}",
        "preposition": "of"
      },
      {
        "name": "Alecount",
        "template": "Alecount {preposition} {settlement}",
        "preposition": "of"
      },
      {
        "name": "Gardenkeeper",
        "template": "Gardenkeeper {preposition} {settlement}",
        "preposition": "of"
      }
    ],
    "female": [
      {
        "name": "Hillady",
        "template": "Hillady {preposition} {settlement}",
        "preposition": "of"
      },
      {
        "name": "Meadowcountess",
        "template": "Meadowcountess {preposition} {settlement}",
        "preposition": "of"
      },
      {
        "name": "Hearthbaroness",
        "template": "Hearthbaroness {preposition} {settlement}",
        "preposition": "of"
      },
      {
        "name": "Pipedame",
        "template": "Pipedame {preposition} {settlement}",
        "preposition": "of"
      },
      {
        "name": "Breadprincess",
        "template": "Breadprincess {preposition} {settlement}",
        "preposition": "of"
      },
      {
        "name": "Alecountess",
        "template": "Alecountess {preposition} {settlement}",
        "preposition": "of"
      },
      {
        "name": "Gardenkeeper",
        "template": "Gardenkeeper {preposition} {settlement}",
        "preposition": "of"
      }
    ],
    "nonbinary": [
      {
        "name": "Hillkeeper",
        "template": "Hillkeeper {preposition} {settlement}",
        "preposition": "of"
      },
      {
        "name": "Meadowward",
        "template": "Meadowward {preposition} {settlement}",
        "preposition": "of"
      },
      {
        "name": "Hearthguard",
        "template": "Hearthguard {preposition} {settlement}",
        "preposition": "of"
      },
      {
        "name": "Pipewarden",
        "template": "Pipewarden {preposition} {settlement}",
        "preposition": "of"
      },
      {
        "name": "Breadkeeper",
        "template": "Breadkeeper {preposition} {settlement}",
        "preposition": "of"
      },
      {
        "name": "Aleguard",
        "template": "Aleguard {preposition} {settlement}",
        "preposition": "of"
      }
    ]
  }
}