{
  "authors": [
    {
      "name": "munichjake",
      "email": "munichjake@dnd-session.de",
      "url": "https://dnd-session.de",
      "github": "https://github.com/munichjake"
    }
  ],
  "description": "Deutsche weibliche Aasimarvornamen",
  "version": "1.0.0",
  "names": [
    "Ara",
    "Ela",
    "Gala",
    "Vala",
    "Luma",
    "Sera",
    "Mya",
    "Caela",
    "Aria",
    "Razia",
    "Uria",
    "Zena",
    "Phana",
    "Sola",
    "Rafa",
    "Gaba",
    "Raphaa",
    "Talaa",
    "Zeraa",
    "Hela",
    "Luca",
    "Mela",
    "Nera",
    "Elia",
    "Galia",
    "Valia",
    "Saria",
    "Lumia",
    "Seria",
    "Myia",
    "Ariia",
    "Raziia",
    "Uriia",
    "Zenia",
    "Phania",
    "Solia",
    "Rafia",
    "Gabia",
    "Raphaia",
    "Talaia",
    "Zeraia",
    "Amaria",
    "Helia",
    "Lucia",
    "Melia",
    "Neria",
    "Ariel",
    "Eliel",
    "Galiel",
    "Valiel",
    "Sariel",
    "Lumiel",
    "Seriel",
    "Myiel",
    "Caeliel",
    "Ariiel",
    "Raziiel",
    "Uriiel",
    "Zeniel",
    "Phaniel",
    "Soliel",
    "Rafiel",
    "Gabiel",
    "Raphaiel",
    "Talaiel",
    "Zeraiel",
    "Amariel",
    "Heliel",
    "Luciel",
    "Meliel",
    "Neriel",
    "Arara",
    "Elara",
    "Galara",
    "Valara",
    "Sarara",
    "Lumara",
    "Serara",
    "Myara",
    "Caelara",
    "Ariara",
    "Raziara",
    "Uriara",
    "Zenara",
    "Phanara",
    "Solara",
    "Rafara",
    "Gabara",
    "Raphaara",
    "Talaara",
    "Zeraara",
    "Amarara",
    "Helara",
    "Lucara",
    "Melara",
    "Nerara",
    "Arena",
    "Elena",
    "Galena",
    "Valena",
    "Sarena",
    "Lumena",
    "Serena",
    "Myena",
    "Caelena",
    "Ariena",
    "Raziena",
    "Uriena",
    "Zenena",
    "Phanena",
    "Solena",
    "Rafena",
    "Gabena",
    "Raphaena",
    "Talaena",
    "Zeraena",
    "Amarena",
    "Lucena",
    "Melena",
    "Nerena",
    "Arana",
    "Elana",
    "Galana",
    "Valana",
    "Sarana",
    "Lumana",
    "Serana",
    "Myana",
    "Caelana",
    "Ariana",
    "Raziana",
    "Uriana",
    "Zenana",
    "Phanana",
    "Solana",
    "Rafana",
    "Gabana",
    "Raphaana",
    "Talaana",
    "Zeraana",
    "Amarana",
    "Helana",
    "Lucana",
    "Melana",
    "Nerana",
    "Arissa",
    "Elissa",
    "Galissa",
    "Valissa",
    "Sarissa",
    "Lumissa",
    "Serissa",
    "Myissa",
    "Caelissa",
    "Ariissa",
    "Raziissa",
    "Uriissa",
    "Zenissa",
    "Phanissa",
    "Solissa",
    "Rafissa",
    "Gabissa",
    "Raphaissa",
    "Talaissa",
    "Zeraissa",
    "Amarissa",
    "Helissa",
    "Lucissa",
    "Melissa",
    "Nerissa",
    "Arira",
    "Elira",
    "Galira",
    "Valira",
    "Sarira",
    "Lumira",
    "Serira",
    "Myira",
    "Caelira",
    "Ariira",
    "Raziira",
    "Uriira",
    "Zenira",
    "Phanira",
    "Solira",
    "Rafira",
    "Gabira",
    "Raphaira",
    "Talaira",
    "Zeraira",
    "Amarira",
    "Helira",
    "Lucira",
    "Melira",
    "Nerira",
    "Ariah",
    "Eliah",
    "Galiah",
    "Valiah",
    "Sariah",
    "Lumiah",
    "Seriah",
    "Myiah",
    "Caeliah",
    "Ariiah",
    "Raziiah",
    "Uriiah",
    "Zeniah",
    "Phaniah",
    "Soliah",
    "Rafiah",
    "Gabiah",
    "Raphaiah",
    "Talaiah",
    "Zeraiah",
    "Amariah",
    "Heliah",
    "Luciah",
    "Meliah",
    "Neriah",
    "Ariela",
    "Araela",
    "Ariusa",
    "Ariona",
    "Aranaa",
    "Arenaa",
    "Aretha",
    "Ariaha",
    "Arora",
    "Arriela",
    "Araraa",
    "Arona",
    "Arusa",
    "Araa",
    "Arela",
    "Arinaa",
    "Aresaa",
    "Aroraa",
    "Eliela",
    "Elaela",
    "Eliusa",
    "Eliona",
    "Elanaa",
    "Elenaa",
    "Eletha",
    "Eliaha",
    "Elora",
    "Elriela",
    "Elaraa",
    "Elona",
    "Elusa",
    "Elaa",
    "Elela",
    "Elinaa",
    "Elesaa",
    "Eloraa",
    "Galiela",
    "Galaela",
    "Galiusa",
    "Galiona",
    "Galanaa",
    "Galenaa",
    "Galetha",
    "Galiaha",
    "Galora",
    "Galriela",
    "Galaraa",
    "Galona",
    "Galusa",
    "Galaa",
    "Galela",
    "Galinaa",
    "Galesaa",
    "Galoraa",
    "Valiela",
    "Valaela",
    "Valiusa",
    "Valiona",
    "Valanaa",
    "Valenaa",
    "Valetha",
    "Valiaha",
    "Valriela",
    "Valaraa",
    "Valona",
    "Valusa",
    "Valaa",
    "Valela",
    "Valinaa",
    "Valesaa",
    "Valoraa",
    "Sariela",
    "Saraela",
    "Sariusa",
    "Sariona",
    "Saranaa",
    "Sarenaa",
    "Saretha",
    "Sariaha",
    "Sarora",
    "Sarriela",
    "Sararaa",
    "Sarona",
    "Sarusa",
    "Saraa",
    "Sarela",
    "Sarinaa",
    "Saresaa",
    "Saroraa",
    "Lumiela",
    "Lumaela",
    "Lumiusa",
    "Lumiona",
    "Lumanaa",
    "Lumenaa",
    "Lumetha",
    "Lumiaha",
    "Lumora",
    "Lumriela",
    "Lumaraa",
    "Lumona",
    "Lumusa",
    "Lumaa",
    "Lumela",
    "Luminaa",
    "Lumesaa",
    "Lumoraa",
    "Seriela",
    "Seraela",
    "Seriusa",
    "Seriona",
    "Seranaa",
    "Serenaa",
    "Abrielle",
    "Adalia",
    "Adina",
    "Adriel",
    "Aeliana",
    "Aethelreda",
    "Alana",
    "Alathea",
    "Alina",
    "Allegra",
    "Althea",
    "Amadea",
    "Amara",
    "Ambrosia",
    "Amelia",
    "Amiel",
    "Anabel",
    "Anahita",
    "Anastasya",
    "Angelica",
    "Angelina",
    "Annabelle",
    "Antheia",
    "Apollonia",
    "Aquila",
    "Arabella",
    "Ariadne",
    "Arista",
    "Arlette",
    "Armina",
    "Artemisia",
    "Astra",
    "Astrid",
    "Aura",
    "Aurelia",
    "Aurora",
    "Avila",
    "Azalea",
    "Azrael",
    "Beatrice",
    "Belinda",
    "Benedicta",
    "Bethania",
    "Blanche",
    "Briseis",
    "Bronwen",
    "Caelia",
    "Caelina",
    "Calista",
    "Carina",
    "Cassia",
    "Cassiel",
    "Celeste",
    "Celestia",
    "Celestine",
    "Charis",
    "Charity",
    "Cherubina",
    "Ciel",
    "Clara",
    "Clarissa",
    "Cordelia",
    "Cressida",
    "Cybele",
    "Cyra",
    "Cyrilla",
    "Dafina",
    "Dalila",
    "Damara",
    "Dana",
    "Danica",
    "Daphne",
    "Davina",
    "Deianira",
    "Delphina",
    "Delphine",
    "Demetria",
    "Diana",
    "Dina",
    "Donatella",
    "Dorothea",
    "Drusilla",
    "Eirene",
    "Eldora",
    "Eleonora",
    "Elianna",
    "Elise",
    "Elisabeth",
    "Eliza",
    "Elladora",
    "Elvie",
    "Emeralda",
    "Emilia",
    "Enisa",
    "Eowyn",
    "Ermina",
    "Erminia",
    "Esmeralda",
    "Estelle",
    "Esther",
    "Eufemia",
    "Eugenia",
    "Evangeline",
    "Evelina",
    "Fabiola",
    "Faustina",
    "Fay",
    "Feyra",
    "Filomena",
    "Fiora",
    "Fiorella",
    "Flavia",
    "Flora",
    "Florentina",
    "Francesca",
    "Freya",
    "Gabriela",
    "Galadriel",
    "Galatea",
    "Genevieve",
    "Ginevra",
    "Gloria",
    "Glynis",
    "Gwendolyn",
    "Hadrienne",
    "Hana",
    "Hannah",
    "Hannelore",
    "Helena",
    "Hestia",
    "Hilaria",
    "Honoria",
    "Ianthe",
    "Idalia",
    "Iliana",
    "Ilithyia",
    "Imani",
    "Irene",
    "Iris",
    "Isabella",
    "Isidora",
    "Isolde",
    "Ithaca",
    "Jacinta",
    "Jael",
    "Jemima",
    "Jocasta",
    "Jordana",
    "Jubilee",
    "Juliana",
    "Juniper",
    "Justina",
    "Kaelia",
    "Kalina",
    "Karina",
    "Kassandra",
    "Katia",
    "Katarina",
    "Kerensa",
    "Kezia",
    "Kyra",
    "Laelia",
    "Lailah",
    "Lani",
    "Laniella",
    "Lara",
    "Larisa",
    "Lavinia",
    "Lazarina",
    "Leilani",
    "Lelia",
    "Lianna",
    "Lillith",
    "Lina",
    "Livia",
    "Lorianna",
    "Luciana",
    "Lucienne",
    "Luna",
    "Lydia",
    "Lysandra",
    "Mabel",
    "Magdalena",
    "Maia",
    "Malina",
    "Marcella",
    "Mariam",
    "Mariana",
    "Marigold",
    "Marisol",
    "Melina",
    "Melodia",
    "Michaela",
    "Mila",
    "Mireille",
    "Miriam",
    "Monica",
    "Morwen",
    "Nadia",
    "Nadira",
    "Nathalia",
    "Navia",
    "Neoma",
    "Nereida",
    "Nevaeh",
    "Nia",
    "Niamh",
    "Nicola",
    "Nyssa",
    "Odelia",
    "Oona",
    "Ophelia",
    "Oria",
    "Oriana",
    "Orianna",
    "Orla",
    "Paloma",
    "Patience",
    "Penelope",
    "Perdita",
    "Persephone",
    "Phila",
    "Phoebe",
    "Priscilla",
    "Pulcheria",
    "Quilla",
    "Quirina",
    "Ramona",
    "Raphaela",
    "Regina",
    "Renata",
    "Rhea",
    "Rhiannon",
    "Rochelle",
    "Romana",
    "Rosalia",
    "Rosalie",
    "Rowena",
    "Ruby",
    "Sabina",
    "Sabrina",
    "Saga",
    "Sancia",
    "Saniyah",
    "Sapphira",
    "Sara",
    "Sarafina",
    "Seraphina",
    "Serenity",
    "Severina",
    "Sienna",
    "Silvana",
    "Simone",
    "Sofia",
    "Solange",
    "Stella",
    "Sylvana",
    "Tabitha",
    "Talia",
    "Tamar",
    "Tamara",
    "Tatiana",
    "Terra",
    "Theresia",
    "Thessalia",
    "Thirza",
    "Tiana",
    "Tifara",
    "Tirzah",
    "Titania",
    "Tova",
    "Ulrika",
    "Urania",
    "Valeria",
    "Valeriana",
    "Valerica",
    "Valora",
    "Vasilisa",
    "Vespera",
    "Vesta",
    "Victoria",
    "Vienna",
    "Viola",
    "Virginia",
    "Viviana",
    "Xenia",
    "Yara",
    "Yasmina",
    "Yelena",
    "Yvonne",
    "Zahra",
    "Zara",
    "Zarina",
    "Zela",
    "Zelie",
    "Zoe",
    "Zola",
    "Seretha",
    "Seriaha",
    "Serora",
    "Serriela",
    "Seraraa",
    "Serona",
    "Serusa",
    "Seraa",
    "Serela",
    "Serinaa",
    "Seresaa",
    "Seroraa",
    "Myiela",
    "Myaela",
    "Myiusa",
    "Myiona",
    "Myanaa",
    "Myenaa",
    "Myetha",
    "Myiaha",
    "Myora",
    "Myriela",
    "Myaraa",
    "Myona",
    "Myusa",
    "Myaa",
    "Myela",
    "Myinaa",
    "Myesaa",
    "Myoraa",
    "Caeliela",
    "Caelaela",
    "Caeliusa",
    "Caeliona",
    "Caelanaa",
    "Caelenaa",
    "Caeletha",
    "Caeliaha",
    "Caelora",
    "Caelriela",
    "Caelaraa",
    "Caelona",
    "Caelusa",
    "Caelaa",
    "Caelela",
    "Caelinaa",
    "Caelesaa",
    "Caeloraa",
    "Ariiela",
    "Ariaela",
    "Ariiusa",
    "Ariiona",
    "Arianaa",
    "Arienaa",
    "Arietha",
    "Ariiaha",
    "Ariora",
    "Aririela",
    "Ariaraa",
    "Ariaa",
    "Ariinaa",
    "Ariesaa",
    "Arioraa",
    "Raziiela",
    "Raziaela",
    "Raziiusa",
    "Raziiona",
    "Razianaa",
    "Razienaa",
    "Razietha",
    "Raziiaha",
    "Raziora",
    "Raziriela",
    "Raziaraa",
    "Raziona",
    "Raziusa",
    "Raziaa",
    "Raziela",
    "Raziinaa",
    "Raziesaa",
    "Razioraa",
    "Uriiela",
    "Uriaela",
    "Uriiusa",
    "Uriiona",
    "Urianaa",
    "Urienaa",
    "Urietha",
    "Uriiaha",
    "Uriora",
    "Uririela",
    "Uriaraa",
    "Uriona",
    "Uriusa",
    "Uriaa",
    "Uriela",
    "Uriinaa",
    "Uriesaa",
    "Urioraa",
    "Zeniela",
    "Zenaela",
    "Zeniusa",
    "Zeniona",
    "Zenanaa",
    "Zenenaa",
    "Zenetha",
    "Zeniaha",
    "Zenora",
    "Zenriela",
    "Zenaraa",
    "Zenona",
    "Zenusa",
    "Zenaa",
    "Zenela",
    "Zeninaa",
    "Zenesaa",
    "Zenoraa",
    "Phaniela",
    "Phanaela",
    "Phaniusa",
    "Phaniona",
    "Phananaa",
    "Phanenaa",
    "Phanetha",
    "Phaniaha",
    "Phanora",
    "Phanriela",
    "Phanaraa",
    "Phanona",
    "Phanusa",
    "Phanaa",
    "Phanela",
    "Phaninaa",
    "Phanesaa",
    "Phanoraa",
    "Soliela",
    "Solaela",
    "Soliusa",
    "Soliona",
    "Solanaa",
    "Solenaa",
    "Soletha",
    "Soliaha",
    "Solora",
    "Solriela",
    "Solaraa",
    "Solona",
    "Solusa",
    "Solaa",
    "Solela",
    "Solinaa",
    "Solesaa",
    "Soloraa",
    "Rafiela",
    "Rafaela",
    "Rafiusa",
    "Rafiona",
    "Rafanaa",
    "Rafenaa",
    "Rafetha",
    "Rafiaha",
    "Rafora",
    "Rafriela",
    "Rafaraa",
    "Rafona",
    "Rafusa",
    "Rafaa",
    "Rafela",
    "Rafinaa",
    "Rafesaa",
    "Raforaa",
    "Gabiela",
    "Gabaela",
    "Gabiusa",
    "Gabiona",
    "Gabanaa",
    "Gabenaa",
    "Gabetha",
    "Gabiaha",
    "Gabora",
    "Gabaraa",
    "Gabona",
    "Gabusa",
    "Gabaa",
    "Gabela",
    "Gabinaa",
    "Gabesaa",
    "Gaboraa",
    "Raphaiela",
    "Raphaaela",
    "Raphaiusa",
    "Raphaiona",
    "Raphaanaa",
    "Raphaenaa",
    "Raphaetha",
    "Raphaiaha",
    "Raphaora",
    "Raphariela",
    "Raphaaraa",
    "Raphaona",
    "Raphausa",
    "Raphaaa",
    "Raphainaa",
    "Raphaesaa",
    "Raphaoraa",
    "Talaiela",
    "Talaaela",
    "Talaiusa",
    "Talaiona",
    "Talaanaa",
    "Talaenaa",
    "Talaetha",
    "Talaiaha",
    "Talaora",
    "Talariela",
    "Talaaraa",
    "Talaona",
    "Talausa",
    "Talaaa",
    "Talaela",
    "Talainaa",
    "Talaesaa",
    "Talaoraa",
    "Zeraiela",
    "Zeraaela",
    "Zeraiusa",
    "Zeraiona",
    "Zeraanaa",
    "Zeraenaa",
    "Zeraetha",
    "Zeraiaha",
    "Zeraora",
    "Zerariela",
    "Zeraaraa",
    "Zeraona",
    "Zerausa",
    "Zeraaa",
    "Zeraela",
    "Zerainaa",
    "Zeraesaa",
    "Zeraoraa",
    "Amariela",
    "Amaraela",
    "Amariusa",
    "Amariona",
    "Amaranaa",
    "Amarenaa",
    "Amaretha",
    "Amariaha",
    "Amarora",
    "Amarriela",
    "Amararaa",
    "Amarona",
    "Amarusa",
    "Amaraa",
    "Amarela",
    "Amarinaa",
    "Amaresaa",
    "Amaroraa",
    "Heliela",
    "Helaela",
    "Heliusa",
    "Heliona",
    "Helanaa",
    "Helenaa",
    "Heletha",
    "Heliaha",
    "Helora",
    "Helriela",
    "Helaraa",
    "Helona",
    "Helusa",
    "Helaa",
    "Helela",
    "Helinaa",
    "Helesaa",
    "Heloraa",
    "Luciela",
    "Lucaela",
    "Luciusa",
    "Luciona",
    "Lucanaa",
    "Lucenaa",
    "Lucetha",
    "Luciaha",
    "Lucora",
    "Lucriela",
    "Lucaraa",
    "Lucona",
    "Lucusa",
    "Lucaa",
    "Lucela",
    "Lucinaa",
    "Lucesaa",
    "Lucoraa",
    "Meliela",
    "Melaela",
    "Meliusa",
    "Meliona",
    "Melanaa",
    "Melenaa",
    "Meletha",
    "Meliaha",
    "Melora",
    "Melriela",
    "Melaraa",
    "Melona",
    "Melusa",
    "Melaa",
    "Melela",
    "Melinaa",
    "Melesaa",
    "Meloraa",
    "Neriela",
    "Neraela",
    "Neriusa",
    "Neriona",
    "Neranaa",
    "Nerenaa",
    "Neretha",
    "Neriaha",
    "Nerora",
    "Nerriela",
    "Neraraa",
    "Nerona",
    "Nerusa",
    "Neraa",
    "Nerela",
    "Nerinaa",
    "Neresaa",
    "Neroraa",
    "Arielia",
    "Araelia",
    "Ariusia",
    "Arionia",
    "Aranaia",
    "Arenaia",
    "Arethia",
    "Ariahia",
    "Aroria",
    "Arrielia",
    "Araraia",
    "Aronia",
    "Arusia",
    "Araia",
    "Arelia",
    "Arinaia",
    "Aresaia",
    "Aroraia",
    "Elielia",
    "Elaelia",
    "Eliusia",
    "Elionia",
    "Elanaia",
    "Elenaia",
    "Elethia",
    "Eliahia",
    "Eloria",
    "Elrielia",
    "Elaraia",
    "Elonia",
    "Elusia",
    "Elaia",
    "Elelia",
    "Elinaia",
    "Elesaia",
    "Eloraia",
    "Galielia",
    "Galaelia",
    "Galiusia",
    "Galionia",
    "Galanaia",
    "Galenaia",
    "Galethia",
    "Galiahia",
    "Galoria",
    "Galrielia",
    "Galaraia",
    "Galonia",
    "Galusia",
    "Galaia",
    "Galelia",
    "Galinaia",
    "Galesaia",
    "Galoraia",
    "Valielia",
    "Valaelia",
    "Valiusia",
    "Valionia",
    "Valanaia",
    "Valenaia",
    "Valethia",
    "Valiahia",
    "Valoria",
    "Valrielia",
    "Valaraia",
    "Valonia",
    "Valusia",
    "Valaia",
    "Valelia",
    "Valinaia",
    "Valesaia",
    "Valoraia",
    "Sarielia",
    "Saraelia",
    "Sariusia",
    "Sarionia",
    "Saranaia",
    "Sarenaia",
    "Sarethia",
    "Sariahia",
    "Saroria",
    "Sarrielia",
    "Sararaia",
    "Saronia",
    "Sarusia",
    "Saraia",
    "Sarelia",
    "Sarinaia",
    "Saresaia",
    "Saroraia",
    "Lumielia",
    "Lumaelia",
    "Lumiusia",
    "Lumionia",
    "Lumanaia",
    "Lumenaia",
    "Lumethia",
    "Lumiahia",
    "Lumoria",
    "Lumrielia",
    "Lumaraia",
    "Lumonia",
    "Lumusia",
    "Lumaia",
    "Lumelia",
    "Luminaia",
    "Lumesaia",
    "Lumoraia",
    "Serielia",
    "Seraelia",
    "Seriusia",
    "Serionia",
    "Seranaia",
    "Serenaia",
    "Serethia",
    "Seriahia",
    "Seroria",
    "Serrielia",
    "Seraraia",
    "Seronia",
    "Serusia",
    "Seraia",
    "Serelia",
    "Serinaia",
    "Seresaia",
    "Seroraia",
    "Myielia",
    "Myaelia",
    "Myiusia",
    "Myionia",
    "Myanaia",
    "Myenaia",
    "Myethia",
    "Myiahia",
    "Myoria",
    "Myrielia",
    "Myaraia",
    "Myonia",
    "Myusia",
    "Myaia",
    "Myelia",
    "Myinaia",
    "Myesaia",
    "Myoraia",
    "Caelielia",
    "Caelaelia",
    "Caeliusia",
    "Caelionia",
    "Caelanaia",
    "Caelenaia",
    "Caelethia",
    "Caeliahia",
    "Caeloria",
    "Caelrielia",
    "Caelaraia",
    "Caelonia",
    "Caelusia",
    "Caelaia",
    "Caelelia",
    "Caelinaia",
    "Caelesaia",
    "Caeloraia",
    "Ariielia",
    "Ariaelia",
    "Ariiusia",
    "Ariionia",
    "Arianaia",
    "Arienaia",
    "Ariethia",
    "Ariiahia",
    "Arioria",
    "Aririelia",
    "Ariaraia",
    "Ariaia",
    "Ariinaia",
    "Ariesaia",
    "Arioraia",
    "Raziielia",
    "Raziaelia",
    "Raziiusia",
    "Raziionia",
    "Razianaia",
    "Razienaia",
    "Raziethia",
    "Raziiahia",
    "Razioria",
    "Razirielia",
    "Raziaraia",
    "Razionia",
    "Raziusia",
    "Raziaia",
    "Razielia",
    "Raziinaia",
    "Raziesaia",
    "Razioraia",
    "Uriielia",
    "Uriaelia",
    "Uriiusia",
    "Uriionia",
    "Urianaia",
    "Urienaia",
    "Uriethia",
    "Uriiahia",
    "Urioria",
    "Uririelia",
    "Uriaraia",
    "Urionia",
    "Uriusia",
    "Uriaia",
    "Urielia",
    "Uriinaia",
    "Uriesaia",
    "Urioraia",
    "Zenielia",
    "Zenaelia",
    "Zeniusia",
    "Zenionia",
    "Zenanaia",
    "Zenenaia",
    "Zenethia",
    "Zeniahia",
    "Zenoria",
    "Zenrielia",
    "Zenaraia",
    "Zenonia",
    "Zenusia",
    "Zenaia",
    "Zenelia",
    "Zeninaia",
    "Zenesaia",
    "Zenoraia",
    "Phanielia",
    "Phanaelia",
    "Phaniusia",
    "Phanionia",
    "Phananaia",
    "Phanenaia",
    "Phanethia",
    "Phaniahia",
    "Phanoria",
    "Phanrielia",
    "Phanaraia",
    "Phanonia",
    "Phanusia",
    "Phanaia",
    "Phanelia",
    "Phaninaia",
    "Phanesaia",
    "Phanoraia",
    "Solielia",
    "Solaelia",
    "Soliusia",
    "Solionia",
    "Solanaia",
    "Solenaia",
    "Solethia",
    "Soliahia",
    "Soloria",
    "Solrielia",
    "Solaraia",
    "Solonia",
    "Solusia",
    "Solaia",
    "Solelia",
    "Solinaia",
    "Solesaia",
    "Soloraia",
    "Rafielia",
    "Rafaelia",
    "Rafiusia",
    "Rafionia",
    "Rafanaia",
    "Rafenaia",
    "Rafethia",
    "Rafiahia",
    "Raforia",
    "Rafrielia",
    "Rafaraia",
    "Rafonia",
    "Rafusia",
    "Rafaia",
    "Rafelia",
    "Rafinaia",
    "Rafesaia",
    "Raforaia",
    "Gabielia",
    "Gabaelia",
    "Gabiusia",
    "Gabionia",
    "Gabanaia",
    "Gabenaia",
    "Gabethia",
    "Gabiahia",
    "Gaboria",
    "Gabrielia",
    "Gabaraia",
    "Gabonia",
    "Gabusia",
    "Gabaia",
    "Gabelia",
    "Gabinaia",
    "Gabesaia",
    "Gaboraia",
    "Raphaielia",
    "Raphaaelia",
    "Raphaiusia",
    "Raphaionia",
    "Raphaanaia",
    "Raphaenaia",
    "Raphaethia",
    "Raphaiahia",
    "Raphaoria",
    "Rapharielia",
    "Raphaaraia",
    "Raphaonia",
    "Raphausia",
    "Raphaaia",
    "Raphaelia",
    "Raphainaia",
    "Raphaesaia",
    "Raphaoraia",
    "Talaielia",
    "Talaaelia",
    "Talaiusia",
    "Talaionia",
    "Talaanaia",
    "Talaenaia",
    "Talaethia",
    "Talaiahia",
    "Talaoria",
    "Talarielia",
    "Talaaraia",
    "Talaonia",
    "Talausia",
    "Talaaia",
    "Talaelia",
    "Talainaia",
    "Talaesaia",
    "Talaoraia",
    "Zeraielia",
    "Zeraaelia",
    "Zeraiusia",
    "Zeraionia",
    "Zeraanaia",
    "Zeraenaia",
    "Zeraethia",
    "Zeraiahia",
    "Zeraoria",
    "Zerarielia",
    "Zeraaraia",
    "Zeraonia",
    "Zerausia",
    "Zeraaia",
    "Zeraelia",
    "Zerainaia",
    "Zeraesaia",
    "Zeraoraia",
    "Amarielia",
    "Amaraelia",
    "Amariusia",
    "Amarionia",
    "Amaranaia",
    "Amarenaia",
    "Amarethia",
    "Amariahia",
    "Amaroria",
    "Amarrielia",
    "Amararaia",
    "Amaronia",
    "Amarusia",
    "Amaraia",
    "Amarelia",
    "Amarinaia",
    "Amaresaia",
    "Amaroraia",
    "Helielia",
    "Helaelia",
    "Heliusia",
    "Helionia",
    "Helanaia",
    "Helenaia",
    "Helethia",
    "Heliahia",
    "Heloria",
    "Helrielia",
    "Helaraia",
    "Helonia",
    "Helusia",
    "Helaia",
    "Helelia",
    "Helinaia",
    "Helesaia",
    "Heloraia",
    "Lucielia",
    "Lucaelia",
    "Luciusia",
    "Lucionia",
    "Lucanaia",
    "Lucenaia",
    "Lucethia",
    "Luciahia",
    "Lucoria",
    "Lucrielia",
    "Lucaraia"
  ]
}