{
  "authors": [
    {
      "name": "munichjake",
      "email": "munichjake@dnd-session.de",
      "url": "https://dnd-session.de",
      "github": "https://github.com/munichjake"
    }
  ],
  "description": "Deutsche weibliche Tieflingvornamen",
  "version": "1.0.0",
  "names": [
    "Akha",
    "Zara",
    "Melea",
    "Kraa",
    "Xana",
    "Vora",
    "Luxa",
    "Rava",
    "Sora",
    "Cala",
    "Bela",
    "Aza",
    "Draza",
    "Daea",
    "Thara",
    "Morda",
    "Nera",
    "Zola",
    "Vexa",
    "Kyra",
    "Laza",
    "Rina",
    "Sina",
    "Vasha",
    "Akhia",
    "Zaria",
    "Meleia",
    "Kraia",
    "Xania",
    "Voria",
    "Luxia",
    "Ravia",
    "Soria",
    "Calia",
    "Belia",
    "Azia",
    "Drazia",
    "Daeia",
    "Tharia",
    "Mordia",
    "Neria",
    "Zolia",
    "Vexia",
    "Kyria",
    "Lazia",
    "Rinia",
    "Sinia",
    "Vashia",
    "Akhara",
    "Zarara",
    "Meleara",
    "Kraara",
    "Xanara",
    "Vorara",
    "Luxara",
    "Ravara",
    "Sorara",
    "Calara",
    "Belara",
    "Azara",
    "Drazara",
    "Daeara",
    "Tharara",
    "Mordara",
    "Nerara",
    "Zolara",
    "Vexara",
    "Kyrara",
    "Lazara",
    "Rinara",
    "Sinara",
    "Vashara",
    "Akheth",
    "Zareth",
    "Meleeth",
    "Kraeth",
    "Xaneth",
    "Voreth",
    "Luxeth",
    "Raveth",
    "Soreth",
    "Caleth",
    "Beleth",
    "Azeth",
    "Drazeth",
    "Daeeth",
    "Thareth",
    "Mordeth",
    "Nereth",
    "Zoleth",
    "Vexeth",
    "Kyreth",
    "Lazeth",
    "Rineth",
    "Sineth",
    "Vasheth",
    "Akhira",
    "Zarira",
    "Meleira",
    "Kraira",
    "Xanira",
    "Vorira",
    "Luxira",
    "Ravira",
    "Sorira",
    "Calira",
    "Belira",
    "Azira",
    "Drazira",
    "Daeira",
    "Tharira",
    "Mordira",
    "Nerira",
    "Zolira",
    "Vexira",
    "Kyrira",
    "Lazira",
    "Rinira",
    "Sinira",
    "Vashira",
    "Akhis",
    "Zaris",
    "Meleis",
    "Krais",
    "Xanis",
    "Voris",
    "Luxis",
    "Ravis",
    "Soris",
    "Calis",
    "Belis",
    "Azis",
    "Drazis",
    "Daeis",
    "Tharis",
    "Mordis",
    "Neris",
    "Zolis",
    "Vexis",
    "Kyris",
    "Lazis",
    "Rinis",
    "Sinis",
    "Vashis",
    "Akhiah",
    "Zariah",
    "Meleiah",
    "Kraiah",
    "Xaniah",
    "Voriah",
    "Luxiah",
    "Raviah",
    "Soriah",
    "Caliah",
    "Beliah",
    "Aziah",
    "Draziah",
    "Daeiah",
    "Thariah",
    "Mordiah",
    "Neriah",
    "Zoliah",
    "Vexiah",
    "Kyriah",
    "Laziah",
    "Riniah",
    "Siniah",
    "Vashiah",
    "Akhelle",
    "Zarelle",
    "Meleelle",
    "Kraelle",
    "Xanelle",
    "Vorelle",
    "Luxelle",
    "Ravelle",
    "Sorelle",
    "Calelle",
    "Belelle",
    "Azelle",
    "Drazelle",
    "Daeelle",
    "Tharelle",
    "Mordelle",
    "Nerelle",
    "Zolelle",
    "Vexelle",
    "Kyrelle",
    "Lazelle",
    "Rinelle",
    "Sinelle",
    "Vashelle",
    "Akhora",
    "Zarora",
    "Meleora",
    "Kraora",
    "Xanora",
    "Vorora",
    "Luxora",
    "Ravora",
    "Sorora",
    "Calora",
    "Belora",
    "Azora",
    "Drazora",
    "Daeora",
    "Tharora",
    "Mordora",
    "Nerora",
    "Zolora",
    "Vexora",
    "Kyrora",
    "Lazora",
    "Rinora",
    "Sinora",
    "Vashora",
    "Akhosa",
    "Akhiusa",
    "Akhiela",
    "Akhetha",
    "Akhusa",
    "Akhasa",
    "Akhiraa",
    "Akhitha",
    "Akhona",
    "Akhiaa",
    "Akheusa",
    "Akhorixa",
    "Akhazara",
    "Akhotha",
    "Akherona",
    "Akhurioa",
    "Akhavora",
    "Akhezara",
    "Akhyxa",
    "Zarosa",
    "Zariusa",
    "Zariela",
    "Zaretha",
    "Zarusa",
    "Zarasa",
    "Zariraa",
    "Zaritha",
    "Zarona",
    "Zariaa",
    "Zareusa",
    "Zarorixa",
    "Zarazara",
    "Zarotha",
    "Zarerona",
    "Zarurioa",
    "Zaravora",
    "Zarezara",
    "Zaryxa",
    "Meleosa",
    "Meleiusa",
    "Meleiela",
    "Meleetha",
    "Meleusa",
    "Meleasa",
    "Meleiraa",
    "Meleitha",
    "Meleona",
    "Meleiaa",
    "Meleeusa",
    "Meleorixa",
    "Meleazara",
    "Meleotha",
    "Meleerona",
    "Meleurioa",
    "Meleavora",
    "Meleezara",
    "Meleyxa",
    "Kraosa",
    "Kraiusa",
    "Kraiela",
    "Kraetha",
    "Krausa",
    "Kraasa",
    "Krairaa",
    "Kraitha",
    "Kraona",
    "Kraiaa",
    "Kraeusa",
    "Kraorixa",
    "Kraazara",
    "Kraotha",
    "Kraerona",
    "Kraurioa",
    "Kraavora",
    "Kraezara",
    "Krayxa",
    "Xanosa",
    "Xaniusa",
    "Xaniela",
    "Xanetha",
    "Xanusa",
    "Xanasa",
    "Xaniraa",
    "Xanitha",
    "Xanona",
    "Xaniaa",
    "Xaneusa",
    "Xanorixa",
    "Xanazara",
    "Xanotha",
    "Xanerona",
    "Xanurioa",
    "Xanavora",
    "Xanezara",
    "Xanyxa",
    "Vorosa",
    "Voriusa",
    "Voriela",
    "Voretha",
    "Vorusa",
    "Vorasa",
    "Voriraa",
    "Voritha",
    "Vorona",
    "Voriaa",
    "Voreusa",
    "Vororixa",
    "Vorazara",
    "Vorotha",
    "Vorerona",
    "Vorurioa",
    "Voravora",
    "Vorezara",
    "Voryxa",
    "Luxosa",
    "Luxiusa",
    "Luxiela",
    "Luxetha",
    "Luxusa",
    "Luxasa",
    "Luxiraa",
    "Luxitha",
    "Luxona",
    "Luxiaa",
    "Luxeusa",
    "Luxorixa",
    "Luxazara",
    "Luxotha",
    "Luxerona",
    "Luxurioa",
    "Luxavora",
    "Luxezara",
    "Luxyxa",
    "Ravosa",
    "Raviusa",
    "Raviela",
    "Ravetha",
    "Ravusa",
    "Ravasa",
    "Raviraa",
    "Ravitha",
    "Ravona",
    "Raviaa",
    "Raveusa",
    "Ravorixa",
    "Ravazara",
    "Ravotha",
    "Raverona",
    "Ravurioa",
    "Ravavora",
    "Ravezara",
    "Ravyxa",
    "Sorosa",
    "Soriusa",
    "Soriela",
    "Soretha",
    "Sorusa",
    "Sorasa",
    "Soriraa",
    "Soritha",
    "Sorona",
    "Soriaa",
    "Soreusa",
    "Sororixa",
    "Sorazara",
    "Sorotha",
    "Sorerona",
    "Sorurioa",
    "Soravora",
    "Sorezara",
    "Soryxa",
    "Calosa",
    "Caliusa",
    "Caliela",
    "Caletha",
    "Calusa",
    "Calasa",
    "Caliraa",
    "Calitha",
    "Calona",
    "Caliaa",
    "Caleusa",
    "Calorixa",
    "Calazara",
    "Calotha",
    "Calerona",
    "Calurioa",
    "Calavora",
    "Calezara",
    "Calyxa",
    "Belosa",
    "Beliusa",
    "Beliela",
    "Beletha",
    "Belusa",
    "Belasa",
    "Beliraa",
    "Belitha",
    "Belona",
    "Beliaa",
    "Beleusa",
    "Belorixa",
    "Belazara",
    "Belotha",
    "Belerona",
    "Belurioa",
    "Belavora",
    "Belezara",
    "Belyxa",
    "Azosa",
    "Aziusa",
    "Aziela",
    "Azetha",
    "Azusa",
    "Azasa",
    "Aziraa",
    "Azitha",
    "Azona",
    "Aziaa",
    "Azeusa",
    "Azorixa",
    "Azazara",
    "Azotha",
    "Azerona",
    "Azurioa",
    "Azavora",
    "Azezara",
    "Azyxa",
    "Drazosa",
    "Draziusa",
    "Draziela",
    "Drazetha",
    "Drazusa",
    "Drazasa",
    "Draziraa",
    "Drazitha",
    "Drazona",
    "Draziaa",
    "Drazeusa",
    "Drazorixa",
    "Drazazara",
    "Drazotha",
    "Drazerona",
    "Drazurioa",
    "Drazavora",
    "Drazezara",
    "Drazyxa",
    "Daeosa",
    "Daeiusa",
    "Daeiela",
    "Daeetha",
    "Daeusa",
    "Daeasa",
    "Daeiraa",
    "Daeitha",
    "Daeona",
    "Daeiaa",
    "Daeeusa",
    "Daeorixa",
    "Daeazara",
    "Daeotha",
    "Daeerona",
    "Daeurioa",
    "Daeavora",
    "Daeezara",
    "Daeyxa",
    "Tharosa",
    "Thariusa",
    "Thariela",
    "Tharetha",
    "Tharusa",
    "Tharasa",
    "Thariraa",
    "Tharitha",
    "Tharona",
    "Thariaa",
    "Thareusa",
    "Tharorixa",
    "Tharazara",
    "Tharotha",
    "Tharerona",
    "Tharurioa",
    "Tharavora",
    "Tharezara",
    "Tharyxa",
    "Mordosa",
    "Mordiusa",
    "Mordiela",
    "Mordetha",
    "Mordusa",
    "Mordasa",
    "Mordiraa",
    "Morditha",
    "Mordona",
    "Mordiaa",
    "Mordeusa",
    "Mordorixa",
    "Mordazara",
    "Mordotha",
    "Morderona",
    "Mordurioa",
    "Mordavora",
    "Mordezara",
    "Mordyxa",
    "Nerosa",
    "Neriusa",
    "Neriela",
    "Neretha",
    "Nerusa",
    "Nerasa",
    "Neriraa",
    "Neritha",
    "Nerona",
    "Neriaa",
    "Nereusa",
    "Nerorixa",
    "Nerazara",
    "Nerotha",
    "Nererona",
    "Nerurioa",
    "Neravora",
    "Nerezara",
    "Neryxa",
    "Zolosa",
    "Zoliusa",
    "Zoliela",
    "Zoletha",
    "Zolusa",
    "Zolasa",
    "Zoliraa",
    "Zolitha",
    "Zolona",
    "Zoliaa",
    "Zoleusa",
    "Zolorixa",
    "Zolazara",
    "Zolotha",
    "Zolerona",
    "Zolurioa",
    "Zolavora",
    "Zolezara",
    "Zolyxa",
    "Vexosa",
    "Vexiusa",
    "Vexiela",
    "Vexetha",
    "Vexusa",
    "Vexasa",
    "Vexiraa",
    "Vexitha",
    "Vexona",
    "Vexiaa",
    "Vexeusa",
    "Vexorixa",
    "Vexazara",
    "Vexotha",
    "Vexerona",
    "Vexurioa",
    "Vexavora",
    "Vexezara",
    "Vexyxa",
    "Kyrosa",
    "Kyriusa",
    "Kyriela",
    "Kyretha",
    "Kyrusa",
    "Kyrasa",
    "Kyriraa",
    "Kyritha",
    "Kyrona",
    "Kyriaa",
    "Kyreusa",
    "Kyrorixa",
    "Kyrazara",
    "Kyrotha",
    "Kyrerona",
    "Kyrurioa",
    "Kyravora",
    "Kyrezara",
    "Kyryxa",
    "Lazosa",
    "Laziusa",
    "Laziela",
    "Lazetha",
    "Lazusa",
    "Lazasa",
    "Laziraa",
    "Lazitha",
    "Lazona",
    "Laziaa",
    "Lazeusa",
    "Lazorixa",
    "Lazazara",
    "Lazotha",
    "Lazerona",
    "Lazurioa",
    "Lazavora",
    "Lazezara",
    "Lazyxa",
    "Rinosa",
    "Riniusa",
    "Riniela",
    "Rinetha",
    "Rinusa",
    "Rinasa",
    "Riniraa",
    "Rinitha",
    "Rinona",
    "Riniaa",
    "Rineusa",
    "Rinorixa",
    "Rinazara",
    "Rinotha",
    "Rinerona",
    "Rinurioa",
    "Rinavora",
    "Rinezara",
    "Rinyxa",
    "Sinosa",
    "Siniusa",
    "Siniela",
    "Sinetha",
    "Sinusa",
    "Sinasa",
    "Siniraa",
    "Sinitha",
    "Sinona",
    "Siniaa",
    "Sineusa",
    "Sinorixa",
    "Sinazara",
    "Sinotha",
    "Sinerona",
    "Sinurioa",
    "Sinavora",
    "Sinezara",
    "Sinyxa",
    "Vashosa",
    "Vashiusa",
    "Vashiela",
    "Vashetha",
    "Vashusa",
    "Vashasa",
    "Vashiraa",
    "Vashitha",
    "Vashona",
    "Vashiaa",
    "Vasheusa",
    "Vashorixa",
    "Vashazara",
    "Vashotha",
    "Vasherona",
    "Vashurioa",
    "Vashavora",
    "Vashezara",
    "Vashyxa",
    "Akhosia",
    "Akhiusia",
    "Akhielia",
    "Akhethia",
    "Akhusia",
    "Akhasia",
    "Akhiraia",
    "Akhithia",
    "Akhonia",
    "Akharia",
    "Akhoria",
    "Akhiaia",
    "Akheusia",
    "Akhorixia",
    "Akhazaria",
    "Akhothia",
    "Akheronia",
    "Akhurioia",
    "Akhavoria",
    "Akhezaria",
    "Akhyxia",
    "Zarosia",
    "Zariusia",
    "Zarielia",
    "Zarethia",
    "Zarusia",
    "Zarasia",
    "Zariraia",
    "Zarithia",
    "Zaronia",
    "Zararia",
    "Zaroria",
    "Zariaia",
    "Zareusia",
    "Zarorixia",
    "Zarazaria",
    "Zarothia",
    "Zareronia",
    "Zarurioia",
    "Zaravoria",
    "Zarezaria",
    "Zaryxia",
    "Meleosia",
    "Meleiusia",
    "Meleielia",
    "Meleethia",
    "Meleusia",
    "Meleasia",
    "Meleiraia",
    "Meleithia",
    "Meleonia",
    "Melearia",
    "Meleoria",
    "Meleiaia",
    "Meleeusia",
    "Meleorixia",
    "Meleazaria",
    "Meleothia",
    "Meleeronia",
    "Meleurioia",
    "Meleavoria",
    "Meleezaria",
    "Meleyxia",
    "Kraosia",
    "Kraiusia",
    "Kraielia",
    "Kraethia",
    "Krausia",
    "Kraasia",
    "Krairaia",
    "Kraithia",
    "Kraonia",
    "Kraaria",
    "Kraoria",
    "Kraiaia",
    "Kraeusia",
    "Kraorixia",
    "Kraazaria",
    "Kraothia",
    "Kraeronia",
    "Kraurioia",
    "Kraavoria",
    "Kraezaria",
    "Krayxia",
    "Xanosia",
    "Xaniusia",
    "Xanielia",
    "Xanethia",
    "Xanusia",
    "Xanasia",
    "Xaniraia",
    "Xanithia",
    "Xanonia",
    "Xanaria",
    "Xanoria",
    "Xaniaia",
    "Xaneusia",
    "Xanorixia",
    "Xanazaria",
    "Xanothia",
    "Xaneronia",
    "Xanurioia",
    "Xanavoria",
    "Xanezaria",
    "Xanyxia",
    "Vorosia",
    "Voriusia",
    "Vorielia",
    "Vorethia",
    "Vorusia",
    "Vorasia",
    "Voriraia",
    "Vorithia",
    "Voronia",
    "Voraria",
    "Vororia",
    "Voriaia",
    "Voreusia",
    "Vororixia",
    "Vorazaria",
    "Vorothia",
    "Voreronia",
    "Vorurioia",
    "Voravoria",
    "Vorezaria",
    "Voryxia",
    "Luxosia",
    "Luxiusia",
    "Luxielia",
    "Luxethia",
    "Luxusia",
    "Luxasia",
    "Luxiraia",
    "Luxithia",
    "Luxonia",
    "Luxaria",
    "Luxoria",
    "Luxiaia",
    "Luxeusia",
    "Luxorixia",
    "Luxazaria",
    "Luxothia",
    "Luxeronia",
    "Luxurioia",
    "Luxavoria",
    "Luxezaria",
    "Luxyxia",
    "Ravosia",
    "Raviusia",
    "Ravielia",
    "Ravethia",
    "Ravusia",
    "Ravasia",
    "Raviraia",
    "Ravithia",
    "Ravonia",
    "Ravaria",
    "Ravoria",
    "Raviaia",
    "Raveusia",
    "Ravorixia",
    "Ravazaria",
    "Ravothia",
    "Raveronia",
    "Ravurioia",
    "Ravavoria",
    "Ravezaria",
    "Ravyxia",
    "Sorosia",
    "Soriusia",
    "Sorielia",
    "Sorethia",
    "Sorusia",
    "Sorasia",
    "Soriraia",
    "Sorithia",
    "Soronia",
    "Soraria",
    "Sororia",
    "Soriaia",
    "Soreusia",
    "Sororixia",
    "Sorazaria",
    "Sorothia",
    "Soreronia",
    "Sorurioia",
    "Soravoria",
    "Sorezaria",
    "Soryxia",
    "Calosia",
    "Caliusia",
    "Calielia",
    "Calethia",
    "Calusia",
    "Calasia",
    "Caliraia",
    "Calithia",
    "Calonia",
    "Calaria",
    "Caloria",
    "Caliaia",
    "Caleusia",
    "Calorixia",
    "Calazaria",
    "Calothia",
    "Caleronia",
    "Calurioia",
    "Calavoria",
    "Calezaria",
    "Calyxia",
    "Belosia",
    "Beliusia",
    "Belielia",
    "Belethia",
    "Belusia",
    "Belasia",
    "Beliraia",
    "Belithia",
    "Belonia",
    "Belaria",
    "Beloria",
    "Beliaia",
    "Beleusia",
    "Belorixia",
    "Belazaria",
    "Belothia",
    "Beleronia",
    "Belurioia",
    "Belavoria",
    "Belezaria",
    "Belyxia",
    "Azosia",
    "Aziusia",
    "Azielia",
    "Azethia",
    "Azusia",
    "Azasia",
    "Aziraia",
    "Azithia",
    "Azonia",
    "Azaria",
    "Azoria",
    "Aziaia",
    "Azeusia",
    "Azorixia",
    "Azazaria",
    "Azothia",
    "Azeronia",
    "Azurioia",
    "Azavoria",
    "Azezaria",
    "Azyxia",
    "Drazosia",
    "Draziusia",
    "Drazielia",
    "Drazethia",
    "Drazusia",
    "Drazasia",
    "Draziraia",
    "Drazithia",
    "Drazonia",
    "Drazaria",
    "Drazoria",
    "Draziaia",
    "Drazeusia",
    "Drazorixia",
    "Drazazaria",
    "Drazothia",
    "Drazeronia",
    "Drazurioia",
    "Drazavoria",
    "Drazezaria",
    "Drazyxia",
    "Daeosia",
    "Daeiusia",
    "Daeielia",
    "Daeethia",
    "Daeusia",
    "Daeasia",
    "Daeiraia",
    "Daeithia",
    "Daeonia",
    "Daearia",
    "Daeoria",
    "Daeiaia",
    "Daeeusia",
    "Daeorixia",
    "Daeazaria",
    "Daeothia",
    "Daeeronia",
    "Daeurioia",
    "Daeavoria",
    "Daeezaria",
    "Daeyxia",
    "Tharosia",
    "Thariusia",
    "Tharielia",
    "Tharethia",
    "Tharusia",
    "Tharasia",
    "Thariraia",
    "Tharithia",
    "Tharonia",
    "Thararia",
    "Tharoria",
    "Thariaia",
    "Thareusia",
    "Tharorixia",
    "Tharazaria",
    "Tharothia",
    "Thareronia",
    "Tharurioia",
    "Tharavoria",
    "Tharezaria",
    "Tharyxia",
    "Mordosia",
    "Mordiusia",
    "Mordielia",
    "Mordethia",
    "Mordusia",
    "Mordasia",
    "Mordiraia",
    "Mordithia",
    "Mordonia",
    "Mordaria",
    "Mordoria",
    "Mordiaia",
    "Mordeusia",
    "Mordorixia",
    "Mordazaria",
    "Mordothia",
    "Morderonia",
    "Mordurioia",
    "Mordavoria",
    "Mordezaria",
    "Mordyxia",
    "Nerosia",
    "Neriusia",
    "Nerielia",
    "Nerethia",
    "Nerusia",
    "Nerasia",
    "Neriraia",
    "Nerithia",
    "Neronia",
    "Neraria",
    "Neroria",
    "Neriaia",
    "Nereusia",
    "Nerorixia",
    "Nerazaria",
    "Nerothia",
    "Nereronia",
    "Nerurioia",
    "Neravoria",
    "Nerezaria",
    "Neryxia",
    "Zolosia",
    "Zoliusia",
    "Zolielia",
    "Zolethia",
    "Zolusia",
    "Zolasia",
    "Zoliraia",
    "Zolithia",
    "Zolonia",
    "Zolaria",
    "Zoloria",
    "Zoliaia",
    "Zoleusia",
    "Zolorixia",
    "Zolazaria",
    "Zolothia",
    "Zoleronia",
    "Zolurioia",
    "Zolavoria",
    "Zolezaria",
    "Zolyxia",
    "Vexosia",
    "Vexiusia",
    "Vexielia",
    "Vexethia",
    "Vexusia",
    "Vexasia",
    "Vexiraia",
    "Vexithia",
    "Vexonia",
    "Vexaria",
    "Vexoria",
    "Vexiaia",
    "Vexeusia",
    "Vexorixia",
    "Vexazaria",
    "Vexothia",
    "Vexeronia",
    "Vexurioia",
    "Vexavoria",
    "Vexezaria",
    "Vexyxia",
    "Kyrosia",
    "Kyriusia",
    "Kyrielia",
    "Kyrethia"
  ]
}