{
  "authors": [
    {
      "name": "munichjake",
      "email": "munichjake@dnd-session.de",
      "url": "https://dnd-session.de",
      "github": "https://github.com/munichjake"
    }
  ],
  "description": "Deutsche weibliche Elfen-Vornamen",
  "version": "1.0.0",
  "names": [
    "Loraadis",
    "Eriila",
    "Miraia",
    "Saelwyn",
    "Eriluna",
    "Velaesa",
    "Aramiriel",
    "Odaiao",
    "Erinara",
    "Serivara",
    "Ariadis",
    "Thiaadis",
    "Elaessa",
    "Arawen",
    "Talaara",
    "Ilaessa",
    "Naernara",
    "Odawyn",
    "Miraiel",
    "Elaele",
    "Naerora",
    "Saelwyna",
    "Velaora",
    "Seriluna",
    "Sarilothe",
    "Faenwen",
    "Velavara",
    "Hilalunai",
    "Araona",
    "Odaira",
    "Sarithiel",
    "Ariele",
    "Sarinara",
    "Erilinde",
    "Arimira",
    "Naeretta",
    "Taelara",
    "Aeladis",
    "Iridora",
    "Thialoth",
    "Anethine",
    "Naerila",
    "Ylaia",
    "Linidel",
    "Hilaara",
    "Felaineu",
    "Rosarith",
    "Elaloth",
    "Ariine",
    "Velaara",
    "Taelene",
    "Liniwen",
    "Ariarau",
    "Saelwen",
    "Linithiel",
    "Linitriel",
    "Anethvara",
    "Iladel",
    "Liawyn",
    "Mirawen",
    "Ziraenee",
    "Araesa",
    "Linithiele",
    "Elenthiel",
    "Elenmiriel",
    "Elaara",
    "Odadel",
    "Miratriel",
    "Talaessa",
    "Arionau",
    "Seritriel",
    "Ziraetta",
    "Felarune",
    "Liniira",
    "Naerele",
    "Faendel",
    "Erirune",
    "Velahild",
    "Aeldel",
    "Rosaruneo",
    "Iridinea",
    "Elennara",
    "Miravara",
    "Faeneleo",
    "Seriele",
    "Elaelee",
    "Liniila",
    "Iridene",
    "Elendel",
    "Odaluna",
    "Talathiel",
    "Elenvarao",
    "Felawyn",
    "Odaina",
    "Eritriel",
    "Felavara",
    "Ilaila",
    "Ilarith",
    "Mirawyn",
    "Aelonaa",
    "Yladel",
    "Thiaine",
    "Aelrithe",
    "Miraloth",
    "Anethina",
    "Mirarune",
    "Rosaessa",
    "Hilalinde",
    "Velaiae",
    "Anethorae",
    "Loraia",
    "Minila",
    "Aelvara",
    "Thiaetta",
    "Liaene",
    "Ylaine",
    "Aelwen",
    "Felanarae",
    "Araina",
    "Ilaara",
    "Loraele",
    "Elenrith",
    "Linimirielo",
    "Eriele",
    "Rosaielo",
    "Thiarith",
    "Felaluna",
    "Altriel",
    "Iridhild",
    "Aelira",
    "Velaluna",
    "Saririth",
    "Ziravarae",
    "Liamira",
    "Liaine",
    "Ziraora",
    "Odamira",
    "Thiarunea",
    "Minesa",
    "Anethetta",
    "Miraele",
    "Eriene",
    "Faenmira",
    "Seridel",
    "Faentriel",
    "Eriia",
    "Velamira",
    "Naerara",
    "Anethila",
    "Minwena",
    "Taellunao",
    "Anethrith",
    "Ziraira",
    "Faenona",
    "Veladel",
    "Ylaadis",
    "Ilalinde",
    "Ziraesa",
    "Odainao",
    "Sariesa",
    "Ylaenei",
    "Odaiel",
    "Sarilinde",
    "Taelnara",
    "Rosaesae",
    "Erithiel",
    "Lianara",
    "Minvara",
    "Iridvara",
    "Rosaora",
    "Thialinde",
    "Arivara",
    "Taeltriel",
    "Felaloth",
    "Odahild",
    "Rosaona",
    "Taelona",
    "Linihild",
    "Liaila",
    "Araora",
    "Minthiel",
    "Liniwena",
    "Araonai",
    "Rosaiel",
    "Iridmiriel",
    "Linielea",
    "Odarune",
    "Aelora",
    "Liniia",
    "Saelthiel",
    "Thiahild",
    "Faenloth",
    "Rosaila",
    "Loraila",
    "Minetta",
    "Liaina",
    "Loraona",
    "Faenora",
    "Iridluna",
    "Iridina",
    "Aeliel",
    "Faenene",
    "Loradel",
    "Felaira",
    "Loraonao",
    "Rosalunau",
    "Ararith",
    "Lialinde",
    "Odaessai",
    "Naeria",
    "Alhild",
    "Hilainei",
    "Talaritho",
    "Odaieli",
    "Eridel",
    "Ilavara",
    "Araloth",
    "Aneththiel",
    "Eriiel",
    "Rosamira",
    "Rosaluna",
    "Loratrielo",
    "Odawen",
    "Faenira",
    "Hilarith",
    "Liniine",
    "Alwen",
    "Odaora",
    "Felanarao",
    "Liniora",
    "Ilawyna",
    "Ziranara",
    "Alvara",
    "Ilailai",
    "Aritriel",
    "Minlinde",
    "Naerira",
    "Saelhild",
    "Velairau",
    "Serimiriel",
    "Minrune",
    "Allinde",
    "Eriwen",
    "Saellinde",
    "Alrith",
    "Odarith",
    "Taelwyn",
    "Seriesa",
    "Odamiraa",
    "Liniluna",
    "Sariele",
    "Sarirune",
    "Lorarune",
    "Elavara",
    "Almiriel",
    "Rosarune",
    "Odaine",
    "Ziramirielo",
    "Lorarith",
    "Felairao",
    "Elenadis",
    "Taelila",
    "Talaadis",
    "Anethwyn",
    "Velaetta",
    "Minrith",
    "Saelara",
    "Aliel",
    "Miranara",
    "Elenmira",
    "Ziraona",
    "Miraila",
    "Rosaeleo",
    "Loraaraa",
    "Zirailao",
    "Miravaraa",
    "Arilinde",
    "Ziraine",
    "Felalinde",
    "Aelirao",
    "Anethweno",
    "Miraetta",
    "Elavarao",
    "Rosaina",
    "Sariluna",
    "Iridrith",
    "Liaesa",
    "Ylathiel",
    "Talaira",
    "Eririth",
    "Ariluna",
    "Naertriel",
    "Ziraiel",
    "Talanara",
    "Anethesa",
    "Ilaele",
    "Ylamiriel",
    "Zirarith",
    "Iridine",
    "Elenesa",
    "Talaiel",
    "Talamiriel",
    "Aleneo",
    "Minmira",
    "Rosaia",
    "Felamiriel",
    "Liahild",
    "Odaloth",
    "Ilaira",
    "Araila",
    "Ylaina",
    "Araluna",
    "Taellinde",
    "Felaila",
    "Lialoth",
    "Loraina",
    "Talatriel",
    "Aelona",
    "Araessa",
    "Elenlunaa",
    "Taeline",
    "Seriila",
    "Liaele",
    "Seriirai",
    "Velaia",
    "Faenhild",
    "Sariine",
    "Sariwyn",
    "Rosanara",
    "Thiaiel",
    "Seriora",
    "Eleniel",
    "Serietta",
    "Velaona",
    "Miraira",
    "Miradel",
    "Ziraila",
    "Aravara",
    "Miraora",
    "Saelvara",
    "Iridwyn",
    "Hilamira",
    "Liaora",
    "Ararune",
    "Taelvara",
    "Liathiel",
    "Seriadis",
    "Seriina",
    "Felawen",
    "Faenmiraa",
    "Linielei",
    "Minadis",
    "Talaloth",
    "Rosaloth",
    "Felaiel",
    "Eriesa",
    "Loralotha",
    "Anethmiriel",
    "Loramiriele",
    "Erihild",
    "Odaia",
    "Iridirau",
    "Sariila",
    "Thiaila",
    "Elaene",
    "Faenwyn",
    "Elenluna",
    "Lorawyn",
    "Sariona",
    "Anethluna",
    "Rosahild",
    "Erinaraa",
    "Loramirielo",
    "Aletta",
    "Odamiriel",
    "Velarune",
    "Felathiel",
    "Elenila",
    "Elenora",
    "Miraadis",
    "Ilaadis",
    "Rosalinde",
    "Arimiriel",
    "Ylaluna",
    "Naeradis",
    "Aelhildu",
    "Felavarai",
    "Rosaara",
    "Alessa",
    "Miraene",
    "Saelrith",
    "Lorahild",
    "Iridrune",
    "Taelia",
    "Elenessa",
    "Naerloth",
    "Odavara",
    "Alira",
    "Ylaetta",
    "Odaona",
    "Eriara",
    "Alara",
    "Serionao",
    "Ariona",
    "Ariinau",
    "Miniel",
    "Ylanarau",
    "Liailao",
    "Naerona",
    "Loraine",
    "Elenia",
    "Taeliel",
    "Felatriel",
    "Taelira",
    "Faenara",
    "Ilaine",
    "Felaine",
    "Ilaetta",
    "Rosawen",
    "Ylaira",
    "Erietta",
    "Elenona",
    "Ylaora",
    "Naeresa",
    "Anethmira",
    "Faenia",
    "Ilamiriel",
    "Lininara",
    "Ziraettao",
    "Ziraadis",
    "Seriine",
    "Hilahild",
    "Anethiel",
    "Thiaona",
    "Mirathiel",
    "Erithiela",
    "Arieneu",
    "Rosaetta",
    "Velawyn",
    "Hilathiel",
    "Saelene",
    "Liamirielo",
    "Liniessa",
    "Anethira",
    "Aelwyn",
    "Lorawen",
    "Aelmira",
    "Anethara",
    "Ziraloth",
    "Ariara",
    "Alrune",
    "Velaine",
    "Elenonao",
    "Iridara",
    "Thiadel",
    "Ariora",
    "Talaene",
    "Aline",
    "Araia",
    "Hilaiel",
    "Odaara",
    "Minara",
    "Elenine",
    "Thiaia",
    "Naermira",
    "Eriira",
    "Velatriel",
    "Ziramiriel",
    "Zirarune",
    "Ariiel",
    "Alele",
    "Elamira",
    "Liadel",
    "Anethene",
    "Saeladis",
    "Talaora",
    "Miraine",
    "Iridila",
    "Anethrune",
    "Elaetta",
    "Saeline",
    "Elarith",
    "Liamiraa",
    "Elenloth",
    "Iridele",
    "Minwyna",
    "Felanara",
    "Taelwen",
    "Hilaele",
    "Thiaora",
    "Liairai",
    "Felarith",
    "Talarune",
    "Iridiel",
    "Talamira",
    "Hilaira",
    "Ylaene",
    "Felaesa",
    "Ylarith",
    "Serinara",
    "Minia",
    "Felaessa",
    "Naerrune",
    "Loraloth",
    "Minessa",
    "Faenrith",
    "Elenele",
    "Felaarai",
    "Minora",
    "Naertriele",
    "Elarune",
    "Alina",
    "Elenene",
    "Rosaele",
    "Thiaessa",
    "Eladele",
    "Taelineo",
    "Arawyn",
    "Talaesa",
    "Lorathiel",
    "Aleleu",
    "Ilaina",
    "Ilaiel",
    "Talaelea",
    "Saeletta",
    "Loraesa",
    "Hilanara",
    "Lialuna",
    "Araine",
    "Ilatriel",
    "Odaila",
    "Elentriel",
    "Sarietta",
    "Seriira",
    "Minine",
    "Arithielu",
    "Liaona",
    "Loraora",
    "Linivara",
    "Ziraenei",
    "Linimira",
    "Faenluna",
    "Ariessa",
    "Sariina",
    "Elalinde",
    "Elamiriel",
    "Odaene",
    "Elenlinde",
    "Saelia",
    "Hilarithi",
    "Thiavara",
    "Elaesao",
    "Liniwyn",
    "Lialothi",
    "Ylalunaa",
    "Sariene",
    "Aelene",
    "Saelloth",
    "Sarivara",
    "Naerrith",
    "Loralinde",
    "Faenlinde",
    "Serilindea",
    "Aldel",
    "Liaiel",
    "Erimiriela",
    "Miraara",
    "Loraettau",
    "Talaina",
    "Naerene",
    "Erithielo",
    "Seriara",
    "Loraiel",
    "Iridlinde",
    "Minene",
    "Liawyni",
    "Alila",
    "Ziramira",
    "Taelloth",
    "Felaia",
    "Faenthiel",
    "Elenwen",
    "Hilamiriel",
    "Elaira",
    "Iridadis",
    "Aelinaa",
    "Thiawen",
    "Zirahild",
    "Saritriel",
    "Serihild",
    "Hilaila",
    "Liamiriel",
    "Seriene",
    "Velaeleo",
    "Odatriel",
    "Taelessau",
    "Faenila",
    "Araetta",
    "Taelluna",
    "Aeltriel",
    "Minmiriel",
    "Linitrielu",
    "Liniadis",
    "Faenetta",
    "Mirahild",
    "Saeliel",
    "Elatriel",
    "Rosalothe",
    "Felaona",
    "Araadis",
    "Aladis",
    "Elaiel",
    "Anethnara",
    "Loraluna",
    "Taelrune",
    "Sariia",
    "Thiaele",
    "Rosaesa",
    "Iridloth",
    "Ziraele",
    "Eriine",
    "Talaona",
    "Rosawyn",
    "Elathiel",
    "Aelila",
    "Arihild",
    "Velathiel",
    "Ilamira",
    "Minloth",
    "Hilawen",
    "Anethnarao",
    "Odamirao",
    "Velanara",
    "Liniara",
    "Hilaina",
    "Velaele",
    "Linilinde",
    "Ziraluna",
    "Hilathieli",
    "Aellinde",
    "Alloth",
    "Talalinde",
    "Araadise",
    "Ilahild",
    "Sariadis",
    "Saeltriel",
    "Anethtriel",
    "Sarimiriel",
    "Liniloth",
    "Zirathiel",
    "Velalinde",
    "Iridia",
    "Linithieli",
    "Minluna",
    "Alora",
    "Alesa",
    "Aeline",
    "Ziraene",
    "Ariwyn",
    "Thiaira",
    "Liniinaa",
    "Anethdel",
    "Iridlindea",
    "Velaadisi",
    "Mirarith",
    "Mintriel",
    "Miraessa",
    "Saelmiriel",
    "Zirawen",
    "Miramira",
    "Velaira",
    "Anethona",
    "Aelara",
    "Taelora",
    "Liniwenu",
    "Erilindea",
    "Talaine",
    "Ylawyn",
    "Sariira",
    "Taelessa",
    "Felaadis",
    "Ziralinde",
    "Arirune",
    "Minlunao",
    "Aldeli",
    "Seriwen",
    "Ariila",
    "Ilaona",
    "Liaia",
    "Saelona",
    "Felaetta",
    "Mindel",
    "Aelmiriel",
    "Talaetta",
    "Saelele",
    "Arinara",
    "Velaweni",
    "Seririth",
    "Aratriel",
    "Seriessa",
    "Elenetta",
    "Miraina",
    "Aelina",
    "Naerina",
    "Saellindea",
    "Sariiel",
    "Ariia",
    "Naeressa",
    "Eriona",
    "Liarith",
    "Ylaele",
    "Velaiel",
    "Faenvara",
    "Naerirao",
    "Anethloth",
    "Sarivarae",
    "Arahild",
    "Elenara",
    "Talaluna",
    "Elenina",
    "Aelrune",
    "Minwen",
    "Iridtriel",
    "Anethwen",
    "Ylaila",
    "Velamiriel",
    "Sariruneo",
    "Odaettao",
    "Saelessa",
    "Aellindee",
    "Loravara",
    "Ariene",
    "Thiarune",
    "Felahild",
    "Talaruneo",
    "Talainaa",
    "Anethessa",
    "Ylaessa",
    "Miramiriel",
    "Naerwen",
    "Rosaarau",
    "Sariwen",
    "Elenrune",
    "Miniai",
    "Anetheleu",
    "Ilaluna",
    "Ilanara",
    "Talaia",
    "Feladel",
    "Loraessa",
    "Saelila",
    "Mirarithu",
    "Velaadis",
    "Alnara",
    "Faenine",
    "Erimira",
    "Loramiriel",
    "Iridira",
    "Elamiraa",
    "Faennara",
    "Almira",
    "Alluna",
    "Erivara",
    "Erimiriel",
    "Felamira",
    "Naerine",
    "Felaele",
    "Minwyn",
    "Liawen",
    "Elenhild",
    "Elaona",
    "Iridessa",
    "Odathiel",
    "Naerhild",
    "Aelrith",
    "Alona",
    "Sariloth",
    "Minona",
    "Liniiel",
    "Ziraina",
    "Elenvara",
    "Taeldel",
    "Ariwen",
    "Taeletta",
    "Eriessa",
    "Saelrune",
    "Ylamira",
    "Saelira",
    "Taladel",
    "Mindelo",
    "Elairao",
    "Rosaira",
    "Aradel",
    "Elaila",
    "Ylawen",
    "Ylaona",
    "Ylaloth",
    "Saelora",
    "Miraluna",
    "Aelilau",
    "Loraene",
    "Arathiel",
    "Hilarune",
    "Odanara",
    "Liarune",
    "Odaadis",
    "Felaina",
    "Anethlunau",
    "Miralinde",
    "Aralinde",
    "Elaarau",
    "Thiaene",
    "Rosatriel",
    "Sariara",
    "Aelnara",
    "Thiaarai",
    "Aelessa",
    "Saelmira",
    "Seriona",
    "Sariweno",
    "Naeriel",
    "Elaora",
    "Aelluna",
    "Naerthiel",
    "Loraetta",
    "Ylaiel",
    "Arithiel",
    "Ylahild",
    "Hilaora",
    "Elaina",
    "Velaene",
    "Aelhildo",
    "Ziratriel",
    "Araara",
    "Iridona",
    "Ylarune",
    "Iridthiel",
    "Seriirao",
    "Faeniau",
    "Minnara",
    "Sarimira",
    "Hilaesa",
    "Faenele",
    "Ilarune",
    "Thiahildo",
    "Elenwyn",
    "Araene",
    "Thiathiel",
    "Minele",
    "Saridel",
    "Thiawyn",
    "Hilaloth",
    "Talawen",
    "Odaetta",
    "Thiamiriele",
    "Iridvarao",
    "Ariira",
    "Ariina",
    "Ylatriel",
    "Ylaara",
    "Talarith",
    "Talahild",
    "Elainaa",
    "Faenmiriel",
    "Ylanara",
    "Iriddel",
    "Althiel",
    "Liatriel",
    "Elaia",
    "Taelesa",
    "Elawyn",
    "Naerthieli",
    "Iridmira",
    "Eriloth",
    "Hilaine",
    "Minina",
    "Iridetta",
    "Talaele",
    "Odaele",
    "Rosaadis",
    "Ariesa",
    "Serimira",
    "Aeletta",
    "Ylalinde",
    "Faenrune",
    "Naeradisi",
    "Serirune",
    "Aridel",
    "Thiamiriel",
    "Lininarao",
    "Elenira",
    "Miraona",
    "Ilalothe",
    "Thiaara",
    "Ariloth",
    "Rosaine",
    "Aranara",
    "Linirune",
    "Ilaesa",
    "Eriadis",
    "Alia",
    "Linirith",
    "Rosaesao",
    "Ilawyn",
    "Rosamiriel",
    "Velaina",
    "Liaira",
    "Ziradel",
    "Sariilau",
    "Ilamiriela",
    "Sariessa",
    "Thiaina",
    "Ilawen",
    "Velawen",
    "Taellindei",
    "Loraira",
    "Taelhild",
    "Loratriel",
    "Liavara",
    "Hilawyn",
    "Anethhild",
    "Faenelee",
    "Naerluna",
    "Aelia",
    "Aelloth",
    "Loralindee",
    "Ilaenea",
    "Ziraia",
    "Velaloth",
    "Ilathiel",
    "Loranara",
    "Zirawyna",
    "Ilatrieli",
    "Hilatriel",
    "Naerwyn",
    "Minira",
    "Elaine",
    "Talavara",
    "Faenina",
    "Taelina",
    "Elawen",
    "Aririth",
    "Velarith",
    "Seriiel",
    "Linimiriel",
    "Elaadis",
    "Linietta",
    "Liaessa",
    "Hilaadis",
    "Seriloth",
    "Iridwen",
    "Liaadis",
    "Anethlinde",
    "Naerlinde",
    "Liaonae",
    "Loraara",
    "Sarihild",
    "Hilaene",
    "Talawyn",
    "Ilaadisi",
    "Anethele",
    "Liniesa",
    "Elaonau",
    "Seriia",
    "Velaenei",
    "Seridelo",
    "Faeniel",
    "Naermiriel",
    "Ilaloth",
    "Liniele",
    "Liaonai",
    "Felaesaa",
    "Aelele",
    "Elenwena",
    "Anethia",
    "Rosadel",
    "Seriarao",
    "Thiamira",
    "Aneththielo",
    "Thianara",
    "Anethora",
    "Eriora",
    "Saeldel",
    "Taelwyni",
    "Aramira",
    "Serilinde",
    "Velaessa",
    "Thiaesa",
    "Naerirau",
    "Saelwynu",
    "Ylaesa",
    "Ziraara",
    "Liniona",
    "Sariilaa",
    "Minhild",
    "Sarithielu",
    "Talaila",
    "Araiel",
    "Thialuna",
    "Seriwyn",
    "Hilaluna",
    "Liniina",
    "Elaluna",
    "Naerdel",
    "Odaessa",
    "Ziravara",
    "Taelmiriel",
    "Sariora",
    "Rosaene",
    "Hiladel",
    "Felaora",
    "Faenessa",
    "Eriwyn",
    "Aelesa",
    "Iridnara",
    "Liniene",
    "Elahild",
    "Ziraessa",
    "Zirawyn",
    "Aelhild",
    "Eriina",
    "Erihildi",
    "Ylavara",
    "Hilaetta",
    "Anethadis",
    "Odaesa",
    "Saelesa",
    "Taelthiel",
    "Miraesa",
    "Hilavara",
    "Alwyn",
    "Saelluna",
    "Taelele",
    "Elanara",
    "Araele",
    "Elaesa",
    "Araira",
    "Taelmira",
    "Ilaia",
    "Thiatriel",
    "Ilaora",
    "Aelthiel",
    "Ilaene",
    "Hilaessa",
    "Hilaona",
    "Naervara",
    "Anethdelu",
    "Loramira",
    "Rosathiel",
    "Felaene",
    "Velaila",
    "Taelrith",
    "Saelnara",
    "Eladel",
    "Liaara",
    "Odalinde",
    "Hilaia",
    "Taeladis",
    "Iridesa",
    "Liaetta",
    "Arietta",
    "Mirailaa",
    "Faenesa",
    "Rosamiraa",
    "Erimirai",
    "Serithiel",
    "Alene",
    "Velaadisu",
    "Iridlunae",
    "Aelarao",
    "Faenadis",
    "Felaara",
    "Rosavara",
    "Hilainau",
    "Saelina"
  ]
}