{
  "authors": [
    {
      "name": "munichjake",
      "email": "munichjake@dnd-session.de",
      "url": "https://dnd-session.de",
      "github": "https://github.com/munichjake"
    }
  ],
  "description": "Fictional settlements of the gnome race",
  "version": "1.0.0",
  "settlements": [
    "Tinkerton",
    "Tinkerville",
    "Tinkerburg",
    "Tinkershire",
    "Tinkerstead",
    "Tinkerdale",
    "Tinkerden",
    "Tinkerwarren",
    "Tinkergrove",
    "Tinkerhollow",
    "Tinkervalley",
    "Tinkerhome",
    "Tinkerforge",
    "Tinkerfield",
    "Tinkergarden",
    "Tinkerhill",
    "Tinkerreach",
    "Tinkernook",
    "Tinkertown",
    "Tinkerpond",
    "Whimsyton",
    "Whimsyville",
    "Whimsyburg",
    "Whimsyshire",
    "Whimsystead",
    "Whimsydale",
    "Whimsyden",
    "Whimsywarren",
    "Whimsygrove",
    "Whimsyhollow",
    "Whimsyvalley",
    "Whimsyhome",
    "Whimsyforge",
    "Whimsyfield",
    "Whimsygarden",
    "Whimsyhill",
    "Whimsyreach",
    "Whimsynook",
    "Whimsytown",
    "Whimsypond",
    "Gearton",
    "Gearville",
    "Gearburg",
    "Gearshire",
    "Gearstead",
    "Geardale",
    "Gearden",
    "Gearwarren",
    "Geargrove",
    "Gearhollow",
    "Gearvalley",
    "Gearhome",
    "Gearforge",
    "Gearfield",
    "Geargarden",
    "Gearhill",
    "Gearreach",
    "Gearnook",
    "Geartown",
    "Gearpond",
    "Clockton",
    "Clockville",
    "Clockburg",
    "Clockshire",
    "Clockstead",
    "Clockdale",
    "Clockden",
    "Clockwarren",
    "Clockgrove",
    "Clockhollow",
    "Clockvalley",
    "Clockhome",
    "Clockforge",
    "Clockfield",
    "Clockgarden",
    "Clockhill",
    "Clockreach",
    "Clocknook",
    "Clocktown",
    "Clockpond",
    "Burrowton",
    "Burrowville",
    "Burrowburg",
    "Burrowshire",
    "Burrowstead",
    "Burrowdale",
    "Burrowden",
    "Burrowwarren",
    "Burrowgrove",
    "Burrowhollow",
    "Burrowvalley",
    "Burrowhome",
    "Burrowforge",
    "Burrowfield",
    "Burrowgarden",
    "Burrowhill",
    "Burrowreach",
    "Burrownook",
    "Burrowtown",
    "Burrowpond",
    "Warrenton",
    "Warrenville",
    "Warrenburg",
    "Warrenshire",
    "Warrenstead",
    "Warrendale",
    "Warrenden",
    "Warrenwarren",
    "Warrengrove",
    "Warrenhollow",
    "Warrenvalley",
    "Warrenhome",
    "Warrenforge",
    "Warrenfield",
    "Warrengarden",
    "Warrenhill",
    "Warrenreach",
    "Warrennook",
    "Warrentown",
    "Warrenpond",
    "Sparkton",
    "Sparkville",
    "Sparkburg",
    "Sparkshire",
    "Sparkstead",
    "Sparkdale",
    "Sparkden",
    "Sparkwarren",
    "Sparkgrove",
    "Sparkhollow",
    "Sparkvalley",
    "Sparkhome",
    "Sparkforge",
    "Sparkfield",
    "Sparkgarden",
    "Sparkhill",
    "Sparkreach",
    "Sparknook",
    "Sparktown",
    "Sparkpond",
    "Puddleton",
    "Puddleville",
    "Puddleburg",
    "Puddleshire",
    "Puddlestead",
    "Puddledale",
    "Puddleden",
    "Puddlewarren",
    "Puddlegrove",
    "Puddlehollow",
    "Puddlevalley",
    "Puddlehome",
    "Puddleforge",
    "Puddlefield",
    "Puddlegarden",
    "Puddlehill",
    "Puddlereach",
    "Puddlenook",
    "Puddletown",
    "Puddlepond",
    "Bubbleton",
    "Bubbleville",
    "Bubbleburg",
    "Bubbleshire",
    "Bubblestead",
    "Bubbledale",
    "Bubbleden",
    "Bubblewarren",
    "Bubblegrove",
    "Bubblehollow",
    "Bubblevalley",
    "Bubblehome",
    "Bubbleforge",
    "Bubblefield",
    "Bubblegarden",
    "Bubblehill",
    "Bubblereach",
    "Bubblenook",
    "Bubbletown",
    "Bubblepond",
    "Coggleton",
    "Coggleville",
    "Coggleburg",
    "Coggleshire",
    "Cogglestead",
    "Coggledale",
    "Coggleden",
    "Cogglewarren",
    "Cogglegrove",
    "Cogglehollow",
    "Cogglevalley",
    "Cogglehome",
    "Coggleforge",
    "Cogglefield",
    "Cogglegarden",
    "Cogglehill",
    "Cogglereach",
    "Cogglenook",
    "Coggletown",
    "Cogglepond",
    "Fizzleton",
    "Fizzleville",
    "Fizzleburg",
    "Fizzleshire",
    "Fizzlestead",
    "Fizzledale",
    "Fizzleden",
    "Fizzlewarren",
    "Fizzlegrove",
    "Fizzlehollow",
    "Fizzlevalley",
    "Fizzlehome",
    "Fizzleforge",
    "Fizzlefield",
    "Fizzlegarden",
    "Fizzlehill",
    "Fizzlereach",
    "Fizzlenook",
    "Fizzletown",
    "Fizzlepond",
    "Glimmerton",
    "Glimmerville",
    "Glimmerburg",
    "Glimmershire",
    "Glimmerstead",
    "Glimmerdale",
    "Glimmerden",
    "Glimmerwarren",
    "Glimmergrove",
    "Glimmerhollow",
    "Glimmervalley",
    "Glimmerhome",
    "Glimmerforge",
    "Glimmerfield",
    "Glimmergarden",
    "Glimmerhill",
    "Glimmerreach",
    "Glimmernook",
    "Glimmertown",
    "Glimmerpond",
    "Happyton",
    "Happyville",
    "Happyburg",
    "Happyshire",
    "Happystead",
    "Happydale",
    "Happyden",
    "Happywarren",
    "Happygrove",
    "Happyhollow",
    "Happyvalley",
    "Happyhome",
    "Happyforge",
    "Happyfield",
    "Happygarden",
    "Happyhill",
    "Happyreach",
    "Happynook",
    "Happytown",
    "Happypond",
    "Jingleton",
    "Jingleville",
    "Jingleburg",
    "Jingleshire",
    "Jinglestead",
    "Jingledale",
    "Jingleden",
    "Jinglewarren",
    "Jinglegrove",
    "Jinglehollow",
    "Jinglevalley",
    "Jinglehome",
    "Jingleforge",
    "Jinglefield",
    "Jinglegarden",
    "Jinglehill",
    "Jinglereach",
    "Jinglenook",
    "Jingletown",
    "Jinglepond",
    "Kettleton",
    "Kettleville",
    "Kettleburg",
    "Kettleshire",
    "Kettlestead",
    "Kettledale",
    "Kettleden",
    "Kettlewarren",
    "Kettlegrove",
    "Kettlehollow",
    "Kettlevalley",
    "Kettlehome",
    "Kettleforge",
    "Kettlefield",
    "Kettlegarden",
    "Kettlehill",
    "Kettlereach",
    "Kettlenook",
    "Kettletown",
    "Kettlepond",
    "Lollyton",
    "Lollyville",
    "Lollyburg",
    "Lollyshire",
    "Lollystead",
    "Lollydale",
    "Lollyden",
    "Lollywarren",
    "Lollygrove",
    "Lollyhollow",
    "Lollyvalley",
    "Lollyhome",
    "Lollyforge",
    "Lollyfield",
    "Lollygarden",
    "Lollyhill",
    "Lollyreach",
    "Lollynook",
    "Lollytown",
    "Lollypond",
    "Muddleton",
    "Muddleville",
    "Muddleburg",
    "Muddleshire",
    "Muddlestead",
    "Muddledale",
    "Muddleden",
    "Muddlewarren",
    "Muddlegrove",
    "Muddlehollow",
    "Muddlevalley",
    "Muddlehome",
    "Muddleforge",
    "Muddlefield",
    "Muddlegarden",
    "Muddlehill",
    "Muddlereach",
    "Muddlenook",
    "Muddletown",
    "Muddlepond",
    "Nimbleton",
    "Nimbleville",
    "Nimbleburg",
    "Nimbleshire",
    "Nimblestead",
    "Nimbledale",
    "Nimbleden",
    "Nimblewarren",
    "Nimblegrove",
    "Nimblehollow",
    "Nimblevalley",
    "Nimblehome",
    "Nimbleforge",
    "Nimblefield",
    "Nimblegarden",
    "Nimblehill",
    "Nimblereach",
    "Nimblenook",
    "Nimbletown",
    "Nimblepond",
    "Oddton",
    "Oddville",
    "Oddburg",
    "Oddshire",
    "Oddstead",
    "Odddale",
    "Oddden",
    "Oddwarren",
    "Oddgrove",
    "Oddhollow",
    "Oddvalley",
    "Oddhome",
    "Oddforge",
    "Oddfield",
    "Oddgarden",
    "Oddhill",
    "Oddreach",
    "Oddnook",
    "Oddtown",
    "Oddpond",
    "Pennyton",
    "Pennyville",
    "Pennyburg",
    "Pennyshire",
    "Pennystead",
    "Pennydale",
    "Pennyden",
    "Pennywarren",
    "Pennygrove",
    "Pennyhollow",
    "Pennyvalley",
    "Pennyhome",
    "Pennyforge",
    "Pennyfield",
    "Pennygarden",
    "Pennyhill",
    "Pennyreach",
    "Pennynook",
    "Pennytown",
    "Pennypond",
    "Quirkyton",
    "Quirkyville",
    "Quirkyburg",
    "Quirkyshire",
    "Quirkystead",
    "Quirkydale",
    "Quirkyden",
    "Quirkywarren",
    "Quirkygrove",
    "Quirkyhollow",
    "Quirkyvalley",
    "Quirkyhome",
    "Quirkyforge",
    "Quirkyfield",
    "Quirkygarden",
    "Quirkyhill",
    "Quirkyreach",
    "Quirkynook",
    "Quirkytown",
    "Quirkypond",
    "Riddleton",
    "Riddleville",
    "Riddleburg",
    "Riddleshire",
    "Riddlestead",
    "Riddledale",
    "Riddleden",
    "Riddlewarren",
    "Riddlegrove",
    "Riddlehollow",
    "Riddlevalley",
    "Riddlehome",
    "Riddleforge",
    "Riddlefield",
    "Riddlegarden",
    "Riddlehill",
    "Riddlereach",
    "Riddlenook",
    "Riddletown",
    "Riddlepond",
    "Snuggleton",
    "Snuggleville",
    "Snuggleburg",
    "Snuggleshire",
    "Snugglestead",
    "Snuggledale",
    "Snuggleden",
    "Snugglewarren",
    "Snugglegrove",
    "Snugglehollow",
    "Snugglevalley",
    "Snugglehome",
    "Snuggleforge",
    "Snugglefield",
    "Snugglegarden",
    "Snugglehill",
    "Snugglereach",
    "Snugglenook",
    "Snuggletown",
    "Snugglepond",
    "Twinkleton",
    "Twinkleville",
    "Twinkleburg",
    "Twinkleshire",
    "Twinklestead",
    "Twinkledale",
    "Twinkleden",
    "Twinklewarren",
    "Twinklegrove",
    "Twinklehollow",
    "Twinklevalley",
    "Twinklehome",
    "Twinkleforge",
    "Twinklefield",
    "Twinklegarden",
    "Twinklehill",
    "Twinklereach",
    "Twinklenook",
    "Twinkletown",
    "Twinklepond",
    "Tinkertonton",
    "Tinkertonville",
    "Tinkertonburg",
    "Tinkertonshire",
    "Tinkertonstead",
    "Tinkertondale",
    "Tinkertonden",
    "Tinkertonwarren",
    "Tinkertongrove",
    "Tinkertonhollow",
    "Tinkertonvalley",
    "Tinkertonhome",
    "Tinkertonforge",
    "Tinkertonfield",
    "Tinkertongarden",
    "Tinkertonhill",
    "Tinkertonreach",
    "Tinkertonnook",
    "Tinkertontown",
    "Tinkertonpond",
    "Tinkervilleton",
    "Tinkervilleville",
    "Tinkervilleburg",
    "Tinkervilleshire",
    "Tinkervillestead",
    "Tinkervilledale",
    "Tinkervilleden",
    "Tinkervillewarren",
    "Tinkervillegrove",
    "Tinkervillehollow",
    "Tinkervillevalley",
    "Tinkervillehome",
    "Tinkervilleforge",
    "Tinkervillefield",
    "Tinkervillegarden",
    "Tinkervillehill",
    "Tinkervillereach",
    "Tinkervillenook",
    "Tinkervilletown",
    "Tinkervillepond",
    "Tinkerburgton",
    "Tinkerburgville",
    "Tinkerburgburg",
    "Tinkerburgshire",
    "Tinkerburgstead",
    "Tinkerburgdale",
    "Tinkerburgden",
    "Tinkerburgwarren",
    "Tinkerburggrove",
    "Tinkerburghollow",
    "Tinkerburgvalley",
    "Tinkerburghome",
    "Tinkerburgforge",
    "Tinkerburgfield",
    "Tinkerburggarden",
    "Tinkerburghill",
    "Tinkerburgreach",
    "Tinkerburgnook",
    "Tinkerburgtown",
    "Tinkerburgpond",
    "Tinkershireton",
    "Tinkershireville",
    "Tinkershireburg",
    "Tinkershireshire",
    "Tinkershirestead",
    "Tinkershiredale",
    "Tinkershireden",
    "Tinkershirewarren",
    "Tinkershiregrove",
    "Tinkershirehollow",
    "Tinkershirevalley",
    "Tinkershirehome",
    "Tinkershireforge",
    "Tinkershirefield",
    "Tinkershiregarden",
    "Tinkershirehill",
    "Tinkershirereach",
    "Tinkershirenook",
    "Tinkershiretown",
    "Tinkershirepond",
    "Tinkersteadton",
    "Tinkersteadville",
    "Tinkersteadburg",
    "Tinkersteadshire",
    "Tinkersteadstead",
    "Tinkersteaddale",
    "Tinkersteadden",
    "Tinkersteadwarren",
    "Tinkersteadgrove",
    "Tinkersteadhollow",
    "Tinkersteadvalley",
    "Tinkersteadhome",
    "Tinkersteadforge",
    "Tinkersteadfield",
    "Tinkersteadgarden",
    "Tinkersteadhill",
    "Tinkersteadreach",
    "Tinkersteadnook",
    "Tinkersteadtown",
    "Tinkersteadpond",
    "Tinkerdaleton",
    "Tinkerdaleville",
    "Tinkerdaleburg",
    "Tinkerdaleshire",
    "Tinkerdalestead",
    "Tinkerdaledale",
    "Tinkerdaleden",
    "Tinkerdalewarren",
    "Tinkerdalegrove",
    "Tinkerdalehollow",
    "Tinkerdalevalley",
    "Tinkerdalehome",
    "Tinkerdaleforge",
    "Tinkerdalefield",
    "Tinkerdalegarden",
    "Tinkerdalehill",
    "Tinkerdalereach",
    "Tinkerdalenook",
    "Tinkerdaletown",
    "Tinkerdalepond",
    "Tinkerdenton",
    "Tinkerdenville",
    "Tinkerdenburg",
    "Tinkerdenshire",
    "Tinkerdenstead",
    "Tinkerdendale",
    "Tinkerdenden",
    "Tinkerdenwarren",
    "Tinkerdengrove",
    "Tinkerdenhollow",
    "Tinkerdenvalley",
    "Tinkerdenhome",
    "Tinkerdenforge",
    "Tinkerdenfield",
    "Tinkerdengarden",
    "Tinkerdenhill",
    "Tinkerdenreach",
    "Tinkerdennook",
    "Tinkerdentown",
    "Tinkerdenpond",
    "Tinkerwarrenton",
    "Tinkerwarrenville",
    "Tinkerwarrenburg",
    "Tinkerwarrenshire",
    "Tinkerwarrenstead",
    "Tinkerwarrendale",
    "Tinkerwarrenden",
    "Tinkerwarrenwarren",
    "Tinkerwarrengrove",
    "Tinkerwarrenhollow",
    "Tinkerwarrenvalley",
    "Tinkerwarrenhome",
    "Tinkerwarrenforge",
    "Tinkerwarrenfield",
    "Tinkerwarrengarden",
    "Tinkerwarrenhill",
    "Tinkerwarrenreach",
    "Tinkerwarrennook",
    "Tinkerwarrentown",
    "Tinkerwarrenpond",
    "Tinkergroveton",
    "Tinkergroveville",
    "Tinkergroveburg",
    "Tinkergroveshire",
    "Tinkergrovestead",
    "Tinkergrovedale",
    "Tinkergroveden",
    "Tinkergrovewarren",
    "Tinkergrovegrove",
    "Tinkergrovehollow",
    "Tinkergrovevalley",
    "Tinkergrovehome",
    "Tinkergroveforge",
    "Tinkergrovefield",
    "Tinkergrovegarden",
    "Tinkergrovehill",
    "Tinkergrovereach",
    "Tinkergrovenook",
    "Tinkergrovetown",
    "Tinkergrovepond",
    "Tinkerhollowton",
    "Tinkerhollowville",
    "Tinkerhollowburg",
    "Tinkerhollowshire",
    "Tinkerhollowstead",
    "Tinkerhollowdale",
    "Tinkerhollowden",
    "Tinkerhollowwarren",
    "Tinkerhollowgrove",
    "Tinkerhollowhollow",
    "Tinkerhollowvalley",
    "Tinkerhollowhome",
    "Tinkerhollowforge",
    "Tinkerhollowfield",
    "Tinkerhollowgarden",
    "Tinkerhollowhill",
    "Tinkerhollowreach",
    "Tinkerhollownook",
    "Tinkerhollowtown",
    "Tinkerhollowpond",
    "Tinkervalleyton",
    "Tinkervalleyville",
    "Tinkervalleyburg",
    "Tinkervalleyshire",
    "Tinkervalleystead",
    "Tinkervalleydale",
    "Tinkervalleyden",
    "Tinkervalleywarren",
    "Tinkervalleygrove",
    "Tinkervalleyhollow",
    "Tinkervalleyvalley",
    "Tinkervalleyhome",
    "Tinkervalleyforge",
    "Tinkervalleyfield",
    "Tinkervalleygarden",
    "Tinkervalleyhill",
    "Tinkervalleyreach",
    "Tinkervalleynook",
    "Tinkervalleytown",
    "Tinkervalleypond",
    "Tinkerhometon",
    "Tinkerhomeville",
    "Tinkerhomeburg",
    "Tinkerhomeshire",
    "Tinkerhomestead",
    "Tinkerhomedale",
    "Tinkerhomeden",
    "Tinkerhomewarren",
    "Tinkerhomegrove",
    "Tinkerhomehollow",
    "Tinkerhomevalley",
    "Tinkerhomehome",
    "Tinkerhomeforge",
    "Tinkerhomefield",
    "Tinkerhomegarden",
    "Tinkerhomehill",
    "Tinkerhomereach",
    "Tinkerhomenook",
    "Tinkerhometown",
    "Tinkerhomepond",
    "Tinkerforgeton",
    "Tinkerforgeville",
    "Tinkerforgeburg",
    "Tinkerforgeshire",
    "Tinkerforgestead",
    "Tinkerforgedale",
    "Tinkerforgeden",
    "Tinkerforgewarren",
    "Tinkerforgegrove",
    "Tinkerforgehollow",
    "Tinkerforgevalley",
    "Tinkerforgehome",
    "Tinkerforgeforge",
    "Tinkerforgefield",
    "Tinkerforgegarden",
    "Tinkerforgehill",
    "Tinkerforgereach",
    "Tinkerforgenook",
    "Tinkerforgetown",
    "Tinkerforgepond",
    "Tinkerfieldton",
    "Tinkerfieldville",
    "Tinkerfieldburg",
    "Tinkerfieldshire",
    "Tinkerfieldstead",
    "Tinkerfielddale",
    "Tinkerfieldden",
    "Tinkerfieldwarren",
    "Tinkerfieldgrove",
    "Tinkerfieldhollow",
    "Tinkerfieldvalley",
    "Tinkerfieldhome",
    "Tinkerfieldforge",
    "Tinkerfieldfield",
    "Tinkerfieldgarden",
    "Tinkerfieldhill",
    "Tinkerfieldreach",
    "Tinkerfieldnook",
    "Tinkerfieldtown",
    "Tinkerfieldpond",
    "Tinkergardenton",
    "Tinkergardenville",
    "Tinkergardenburg",
    "Tinkergardenshire",
    "Tinkergardenstead",
    "Tinkergardendale",
    "Tinkergardenden",
    "Tinkergardenwarren",
    "Tinkergardengrove",
    "Tinkergardenhollow",
    "Tinkergardenvalley",
    "Tinkergardenhome",
    "Tinkergardenforge",
    "Tinkergardenfield",
    "Tinkergardengarden",
    "Tinkergardenhill",
    "Tinkergardenreach",
    "Tinkergardennook",
    "Tinkergardentown",
    "Tinkergardenpond",
    "Tinkerhillton",
    "Tinkerhillville",
    "Tinkerhillburg",
    "Tinkerhillshire",
    "Tinkerhillstead",
    "Tinkerhilldale",
    "Tinkerhillden",
    "Tinkerhillwarren",
    "Tinkerhillgrove",
    "Tinkerhillhollow",
    "Tinkerhillvalley",
    "Tinkerhillhome",
    "Tinkerhillforge",
    "Tinkerhillfield",
    "Tinkerhillgarden",
    "Tinkerhillhill",
    "Tinkerhillreach",
    "Tinkerhillnook",
    "Tinkerhilltown",
    "Tinkerhillpond",
    "Tinkerreachton",
    "Tinkerreachville",
    "Tinkerreachburg",
    "Tinkerreachshire",
    "Tinkerreachstead",
    "Tinkerreachdale",
    "Tinkerreachden",
    "Tinkerreachwarren",
    "Tinkerreachgrove",
    "Tinkerreachhollow",
    "Tinkerreachvalley",
    "Tinkerreachhome",
    "Tinkerreachforge",
    "Tinkerreachfield",
    "Tinkerreachgarden",
    "Tinkerreachhill",
    "Tinkerreachreach",
    "Tinkerreachnook"
  ]
}