{
  "authors": [
    {
      "name": "munichjake",
      "email": "munichjake@dnd-session.de",
      "url": "https://dnd-session.de",
      "github": "https://github.com/munichjake"
    }
  ],
  "description": "Deutsche Beinamen für Tieflinge",
  "version": "1.0.1",
  "names": [
    "der Blutgehörnte",
    "der Seelenlose",
    "der Schattengeborene",
    "der Gluthaut",
    "der Flammende",
    "der Gefallene",
    "der Verfluchte",
    "der Gepeinigte",
    "der Seelenfänger",
    "der Ascheträger",
    "der Klagende",
    "der Teufelsblut",
    "der Hörnerkönig",
    "der Höllenreiter",
    "der Seelenbinder",
    "der Dämonenblut",
    "der Schattenklaue",
    "der Pechschwarze",
    "der Dornenmann",
    "der Leidvolle",
    "der Verratene",
    "der Blutverwandte",
    "der Höllenschmied",
    "der Dunkelbringer",
    "der Schicksalslenker",
    "der Schmerzensbringer",
    "der Aschfresser",
    "der Zornige",
    "der Rutenhieb",
    "der Gebrandmarkte",
    "der Blutsucher",
    "der Zerstörer",
    "der Herzlose",
    "der Fluchträger",
    "der Stygische",
    "der Höllenflüsterer",
    "der Verräter",
    "der Dämonenfürst",
    "der Verwirrte",
    "der Aschehauch",
    "der Blutdurstige",
    "der Höllenhund",
    "der Verstoßene",
    "der Seelenbrenner",
    "der Gezeichnete",
    "der Eidgebundene",
    "der Qualvolle",
    "der Schreckliche",
    "der Schattenläufer",
    "der Rachesüchtige",
    "der Infernalische",
    "der Verstoßene",
    "der Lügenmeister",
    "der Schlangenblick",
    "der Feuerspucker",
    "der Dämonenfänger",
    "der Seelenfänger",
    "der Glühende",
    "der Höllenvogel",
    "der Zündler",
    "der Dunkelschmied",
    "der Fluchbrecher",
    "der Kettenbrecher",
    "der Schicksalsweber",
    "der Bluthunger",
    "der Schwarze",
    "der Düster",
    "der Bittere",
    "der Schweigende",
    "der Unbarmherzige",
    "der Erbarmungslose",
    "der Grollende",
    "der Kaltblütige",
    "der Sündige",
    "der Rebellische",
    "der Abtrünnige",
    "der Einzelgänger",
    "der Geringe",
    "der Verlorene",
    "der Zerbrochene",
    "der Wütende",
    "der Grausame",
    "der Düstere",
    "der Unheilvolle",
    "der Verderber",
    "der Zerstörer",
    "der Verzweifelte",
    "der Hasserfüllte",
    "der Scharfrichter",
    "der Leidenschaftliche",
    "der Leidenschaftslose",
    "der Einsame",
    "der Gebrochene",
    "der Zerissene",
    "der Abgrundwandler",
    "der Flammenherz",
    "der Blutschwörer",
    "der Seelenwächter",
    "der Runenbrand",
    "der Höllenfeuer",
    "der Blutkrähe",
    "der Schwefelgeruch",
    "der Paktbrüchige",
    "der Geisterseher",
    "der Schwarzdorn",
    "der Eisenfaust",
    "der Schandfleck",
    "der Zankapfel",
    "der Verrat",
    "der Schmerz",
    "der Gier",
    "der Neid",
    "der Zorn",
    "der Faulheit",
    "der Hochmut",
    "der Wollust",
    "der Finsternis",
    "der Schatten",
    "der Leid",
    "der Qual",
    "der Reue",
    "der Hoffnung",
    "der Erlösung",
    "der Freiheit",
    "der Rache",
    "der Gerechtigkeit",
    "der Stille",
    "der Klage",
    "der Sünde",
    "der Tugend",
    "der Schande",
    "der Ehre",
    "der Stolz",
    "der Demut",
    "der Mut",
    "der Glaube",
    "der Zweifel",
    "der Wahrheit",
    "der Lüge",
    "der Verrat",
    "der Treue",
    "der Hoffnungsvolle",
    "der Hoffnunglose",
    "der Gnadenlose",
    "der Gnädige",
    "der Unbeugsame",
    "der Standhafte",
    "der Unerschrockene",
    "der Bescheidene",
    "der Sanftmütige",
    "der Rachsüchtige",
    "der Aufgebrachte",
    "der Rebell",
    "der Vagabund",
    "der Wanderer",
    "der Fremde",
    "der Außenseiter",
    "der Einsiedler",
    "der Nomade",
    "der Kümmerliche",
    "der Seelenjäger",
    "der Runenmeister",
    "der Flammenzunge",
    "der Blutpakt",
    "der Schattenweber",
    "der Qualenbringer",
    "der Dornenpfad",
    "der Finstermut",
    "der Teufelsklauer",
    "der Infernal",
    "der Abyssal",
    "der Höllentänzer",
    "der Seelenkrieger",
    "der Feuerblut",
    "der Höllensprecher",
    "der Höllenwächter",
    "der Schicksalsspinner",
    "der Kettenklirren",
    "der Flüsterer",
    "der Schlangenzunge",
    "der Blutmal",
    "der Grollen",
    "der Finsterturm",
    "der Aschetritt",
    "der Seelenlos",
    "der Ungeziefer",
    "der Blutsauger",
    "der Geisterflamme",
    "der Schandname",
    "der Verhöhnte",
    "der Spötter",
    "der Kaltbrand",
    "der Eisfaust",
    "der Steinfresser",
    "der Eisflamme",
    "der Flammenküsser",
    "der Schwefelblut",
    "der Teufelspakt",
    "der Höllenbrand",
    "der Schattenflamme",
    "der Blutbrand",
    "der Seelenküsser",
    "der Waisenkind",
    "der Verfluchte",
    "der Verlorene",
    "der Geächtete",
    "der Schicksalskuss",
    "der Schmerzschreier",
    "der Zornbringer",
    "der Eiserne",
    "der Stählerne",
    "der Steinharte",
    "der Dunkle",
    "der Furchtbare",
    "der Schreck",
    "der Albtraum",
    "der Nachtflüsterer",
    "der Dornenkrone",
    "der Eisenbrecher",
    "der Blutdurst",
    "der Blutpakt",
    "der Seelenfresser",
    "der Schattenkuss",
    "der Höllenschlund",
    "der Peiniger",
    "der Zerbrochene",
    "der Gebrochene",
    "der Einsame",
    "der Gezeichnete",
    "der Klagende",
    "der Verleumder",
    "der Verräter",
    "der Meuchler",
    "der Fluch",
    "der Verdammnis",
    "der Höllenfürst",
    "der Teufelsanbeter",
    "der Blutschurke",
    "der Schicksalsgenosse",
    "der Aschemacher",
    "der Flammenfresser",
    "der Klagelied",
    "der Blutrote",
    "der Schwarzgehörnte",
    "der Schattentänzer",
    "der Grollbote",
    "der Blutdürstende",
    "der Eisenpakt",
    "der Schicksalsgefährte",
    "der Lügenbold",
    "der Schattensucher",
    "der Qualenschmied",
    "der Aschendrache",
    "der Dunkelmond",
    "der Geisterhand",
    "der Zornsänger",
    "der Unheil",
    "der Höllenhauch",
    "der Seelenloser",
    "der Teufelsanbeter",
    "der Finsternisbringer",
    "der Peinvolle",
    "der Verzweifelte",
    "der Schandmal",
    "der Bluträcher",
    "der Kettenbrecher",
    "der Schicksalsschlag",
    "der Zerstörer",
    "der Lügenhüter",
    "der Schmerzkrone",
    "der Schattenfürst",
    "der Höllenkuss",
    "der Zornesblut",
    "der Aschemond",
    "der Dunkelkrieger",
    "der Geisterklinge",
    "der Grollenbringer",
    "der Finsternisherrscher",
    "der Peiniger",
    "der Verlierer",
    "der Verdammniskind",
    "der Schandebringer",
    "der Blutkrone",
    "der Schattenreiter",
    "der Klageweber",
    "der Zornesrufer",
    "der Unheilswächter",
    "der Höllenfahrer",
    "der Seelenbinder",
    "der Teufelsruf",
    "der Finsternisklinge",
    "der Peinvoller",
    "der Verzweiflung",
    "der Schandfleck",
    "der Blutrufer",
    "der Schattenkralle",
    "der Klageliedsänger",
    "der Zorneswächter",
    "der Unheilshüter",
    "der Höllenbringer",
    "der Seelenrufer",
    "der Teufelswächter",
    "der Finsterniswächter",
    "der Peinigsrufer",
    "der Verdammnisruf",
    "der Schandeblick",
    "der Bluträcher",
    "der Schattenkrieger",
    "der Klageliedmeister",
    "der Zornesherrscher",
    "der Unheilslenker",
    "der Höllenherrscher",
    "der Seelenhüter",
    "der Teufelsherrscher",
    "der Finsternisbote",
    "der Peinigungsbote",
    "der Verzweiflungsbote",
    "der Schandebote",
    "der Blutbote",
    "der Schattenbote",
    "der Klageliedbote",
    "der Zornesbote",
    "der Unheilsbote",
    "der Höllenbote",
    "der Seelenbote",
    "der Teufelsbote",
    "der Finsternisherold",
    "der Peinigungsherold",
    "der Verzweiflungsherold",
    "der Schandeherold",
    "der Blutherold",
    "der Schattenherold",
    "der Klageliedherold",
    "der Zornesherold",
    "der Unheilsherold",
    "der Höllenherold",
    "der Seelenherold",
    "der Teufelsherold",
    "der Finsterniswahrer",
    "der Peinigungswahrer",
    "der Verzweiflungswahrer",
    "der Schandewahrer",
    "der Blutwahrer",
    "der Schattenwahrer",
    "der Klageliedwahrer",
    "der Zorneswahrer",
    "der Unheilswahrer",
    "der Höllenwahrer",
    "der Seelenwahrer",
    "der Teufelswahrer",
    "der Finsternisbändiger",
    "der Peinigungsbändiger",
    "der Verzweiflungsbändiger",
    "der Schandebändiger",
    "der Blutsbändiger",
    "der Schattenbändiger",
    "der Klageliedbändiger",
    "der Zornesbändiger",
    "der Unheilsbändiger",
    "der Höllenbändiger",
    "der Seelenbändiger",
    "der Teufelsbändiger",
    "der Finsternisrufer",
    "der Peinigungsrufer",
    "der Verzweiflungsrufer",
    "der Schanderufer",
    "der Blutrufer",
    "der Schattenrufer",
    "der Klageliedrufer",
    "der Zornesrufer",
    "der Unheilsrufer",
    "der Höllenrufer",
    "der Seelenrufer",
    "der Teufelsrufer",
    "der Aschehauch",
    "der Blutregen",
    "der Seelenbrand",
    "der Höllenkiesel",
    "der Schattenkuss",
    "der Eisfrost",
    "der Flammenpfad",
    "der Schwefelwind",
    "der Pechflut",
    "der Nachtdorn",
    "der Eisenhaut",
    "der Klagestein",
    "der Grollstrom",
    "der Dämonenjäger",
    "der Seelenläufer",
    "der Rabenblut",
    "der Schandfleck",
    "der Zornesfuror",
    "der Verzweiflungsschrei",
    "der Ascheschlund",
    "der Blutrune",
    "der Schattenpakt",
    "der Eisgepeitschte",
    "der Flammenrufer",
    "der Schwefelbringer",
    "der Pechschatten",
    "der Nachtmahr",
    "der Eisenfluch",
    "der Klagewind",
    "der Grollklinge",
    "der Dämonenklage",
    "der Seelenverwandte",
    "der Rabenfeder",
    "der Schandebinder",
    "der Zornesfluch",
    "der Verzweiflungstänzer",
    "der Ascheregen",
    "der Blutstrom",
    "der Schattenwächter",
    "der Eisflamme",
    "der Flammenküsser",
    "der Schwefelatem",
    "der Pechpfad",
    "der Nachtkuss",
    "der Eisenwille",
    "der Klagemeister",
    "der Grollschmied",
    "der Dämonenbruder",
    "der Seelenwunde",
    "der Rabenschrei",
    "der Schandemeister",
    "der Zornesbrand",
    "der Verzweiflungsbringer",
    "der Aschehimmel",
    "der Blutschurke",
    "der Schattensucher",
    "der Eisfaust",
    "der Flammenherold",
    "der Schwefelmond",
    "der Pechgeist",
    "der Nachtwandler",
    "der Eisensoldat",
    "der Klagesänger",
    "der Grollwächter",
    "der Dämonenflüsterer",
    "der Seelenjäger",
    "der Rabenvater",
    "der Schandenbringer",
    "der Zornesmacher",
    "der Verzweiflungswandler",
    "der Aschebrand",
    "der Blutstropfen",
    "der Schattenturm",
    "der Eisdorn",
    "der Flammenkrieger",
    "der Schwefelklinge",
    "der Pechvogel",
    "der Nachtgeborene",
    "der Eisenherz",
    "der Klagenbringer",
    "der Grollschatten",
    "der Dämonenrufer",
    "der Seelenfänger",
    "der Rabenkönig",
    "der Schandenschmied",
    "der Zornesbringer",
    "der Verzweiflungslied",
    "der Aschemensch",
    "der Blutfalke",
    "der Schattengänger",
    "der Eisflüsterer",
    "der Flammenherz",
    "der Schwefelseele",
    "der Pechmutter",
    "der Nachtjäger",
    "der Eisenfaust",
    "der Klagemaul",
    "der Grollweber",
    "der Dämonenpakt",
    "der Seelenklinge",
    "der Rabenschatten",
    "der Schandensoldat",
    "der Zornesläufer",
    "der Verzweiflungssucher",
    "der Aschendiener",
    "der Blutvergießer",
    "der Schattendiener",
    "der Eisbrecher",
    "der Flammenzüngler",
    "der Schwefelmann",
    "der Pechfluch",
    "der Nachtklinge",
    "der Eisenreiter",
    "der Klagewächter",
    "der Grollbote",
    "der Dämonenmeister",
    "der Seelenbote",
    "der Rabenfluch",
    "der Schandensänger",
    "der Zorneswächter",
    "der Verzweiflungsherold",
    "der Aschefresser",
    "der Blutmann",
    "der Schattensoldat",
    "der Eiswächter",
    "der Flammensoldat",
    "der Schwefelritter",
    "der Pechwächter",
    "der Nachtfluch",
    "der Eisenritter",
    "der Klagereiter",
    "der Grolljäger",
    "der Dämonenrufer",
    "der Seelenkrieger",
    "der Rabenklinge",
    "der Schandenschmied",
    "der Zornesritter",
    "der Verzweiflungsritter",
    "der Ascheritter",
    "der Blutritter",
    "der Schattenritter",
    "der Eisritter",
    "der Flammenritter",
    "der Schwefelritter",
    "der Pechritter",
    "der Nachtritter",
    "der Eisenfluch",
    "der Klageliedritter",
    "der Grollritter",
    "der Dämonenritter",
    "der Seelenritter",
    "der Rabenritter",
    "der Schandenritter",
    "der Zornesritter",
    "der Verzweiflungsritter",
    "der Ascheritter",
    "der Blutritter",
    "der Schattenritter",
    "der Eisritter",
    "der Flammenritter",
    "der Schwefelritter",
    "der Pechritter",
    "der Nachtritter",
    "der Eisensoldat",
    "der Klageliedritter",
    "der Grollsoldat",
    "der Dämonensoldat",
    "der Seelensoldat",
    "der Rabensoldat",
    "der Schandensoldat",
    "der Zornesoldat",
    "der Verzweiflungssoldat",
    "der Aschesoldat",
    "der Blutsoldat",
    "der Schattensoldat",
    "der Eissoldat",
    "der Flammensoldat",
    "der Schwefelsoldat",
    "der Pechsoldat",
    "der Nachtsoldat",
    "der Dornenblut",
    "der Schattengroll",
    "der Aschebrand",
    "der Blutpakt",
    "der Höllenauge",
    "der Geisterfaust",
    "der Klagemeister",
    "der Dämonenblick",
    "der Schwefelsturm",
    "der Pechnacht",
    "der Rabenflügel",
    "der Zornesmacht",
    "der Verzweiflungswandler",
    "der Seelenbinder",
    "der Grollfluch",
    "der Flammenkuss",
    "der Dunkelherz",
    "der Eisendorn",
    "der Schicksalsläufer",
    "der Blutdorn",
    "der Höllenflamme",
    "der Geisterfluch",
    "der Klagelied",
    "der Dämonenflamme",
    "der Schwefelhauch",
    "der Pechmantel",
    "der Rabenschrei",
    "der Zorneslied",
    "der Verzweiflungspakt",
    "der Seelenwächter",
    "der Grollsturm",
    "der Flammenläufer",
    "der Dunkelkralle",
    "der Eisenmantel",
    "der Schicksalsweber",
    "der Blutlied",
    "der Höllenruf",
    "der Geisterreiter",
    "der Klagesturm",
    "der Dämonenritter",
    "der Schwefelglut",
    "der Pechdorn",
    "der Rabenklaue",
    "der Zornesbringer",
    "der Verzweiflungsschmerz",
    "der Seelenschmied",
    "der Grollläufer",
    "der Flammenauge",
    "der Dunkelmacher",
    "der Eisenwächter",
    "der Schicksalsmeister",
    "der Blutläufer",
    "der Höllenbringer",
    "der Geisterwächter",
    "der Klageliedmeister",
    "der Dämonenhüter",
    "der Schwefelbrand",
    "der Pechläufer",
    "der Rabenjäger",
    "der Zorneswächter",
    "der Verzweiflungshauch",
    "der Seelenfresser",
    "der Grollbringer",
    "der Flammenwächter",
    "der Dunkelgänger",
    "der Eisenschild",
    "der Schicksalskrieger",
    "der Blutwächter",
    "der Höllenwächter",
    "der Geisterkrieger",
    "der Klageliedwächter",
    "der Dämonenkrieger",
    "der Schwefelkrieger",
    "der Pechkrieger",
    "der Rabenkrieger",
    "der Zornesfresser",
    "der Verzweiflungskrieger",
    "der Seelenkrieger",
    "der Grollkrieger",
    "der Flammenkrieger",
    "der Dunkelkrieger",
    "der Eisenkrieger"
  ]
}