{
  "authors": [
    {
      "name": "munichjake",
      "email": "munichjake@dnd-session.de",
      "url": "https://dnd-session.de",
      "github": "https://github.com/munichjake"
    }
  ],
  "description": "Deutsche männliche Dragonbornvornamen",
  "version": "1.0.0",
  "names": [
    "Balar",
    "Korrar",
    "Darar",
    "Tharar",
    "Vorar",
    "Rhazar",
    "Skaar",
    "Zhaar",
    "Arjar",
    "Ghaar",
    "Drakar",
    "Xalar",
    "Zarar",
    "Varar",
    "Uldar",
    "Droar",
    "Traxar",
    "Vyrar",
    "Rhogarar",
    "Grolar",
    "Belar",
    "Fenar",
    "Nithar",
    "Mornar",
    "Balash",
    "Korrash",
    "Darash",
    "Tharash",
    "Vorash",
    "Rhazash",
    "Skaash",
    "Zhaash",
    "Arjash",
    "Ghaash",
    "Drakash",
    "Xalash",
    "Zarash",
    "Varash",
    "Uldash",
    "Droash",
    "Traxash",
    "Vyrash",
    "Rhogarash",
    "Grolash",
    "Belash",
    "Fenash",
    "Nithash",
    "Mornash",
    "Balax",
    "Korrax",
    "Darax",
    "Tharax",
    "Vorax",
    "Rhazax",
    "Skaax",
    "Zhaax",
    "Arjax",
    "Ghaax",
    "Drakax",
    "Xalax",
    "Zarax",
    "Varax",
    "Uldax",
    "Droax",
    "Traxax",
    "Vyrax",
    "Rhogarax",
    "Grolax",
    "Belax",
    "Fenax",
    "Nithax",
    "Mornax",
    "Baloth",
    "Korroth",
    "Daroth",
    "Tharoth",
    "Voroth",
    "Rhazoth",
    "Skaoth",
    "Zhaoth",
    "Arjoth",
    "Ghaoth",
    "Drakoth",
    "Xaloth",
    "Zaroth",
    "Varoth",
    "Uldoth",
    "Drooth",
    "Traxoth",
    "Vyroth",
    "Rhogaroth",
    "Groloth",
    "Beloth",
    "Fenoth",
    "Nithoth",
    "Mornoth",
    "Balor",
    "Korror",
    "Daror",
    "Tharor",
    "Voror",
    "Rhazor",
    "Skaor",
    "Zhaor",
    "Arjor",
    "Ghaor",
    "Drakor",
    "Xalor",
    "Zaror",
    "Varor",
    "Uldor",
    "Droor",
    "Traxor",
    "Vyror",
    "Rhogaror",
    "Grolor",
    "Belor",
    "Fenor",
    "Nithor",
    "Mornor",
    "Balaz",
    "Korraz",
    "Daraz",
    "Tharaz",
    "Voraz",
    "Rhazaz",
    "Skaaz",
    "Zhaaz",
    "Arjaz",
    "Ghaaz",
    "Drakaz",
    "Xalaz",
    "Zaraz",
    "Varaz",
    "Uldaz",
    "Droaz",
    "Traxaz",
    "Vyraz",
    "Rhogaraz",
    "Grolaz",
    "Belaz",
    "Fenaz",
    "Nithaz",
    "Mornaz",
    "Balix",
    "Korrix",
    "Darix",
    "Tharix",
    "Vorix",
    "Rhazix",
    "Skaix",
    "Zhaix",
    "Arjix",
    "Ghaix",
    "Drakix",
    "Xalix",
    "Zarix",
    "Varix",
    "Uldix",
    "Droix",
    "Traxix",
    "Vyrix",
    "Rhogarix",
    "Grolix",
    "Belix",
    "Fenix",
    "Nithix",
    "Mornix",
    "Balan",
    "Korran",
    "Daran",
    "Tharan",
    "Voran",
    "Rhazan",
    "Skaan",
    "Zhaan",
    "Arjan",
    "Ghaan",
    "Drakan",
    "Xalan",
    "Zaran",
    "Varan",
    "Uldan",
    "Droan",
    "Traxan",
    "Vyran",
    "Rhogaran",
    "Grolan",
    "Belan",
    "Fenan",
    "Nithan",
    "Mornan",
    "Balarar",
    "Balashar",
    "Balazar",
    "Balanar",
    "Balorar",
    "Balaxar",
    "Balithar",
    "Balosar",
    "Balothar",
    "Balirar",
    "Balarxar",
    "Baleanar",
    "Balornar",
    "Balalar",
    "Balenar",
    "Baliusar",
    "Balixar",
    "Balathar",
    "Balemar",
    "Balumar",
    "Balakar",
    "Balokar",
    "Korrarar",
    "Korrashar",
    "Korrazar",
    "Korranar",
    "Korrorar",
    "Korraxar",
    "Korrithar",
    "Korrosar",
    "Korrothar",
    "Korrirar",
    "Korrarxar",
    "Korreanar",
    "Korrornar",
    "Korralar",
    "Korrenar",
    "Korriusar",
    "Korrixar",
    "Korrathar",
    "Korremar",
    "Korrumar",
    "Korrakar",
    "Korrokar",
    "Dararar",
    "Darashar",
    "Darazar",
    "Daranar",
    "Darorar",
    "Daraxar",
    "Darithar",
    "Darosar",
    "Darothar",
    "Darirar",
    "Dararxar",
    "Dareanar",
    "Darornar",
    "Daralar",
    "Darenar",
    "Dariusar",
    "Darixar",
    "Darathar",
    "Daremar",
    "Darumar",
    "Darakar",
    "Darokar",
    "Thararar",
    "Tharashar",
    "Tharazar",
    "Tharanar",
    "Tharorar",
    "Tharaxar",
    "Tharithar",
    "Tharosar",
    "Tharothar",
    "Tharirar",
    "Thararxar",
    "Thareanar",
    "Tharornar",
    "Tharalar",
    "Tharenar",
    "Thariusar",
    "Tharixar",
    "Tharathar",
    "Tharemar",
    "Tharumar",
    "Tharakar",
    "Tharokar",
    "Vorarar",
    "Vorashar",
    "Vorazar",
    "Voranar",
    "Vororar",
    "Voraxar",
    "Vorithar",
    "Vorosar",
    "Vorothar",
    "Vorirar",
    "Vorarxar",
    "Voreanar",
    "Vorornar",
    "Voralar",
    "Vorenar",
    "Voriusar",
    "Vorixar",
    "Vorathar",
    "Voremar",
    "Vorumar",
    "Vorakar",
    "Vorokar",
    "Rhazarar",
    "Rhazashar",
    "Rhazazar",
    "Rhazanar",
    "Rhazorar",
    "Rhazaxar",
    "Rhazithar",
    "Rhazosar",
    "Rhazothar",
    "Rhazirar",
    "Rhazarxar",
    "Rhazeanar",
    "Rhazornar",
    "Rhazalar",
    "Rhazenar",
    "Rhaziusar",
    "Rhazixar",
    "Rhazathar",
    "Rhazemar",
    "Rhazumar",
    "Rhazakar",
    "Rhazokar",
    "Skaarar",
    "Skaashar",
    "Skaazar",
    "Skaanar",
    "Skaorar",
    "Skaaxar",
    "Skaithar",
    "Skaosar",
    "Skaothar",
    "Skairar",
    "Skaarxar",
    "Skaeanar",
    "Skaornar",
    "Skaalar",
    "Skaenar",
    "Skaiusar",
    "Skaixar",
    "Skaathar",
    "Skaemar",
    "Skaumar",
    "Skaakar",
    "Skaokar",
    "Zhaarar",
    "Zhaashar",
    "Zhaazar",
    "Zhaanar",
    "Zhaorar",
    "Zhaaxar",
    "Zhaithar",
    "Zhaosar",
    "Zhaothar",
    "Zhairar",
    "Zhaarxar",
    "Zhaeanar",
    "Zhaornar",
    "Zhaalar",
    "Zhaenar",
    "Zhaiusar",
    "Zhaixar",
    "Zhaathar",
    "Zhaemar",
    "Zhaumar",
    "Zhaakar",
    "Zhaokar",
    "Arjarar",
    "Arjashar",
    "Arjazar",
    "Arjanar",
    "Arjorar",
    "Arjaxar",
    "Arjithar",
    "Arjosar",
    "Arjothar",
    "Arjirar",
    "Arjarxar",
    "Arjeanar",
    "Arjornar",
    "Arjalar",
    "Arjenar",
    "Arjiusar",
    "Arjixar",
    "Arjathar",
    "Arjemar",
    "Arjumar",
    "Arjakar",
    "Arjokar",
    "Ghaarar",
    "Ghaashar",
    "Ghaazar",
    "Ghaanar",
    "Ghaorar",
    "Ghaaxar",
    "Ghaithar",
    "Ghaosar",
    "Ghaothar",
    "Ghairar",
    "Ghaarxar",
    "Ghaeanar",
    "Ghaornar",
    "Ghaalar",
    "Ghaenar",
    "Ghaiusar",
    "Ghaixar",
    "Ghaathar",
    "Ghaemar",
    "Ghaumar",
    "Ghaakar",
    "Ghaokar",
    "Drakarar",
    "Drakashar",
    "Drakazar",
    "Drakanar",
    "Drakorar",
    "Drakaxar",
    "Drakithar",
    "Drakosar",
    "Drakothar",
    "Drakirar",
    "Drakarxar",
    "Drakeanar",
    "Drakornar",
    "Drakalar",
    "Drakenar",
    "Drakiusar",
    "Drakixar",
    "Drakathar",
    "Drakemar",
    "Drakumar",
    "Drakakar",
    "Drakokar",
    "Xalarar",
    "Xalashar",
    "Xalazar",
    "Xalanar",
    "Xalorar",
    "Xalaxar",
    "Xalithar",
    "Xalosar",
    "Xalothar",
    "Xalirar",
    "Xalarxar",
    "Xaleanar",
    "Xalornar",
    "Xalalar",
    "Xalenar",
    "Xaliusar",
    "Xalixar",
    "Xalathar",
    "Xalemar",
    "Xalumar",
    "Xalakar",
    "Xalokar",
    "Zararar",
    "Zarashar",
    "Zarazar",
    "Zaranar",
    "Zarorar",
    "Zaraxar",
    "Zarithar",
    "Zarosar",
    "Zarothar",
    "Zarirar",
    "Zararxar",
    "Zareanar",
    "Zarornar",
    "Zaralar",
    "Zarenar",
    "Zariusar",
    "Zarixar",
    "Zarathar",
    "Zaremar",
    "Zarumar",
    "Zarakar",
    "Zarokar",
    "Vararar",
    "Varashar",
    "Varazar",
    "Varanar",
    "Varorar",
    "Varaxar",
    "Varithar",
    "Varosar",
    "Varothar",
    "Varirar",
    "Vararxar",
    "Vareanar",
    "Varornar",
    "Varalar",
    "Varenar",
    "Variusar",
    "Varixar",
    "Varathar",
    "Varemar",
    "Varumar",
    "Varakar",
    "Varokar",
    "Uldarar",
    "Uldashar",
    "Uldazar",
    "Uldanar",
    "Uldorar",
    "Uldaxar",
    "Uldithar",
    "Uldosar",
    "Uldothar",
    "Uldirar",
    "Uldarxar",
    "Uldeanar",
    "Uldornar",
    "Uldalar",
    "Uldenar",
    "Uldiusar",
    "Uldixar",
    "Uldathar",
    "Uldemar",
    "Uldumar",
    "Uldakar",
    "Uldokar",
    "Droarar",
    "Droashar",
    "Droazar",
    "Droanar",
    "Droorar",
    "Droaxar",
    "Droithar",
    "Droosar",
    "Droothar",
    "Droirar",
    "Droarxar",
    "Droeanar",
    "Droornar",
    "Droalar",
    "Droenar",
    "Droiusar",
    "Droixar",
    "Droathar",
    "Droemar",
    "Droumar",
    "Droakar",
    "Drookar",
    "Traxarar",
    "Traxashar",
    "Traxazar",
    "Traxanar",
    "Traxorar",
    "Traxaxar",
    "Traxithar",
    "Traxosar",
    "Traxothar",
    "Traxirar",
    "Traxarxar",
    "Traxeanar",
    "Traxornar",
    "Traxalar",
    "Traxenar",
    "Traxiusar",
    "Traxixar",
    "Traxathar",
    "Traxemar",
    "Traxumar",
    "Traxakar",
    "Traxokar",
    "Vyrarar",
    "Vyrashar",
    "Vyrazar",
    "Vyranar",
    "Vyrorar",
    "Vyraxar",
    "Vyrithar",
    "Vyrosar",
    "Vyrothar",
    "Vyrirar",
    "Vyrarxar",
    "Vyreanar",
    "Vyrornar",
    "Vyralar",
    "Vyrenar",
    "Vyriusar",
    "Vyrixar",
    "Vyrathar",
    "Vyremar",
    "Vyrumar",
    "Vyrakar",
    "Vyrokar",
    "Rhogararar",
    "Rhogarashar",
    "Rhogarazar",
    "Rhogaranar",
    "Rhogarorar",
    "Rhogaraxar",
    "Rhogarithar",
    "Rhogarosar",
    "Rhogarothar",
    "Rhogarirar",
    "Rhogararxar",
    "Rhogareanar",
    "Rhogarornar",
    "Rhogaralar",
    "Rhogarenar",
    "Rhogariusar",
    "Rhogarixar",
    "Rhogarathar",
    "Rhogaremar",
    "Rhogarumar",
    "Rhogarakar",
    "Rhogarokar",
    "Grolarar",
    "Grolashar",
    "Grolazar",
    "Grolanar",
    "Grolorar",
    "Grolaxar",
    "Grolithar",
    "Grolosar",
    "Grolothar",
    "Grolirar",
    "Grolarxar",
    "Groleanar",
    "Grolornar",
    "Grolalar",
    "Grolenar",
    "Groliusar",
    "Grolixar",
    "Grolathar",
    "Grolemar",
    "Grolumar",
    "Grolakar",
    "Grolokar",
    "Belarar",
    "Belashar",
    "Belazar",
    "Belanar",
    "Belorar",
    "Belaxar",
    "Belithar",
    "Belosar",
    "Belothar",
    "Belirar",
    "Belarxar",
    "Beleanar",
    "Belornar",
    "Belalar",
    "Belenar",
    "Beliusar",
    "Belixar",
    "Belathar",
    "Belemar",
    "Belumar",
    "Belakar",
    "Belokar",
    "Fenarar",
    "Fenashar",
    "Fenazar",
    "Fenanar",
    "Fenorar",
    "Fenaxar",
    "Fenithar",
    "Fenosar",
    "Fenothar",
    "Fenirar",
    "Fenarxar",
    "Feneanar",
    "Fenornar",
    "Fenalar",
    "Fenenar",
    "Feniusar",
    "Fenixar",
    "Fenathar",
    "Fenemar",
    "Fenumar",
    "Fenakar",
    "Fenokar",
    "Nitharar",
    "Nithashar",
    "Nithazar",
    "Nithanar",
    "Nithorar",
    "Nithaxar",
    "Nithithar",
    "Nithosar",
    "Nithothar",
    "Nithirar",
    "Nitharxar",
    "Nitheanar",
    "Nithornar",
    "Nithalar",
    "Nithenar",
    "Nithiusar",
    "Nithixar",
    "Nithathar",
    "Nithemar",
    "Nithumar",
    "Nithakar",
    "Nithokar",
    "Mornarar",
    "Mornashar",
    "Mornazar",
    "Mornanar",
    "Mornorar",
    "Mornaxar",
    "Mornithar",
    "Mornosar",
    "Mornothar",
    "Mornirar",
    "Mornarxar",
    "Morneanar",
    "Mornornar",
    "Mornalar",
    "Mornenar",
    "Morniusar",
    "Mornixar",
    "Mornathar",
    "Mornemar",
    "Mornumar",
    "Mornakar",
    "Mornokar",
    "Balarash",
    "Balashash",
    "Balazash",
    "Balanash",
    "Balorash",
    "Balaxash",
    "Balithash",
    "Balosash",
    "Balothash",
    "Balirash",
    "Balarxash",
    "Baleanash",
    "Balornash",
    "Balalash",
    "Balenash",
    "Baliusash",
    "Balixash",
    "Balathash",
    "Balemash",
    "Balumash",
    "Balakash",
    "Balokash",
    "Korrarash",
    "Korrashash",
    "Korrazash",
    "Korranash",
    "Korrorash",
    "Korraxash",
    "Korrithash",
    "Korrosash",
    "Korrothash",
    "Korrirash",
    "Korrarxash",
    "Korreanash",
    "Korrornash",
    "Korralash",
    "Korrenash",
    "Korriusash",
    "Korrixash",
    "Korrathash",
    "Korremash",
    "Korrumash",
    "Korrakash",
    "Korrokash",
    "Dararash",
    "Darashash",
    "Darazash",
    "Daranash",
    "Darorash",
    "Daraxash",
    "Darithash",
    "Darosash",
    "Darothash",
    "Darirash",
    "Dararxash",
    "Dareanash",
    "Darornash",
    "Daralash",
    "Darenash",
    "Dariusash",
    "Darixash",
    "Darathash",
    "Daremash",
    "Darumash",
    "Darakash",
    "Darokash",
    "Thararash",
    "Tharashash",
    "Tharazash",
    "Tharanash",
    "Tharorash",
    "Tharaxash",
    "Tharithash",
    "Tharosash",
    "Tharothash",
    "Tharirash",
    "Thararxash",
    "Thareanash",
    "Tharornash",
    "Tharalash",
    "Tharenash",
    "Thariusash",
    "Tharixash",
    "Tharathash",
    "Tharemash",
    "Tharumash",
    "Tharakash",
    "Tharokash",
    "Vorarash",
    "Vorashash",
    "Vorazash",
    "Voranash",
    "Vororash",
    "Voraxash",
    "Vorithash",
    "Vorosash",
    "Vorothash",
    "Vorirash",
    "Vorarxash",
    "Voreanash",
    "Vorornash",
    "Voralash",
    "Vorenash",
    "Voriusash",
    "Vorixash",
    "Vorathash",
    "Voremash",
    "Vorumash",
    "Vorakash",
    "Vorokash",
    "Rhazarash",
    "Rhazashash",
    "Rhazazash",
    "Rhazanash",
    "Rhazorash",
    "Rhazaxash",
    "Rhazithash",
    "Rhazosash",
    "Rhazothash",
    "Rhazirash",
    "Rhazarxash",
    "Rhazeanash",
    "Rhazornash",
    "Rhazalash",
    "Rhazenash",
    "Rhaziusash",
    "Rhazixash",
    "Rhazathash",
    "Rhazemash",
    "Rhazumash",
    "Rhazakash",
    "Rhazokash",
    "Skaarash",
    "Skaashash",
    "Skaazash",
    "Skaanash",
    "Skaorash",
    "Skaaxash",
    "Skaithash",
    "Skaosash",
    "Skaothash",
    "Skairash",
    "Skaarxash",
    "Skaeanash",
    "Skaornash",
    "Skaalash",
    "Skaenash",
    "Skaiusash",
    "Skaixash",
    "Skaathash",
    "Skaemash",
    "Skaumash",
    "Skaakash",
    "Skaokash",
    "Zhaarash",
    "Zhaashash",
    "Zhaazash",
    "Zhaanash",
    "Zhaorash",
    "Zhaaxash",
    "Zhaithash",
    "Zhaosash",
    "Zhaothash",
    "Zhairash",
    "Zhaarxash",
    "Zhaeanash",
    "Zhaornash",
    "Zhaalash",
    "Zhaenash",
    "Zhaiusash",
    "Zhaixash",
    "Zhaathash",
    "Zhaemash",
    "Zhaumash",
    "Zhaakash",
    "Zhaokash",
    "Arjarash",
    "Arjashash",
    "Arjazash",
    "Arjanash",
    "Arjorash",
    "Arjaxash",
    "Arjithash",
    "Arjosash",
    "Arjothash",
    "Arjirash",
    "Arjarxash",
    "Arjeanash",
    "Arjornash",
    "Arjalash",
    "Arjenash",
    "Arjiusash",
    "Arjixash",
    "Arjathash",
    "Arjemash",
    "Arjumash",
    "Arjakash",
    "Arjokash",
    "Ghaarash",
    "Ghaashash",
    "Ghaazash",
    "Ghaanash",
    "Ghaorash",
    "Ghaaxash",
    "Ghaithash",
    "Ghaosash",
    "Ghaothash",
    "Ghairash",
    "Ghaarxash",
    "Ghaeanash",
    "Ghaornash",
    "Ghaalash",
    "Ghaenash",
    "Ghaiusash",
    "Ghaixash",
    "Ghaathash",
    "Ghaemash",
    "Ghaumash",
    "Ghaakash",
    "Ghaokash",
    "Drakarash",
    "Drakashash",
    "Drakazash",
    "Drakanash",
    "Drakorash",
    "Drakaxash",
    "Drakithash",
    "Drakosash",
    "Drakothash",
    "Drakirash",
    "Drakarxash",
    "Drakeanash",
    "Drakornash",
    "Drakalash",
    "Drakenash",
    "Drakiusash",
    "Drakixash",
    "Drakathash",
    "Drakemash",
    "Drakumash",
    "Drakakash",
    "Drakokash",
    "Xalarash",
    "Xalashash",
    "Xalazash",
    "Xalanash",
    "Xalorash",
    "Xalaxash",
    "Xalithash",
    "Xalosash",
    "Xalothash",
    "Xalirash",
    "Xalarxash",
    "Xaleanash",
    "Xalornash",
    "Xalalash",
    "Xalenash",
    "Xaliusash",
    "Xalixash",
    "Xalathash",
    "Xalemash",
    "Xalumash",
    "Xalakash",
    "Xalokash",
    "Zararash",
    "Zarashash",
    "Zarazash",
    "Zaranash",
    "Zarorash",
    "Zaraxash",
    "Zarithash",
    "Zarosash",
    "Zarothash",
    "Zarirash",
    "Zararxash",
    "Zareanash",
    "Zarornash",
    "Zaralash",
    "Zarenash",
    "Zariusash",
    "Zarixash",
    "Zarathash",
    "Zaremash",
    "Zarumash",
    "Zarakash",
    "Zarokash",
    "Vararash",
    "Varashash",
    "Varazash",
    "Varanash",
    "Varorash",
    "Varaxash",
    "Varithash",
    "Varosash",
    "Varothash",
    "Varirash",
    "Vararxash",
    "Vareanash",
    "Varornash",
    "Varalash",
    "Varenash",
    "Variusash",
    "Varixash",
    "Varathash",
    "Varemash",
    "Varumash",
    "Varakash",
    "Varokash",
    "Uldarash"
  ]
}