{
  "authors": [
    {
      "name": "munichjake",
      "email": "munichjake@dnd-session.de",
      "url": "https://dnd-session.de",
      "github": "https://github.com/munichjake"
    }
  ],
  "description": "Deutsche Gnome-Siedlungsnamen mit grammatischem Geschlecht",
  "version": "1.0.0",
  "settlements": [
    {
      "name": "Hammerstadt",
      "gender": "f"
    },
    {
      "name": "Werkschacht",
      "gender": "n"
    },
    {
      "name": "Flussmark",
      "gender": "n"
    },
    {
      "name": "Flusshof",
      "gender": "n"
    },
    {
      "name": "Tunnelmark",
      "gender": "n"
    },
    {
      "name": "Werkgrund",
      "gender": "n"
    },
    {
      "name": "Kieselhain",
      "gender": "m"
    },
    {
      "name": "Federhube",
      "gender": "n"
    },
    {
      "name": "Ritzelhafen",
      "gender": "n"
    },
    {
      "name": "Tunnelhain",
      "gender": "m"
    },
    {
      "name": "Bolzenwerk",
      "gender": "n"
    },
    {
      "name": "Feuerhammer",
      "gender": "n"
    },
    {
      "name": "Waldpfad",
      "gender": "n"
    },
    {
      "name": "Klingehügel",
      "gender": "m"
    },
    {
      "name": "Kieselschmiede",
      "gender": "n"
    },
    {
      "name": "Kupferau",
      "gender": "f"
    },
    {
      "name": "Kesselhain",
      "gender": "m"
    },
    {
      "name": "Bolzenkliff",
      "gender": "n"
    },
    {
      "name": "Kristallkliff",
      "gender": "n"
    },
    {
      "name": "Zinnweg",
      "gender": "n"
    },
    {
      "name": "Kohlewerk",
      "gender": "n"
    },
    {
      "name": "Steingraben",
      "gender": "n"
    },
    {
      "name": "Silberhube",
      "gender": "n"
    },
    {
      "name": "Hammerspitze",
      "gender": "n"
    },
    {
      "name": "Steinhügel",
      "gender": "m"
    },
    {
      "name": "Kohletor",
      "gender": "n"
    },
    {
      "name": "Silberkessel",
      "gender": "n"
    },
    {
      "name": "Klingespitze",
      "gender": "n"
    },
    {
      "name": "Mechfelsen",
      "gender": "n"
    },
    {
      "name": "Goldhof",
      "gender": "n"
    },
    {
      "name": "Zinnhügel",
      "gender": "m"
    },
    {
      "name": "Bolzenort",
      "gender": "n"
    },
    {
      "name": "Steinpfad",
      "gender": "n"
    },
    {
      "name": "Stahlgrube",
      "gender": "n"
    },
    {
      "name": "Steintal",
      "gender": "n"
    },
    {
      "name": "Kohlegraben",
      "gender": "n"
    },
    {
      "name": "Kohlekliff",
      "gender": "n"
    },
    {
      "name": "Kupferwerk",
      "gender": "n"
    },
    {
      "name": "Schleifhof",
      "gender": "n"
    },
    {
      "name": "Gängewerk",
      "gender": "n"
    },
    {
      "name": "Bolzenweg",
      "gender": "n"
    },
    {
      "name": "Mechtal",
      "gender": "n"
    },
    {
      "name": "Bolzenhofen",
      "gender": "n"
    },
    {
      "name": "Radpfad",
      "gender": "n"
    },
    {
      "name": "Mechfurt",
      "gender": "n"
    },
    {
      "name": "Stahlschacht",
      "gender": "n"
    },
    {
      "name": "Grubenfelsen",
      "gender": "n"
    },
    {
      "name": "Hammerfurt",
      "gender": "n"
    },
    {
      "name": "Ritzelwerk",
      "gender": "n"
    },
    {
      "name": "Schraubkliff",
      "gender": "n"
    },
    {
      "name": "Räderhügel",
      "gender": "m"
    },
    {
      "name": "Goldpfad",
      "gender": "n"
    },
    {
      "name": "Bohrhain",
      "gender": "m"
    },
    {
      "name": "Kupferbrück",
      "gender": "n"
    },
    {
      "name": "Radklippe",
      "gender": "n"
    },
    {
      "name": "Zahnradhügel",
      "gender": "m"
    },
    {
      "name": "Klingehammer",
      "gender": "n"
    },
    {
      "name": "Federtor",
      "gender": "n"
    },
    {
      "name": "Bohrwerk",
      "gender": "n"
    },
    {
      "name": "Zahnradschmiede",
      "gender": "n"
    },
    {
      "name": "Klingefurt",
      "gender": "n"
    },
    {
      "name": "Hammerort",
      "gender": "n"
    },
    {
      "name": "Aschefeld",
      "gender": "n"
    },
    {
      "name": "Räderheim",
      "gender": "n"
    },
    {
      "name": "Stahlhammer",
      "gender": "n"
    },
    {
      "name": "Federkliff",
      "gender": "n"
    },
    {
      "name": "Meiselwerk",
      "gender": "n"
    },
    {
      "name": "Hügelschacht",
      "gender": "n"
    },
    {
      "name": "Gusspfad",
      "gender": "n"
    },
    {
      "name": "Meiselhamm",
      "gender": "n"
    },
    {
      "name": "Meiselhofen",
      "gender": "n"
    },
    {
      "name": "Höhlenklippe",
      "gender": "n"
    },
    {
      "name": "Dampffeld",
      "gender": "n"
    },
    {
      "name": "Flussfelsen",
      "gender": "n"
    },
    {
      "name": "Zinnpfad",
      "gender": "n"
    },
    {
      "name": "Kesselhügel",
      "gender": "m"
    },
    {
      "name": "Eisenhammer",
      "gender": "n"
    },
    {
      "name": "Funkenbrück",
      "gender": "n"
    },
    {
      "name": "Schraubfeld",
      "gender": "n"
    },
    {
      "name": "Kesselheim",
      "gender": "n"
    },
    {
      "name": "Flusshügel",
      "gender": "m"
    },
    {
      "name": "Höhlenstadt",
      "gender": "f"
    },
    {
      "name": "Klingegraben",
      "gender": "n"
    },
    {
      "name": "Hügelburg",
      "gender": "f"
    },
    {
      "name": "Goldmark",
      "gender": "n"
    },
    {
      "name": "Hammerkliff",
      "gender": "n"
    },
    {
      "name": "Kieselhamm",
      "gender": "n"
    },
    {
      "name": "Steinmark",
      "gender": "n"
    },
    {
      "name": "Felsendorf",
      "gender": "n"
    },
    {
      "name": "Feuerheim",
      "gender": "n"
    },
    {
      "name": "Kupferkliff",
      "gender": "n"
    },
    {
      "name": "Bohrfurt",
      "gender": "n"
    },
    {
      "name": "Kristallbrück",
      "gender": "n"
    },
    {
      "name": "Quarzgrund",
      "gender": "n"
    },
    {
      "name": "Feuerfurt",
      "gender": "n"
    },
    {
      "name": "Zunderschmiede",
      "gender": "n"
    },
    {
      "name": "Silberwerk",
      "gender": "n"
    },
    {
      "name": "Waldkessel",
      "gender": "n"
    },
    {
      "name": "Kieselkliff",
      "gender": "n"
    },
    {
      "name": "Ritzelkessel",
      "gender": "n"
    },
    {
      "name": "Tunnelgrund",
      "gender": "n"
    },
    {
      "name": "Bolzenfeld",
      "gender": "n"
    },
    {
      "name": "Goldfeld",
      "gender": "n"
    },
    {
      "name": "Silbersee",
      "gender": "n"
    },
    {
      "name": "Höhlenheim",
      "gender": "n"
    },
    {
      "name": "Steintor",
      "gender": "n"
    },
    {
      "name": "Stahlhofen",
      "gender": "n"
    },
    {
      "name": "Flussfeld",
      "gender": "n"
    },
    {
      "name": "Schraubstadt",
      "gender": "f"
    },
    {
      "name": "Waldhof",
      "gender": "n"
    },
    {
      "name": "Feuerhamm",
      "gender": "n"
    },
    {
      "name": "Hammerau",
      "gender": "f"
    },
    {
      "name": "Werktor",
      "gender": "n"
    },
    {
      "name": "Aschegrund",
      "gender": "n"
    },
    {
      "name": "Dampfstadt",
      "gender": "f"
    },
    {
      "name": "Zahnpfad",
      "gender": "n"
    },
    {
      "name": "Glutpfad",
      "gender": "n"
    },
    {
      "name": "Schraubfelsen",
      "gender": "n"
    },
    {
      "name": "Zinnspitze",
      "gender": "n"
    },
    {
      "name": "Kohledorf",
      "gender": "n"
    },
    {
      "name": "Höhlengrund",
      "gender": "n"
    },
    {
      "name": "Silbergrund",
      "gender": "n"
    },
    {
      "name": "Felsenhof",
      "gender": "n"
    },
    {
      "name": "Glutkliff",
      "gender": "n"
    },
    {
      "name": "Felsenheim",
      "gender": "n"
    },
    {
      "name": "Felsenhube",
      "gender": "n"
    },
    {
      "name": "Federpfad",
      "gender": "n"
    },
    {
      "name": "Steinstadt",
      "gender": "f"
    },
    {
      "name": "Waldsee",
      "gender": "n"
    },
    {
      "name": "Feuerschacht",
      "gender": "n"
    },
    {
      "name": "Eisenweg",
      "gender": "n"
    },
    {
      "name": "Funkenkessel",
      "gender": "n"
    },
    {
      "name": "Bergfurt",
      "gender": "n"
    },
    {
      "name": "Bronzeau",
      "gender": "f"
    },
    {
      "name": "Zunderhofen",
      "gender": "n"
    },
    {
      "name": "Tunnelkliff",
      "gender": "n"
    },
    {
      "name": "Höhlenau",
      "gender": "f"
    },
    {
      "name": "Gussdorf",
      "gender": "n"
    },
    {
      "name": "Dampfhain",
      "gender": "m"
    },
    {
      "name": "Kohlehofen",
      "gender": "n"
    },
    {
      "name": "Räderort",
      "gender": "n"
    },
    {
      "name": "Bolzenfurt",
      "gender": "n"
    },
    {
      "name": "Kohlehammer",
      "gender": "n"
    },
    {
      "name": "Bohrgrund",
      "gender": "n"
    },
    {
      "name": "Stahlmark",
      "gender": "n"
    },
    {
      "name": "Kohlehain",
      "gender": "m"
    },
    {
      "name": "Kupferhammer",
      "gender": "n"
    },
    {
      "name": "Radweg",
      "gender": "n"
    },
    {
      "name": "Höhlenwerk",
      "gender": "n"
    },
    {
      "name": "Hügelheim",
      "gender": "n"
    },
    {
      "name": "Kupfermark",
      "gender": "n"
    },
    {
      "name": "Felsenhofen",
      "gender": "n"
    },
    {
      "name": "Radschacht",
      "gender": "n"
    },
    {
      "name": "Stahlklippe",
      "gender": "n"
    },
    {
      "name": "Ritzelkliff",
      "gender": "n"
    },
    {
      "name": "Eisenfurt",
      "gender": "n"
    },
    {
      "name": "Steingrund",
      "gender": "n"
    },
    {
      "name": "Federschacht",
      "gender": "n"
    },
    {
      "name": "Gluthofen",
      "gender": "n"
    },
    {
      "name": "Radwerk",
      "gender": "n"
    },
    {
      "name": "Felsenort",
      "gender": "n"
    },
    {
      "name": "Schraubdorf",
      "gender": "n"
    },
    {
      "name": "Hammersee",
      "gender": "n"
    },
    {
      "name": "Meiselweg",
      "gender": "n"
    },
    {
      "name": "Tunnelgrube",
      "gender": "n"
    },
    {
      "name": "Kohlemark",
      "gender": "n"
    },
    {
      "name": "Schleiffelsen",
      "gender": "n"
    },
    {
      "name": "Tunneltor",
      "gender": "n"
    },
    {
      "name": "Silberstadt",
      "gender": "f"
    },
    {
      "name": "Silberschacht",
      "gender": "n"
    },
    {
      "name": "Feuersee",
      "gender": "n"
    },
    {
      "name": "Felsentor",
      "gender": "n"
    },
    {
      "name": "Kesselweg",
      "gender": "n"
    },
    {
      "name": "Ritzeldorf",
      "gender": "n"
    },
    {
      "name": "Silberfurt",
      "gender": "n"
    },
    {
      "name": "Höhlenfeld",
      "gender": "n"
    },
    {
      "name": "Meiselhammer",
      "gender": "n"
    },
    {
      "name": "Schraubhain",
      "gender": "m"
    },
    {
      "name": "Klingefeld",
      "gender": "n"
    },
    {
      "name": "Bohrhofen",
      "gender": "n"
    },
    {
      "name": "Quarztal",
      "gender": "n"
    },
    {
      "name": "Radschmiede",
      "gender": "n"
    },
    {
      "name": "Dampfschmiede",
      "gender": "n"
    },
    {
      "name": "Zahnkliff",
      "gender": "n"
    },
    {
      "name": "Silberbrück",
      "gender": "n"
    },
    {
      "name": "Aschetal",
      "gender": "n"
    },
    {
      "name": "Bohrtor",
      "gender": "n"
    },
    {
      "name": "Bolzenklippe",
      "gender": "n"
    },
    {
      "name": "Quarzhain",
      "gender": "m"
    },
    {
      "name": "Zahnschacht",
      "gender": "n"
    },
    {
      "name": "Kieselhafen",
      "gender": "n"
    },
    {
      "name": "Gussklamm",
      "gender": "n"
    },
    {
      "name": "Zahnradklippe",
      "gender": "n"
    },
    {
      "name": "Kohlebrück",
      "gender": "n"
    },
    {
      "name": "Aschehain",
      "gender": "m"
    },
    {
      "name": "Bolzensee",
      "gender": "n"
    },
    {
      "name": "Radfurt",
      "gender": "n"
    },
    {
      "name": "Kristallhof",
      "gender": "n"
    },
    {
      "name": "Kohlestadt",
      "gender": "f"
    },
    {
      "name": "Bohrfelsen",
      "gender": "n"
    },
    {
      "name": "Flusspfad",
      "gender": "n"
    },
    {
      "name": "Stahlburg",
      "gender": "f"
    },
    {
      "name": "Bronzetal",
      "gender": "n"
    },
    {
      "name": "Schleifhügel",
      "gender": "m"
    },
    {
      "name": "Mechmark",
      "gender": "n"
    },
    {
      "name": "Funkenau",
      "gender": "f"
    },
    {
      "name": "Klingeschmiede",
      "gender": "n"
    },
    {
      "name": "Werkkessel",
      "gender": "n"
    },
    {
      "name": "Hammerhamm",
      "gender": "n"
    },
    {
      "name": "Waldklamm",
      "gender": "n"
    },
    {
      "name": "Zahnradfurt",
      "gender": "n"
    },
    {
      "name": "Funkenschacht",
      "gender": "n"
    },
    {
      "name": "Radsee",
      "gender": "n"
    },
    {
      "name": "Aschestadt",
      "gender": "f"
    },
    {
      "name": "Tunnelstadt",
      "gender": "f"
    },
    {
      "name": "Steinhofen",
      "gender": "n"
    },
    {
      "name": "Grubenhamm",
      "gender": "n"
    },
    {
      "name": "Kesselmark",
      "gender": "n"
    },
    {
      "name": "Schraubau",
      "gender": "f"
    },
    {
      "name": "Zahnhain",
      "gender": "m"
    },
    {
      "name": "Kieselfurt",
      "gender": "n"
    },
    {
      "name": "Schraubhofen",
      "gender": "n"
    },
    {
      "name": "Bergspitze",
      "gender": "n"
    },
    {
      "name": "Goldbrück",
      "gender": "n"
    },
    {
      "name": "Zahnradgrube",
      "gender": "n"
    },
    {
      "name": "Tunnelhafen",
      "gender": "n"
    },
    {
      "name": "Räderklamm",
      "gender": "n"
    },
    {
      "name": "Meiselburg",
      "gender": "f"
    },
    {
      "name": "Kupferspitze",
      "gender": "n"
    },
    {
      "name": "Ritzeltal",
      "gender": "n"
    },
    {
      "name": "Stahlspitze",
      "gender": "n"
    },
    {
      "name": "Stahlhügel",
      "gender": "m"
    },
    {
      "name": "Gluthain",
      "gender": "m"
    },
    {
      "name": "Tunnelhofen",
      "gender": "n"
    },
    {
      "name": "Schleifbrück",
      "gender": "n"
    },
    {
      "name": "Mechhügel",
      "gender": "m"
    },
    {
      "name": "Rädermark",
      "gender": "n"
    },
    {
      "name": "Schraubheim",
      "gender": "n"
    },
    {
      "name": "Kupfersee",
      "gender": "n"
    },
    {
      "name": "Kieselkessel",
      "gender": "n"
    },
    {
      "name": "Radburg",
      "gender": "f"
    },
    {
      "name": "Glutspitze",
      "gender": "n"
    },
    {
      "name": "Zundergraben",
      "gender": "n"
    },
    {
      "name": "Zinnklamm",
      "gender": "n"
    },
    {
      "name": "Klingemark",
      "gender": "n"
    },
    {
      "name": "Bergklamm",
      "gender": "n"
    },
    {
      "name": "Feuerspitze",
      "gender": "n"
    },
    {
      "name": "Eisenkessel",
      "gender": "n"
    },
    {
      "name": "Gängeschacht",
      "gender": "n"
    },
    {
      "name": "Bronzehügel",
      "gender": "m"
    },
    {
      "name": "Klingeklippe",
      "gender": "n"
    },
    {
      "name": "Zinnfelsen",
      "gender": "n"
    },
    {
      "name": "Grubenhofen",
      "gender": "n"
    },
    {
      "name": "Räderfeld",
      "gender": "n"
    },
    {
      "name": "Meiselfelsen",
      "gender": "n"
    },
    {
      "name": "Kohlehube",
      "gender": "n"
    },
    {
      "name": "Schleifgrube",
      "gender": "n"
    },
    {
      "name": "Gusskessel",
      "gender": "n"
    },
    {
      "name": "Flussspitze",
      "gender": "n"
    },
    {
      "name": "Tunnelschacht",
      "gender": "n"
    },
    {
      "name": "Rädergraben",
      "gender": "n"
    },
    {
      "name": "Zunderpfad",
      "gender": "n"
    },
    {
      "name": "Tunneldorf",
      "gender": "n"
    },
    {
      "name": "Gängehamm",
      "gender": "n"
    },
    {
      "name": "Kupferheim",
      "gender": "n"
    },
    {
      "name": "Hammerbrück",
      "gender": "n"
    },
    {
      "name": "Federhügel",
      "gender": "m"
    },
    {
      "name": "Meiselbrück",
      "gender": "n"
    },
    {
      "name": "Kupferpfad",
      "gender": "n"
    },
    {
      "name": "Bohrdorf",
      "gender": "n"
    },
    {
      "name": "Zahnradtor",
      "gender": "n"
    },
    {
      "name": "Silberhofen",
      "gender": "n"
    },
    {
      "name": "Bronzehof",
      "gender": "n"
    },
    {
      "name": "Schleifhofen",
      "gender": "n"
    },
    {
      "name": "Grubenhof",
      "gender": "n"
    },
    {
      "name": "Zunderfeld",
      "gender": "n"
    },
    {
      "name": "Schleifsee",
      "gender": "n"
    },
    {
      "name": "Kieselheim",
      "gender": "n"
    },
    {
      "name": "Schleiffurt",
      "gender": "n"
    },
    {
      "name": "Mechschmiede",
      "gender": "n"
    },
    {
      "name": "Aschekliff",
      "gender": "n"
    },
    {
      "name": "Kohlefeld",
      "gender": "n"
    },
    {
      "name": "Bergklippe",
      "gender": "n"
    },
    {
      "name": "Mechdorf",
      "gender": "n"
    },
    {
      "name": "Hügelhof",
      "gender": "n"
    },
    {
      "name": "Goldhofen",
      "gender": "n"
    },
    {
      "name": "Ascheort",
      "gender": "n"
    },
    {
      "name": "Schleifgraben",
      "gender": "n"
    },
    {
      "name": "Hügelspitze",
      "gender": "n"
    },
    {
      "name": "Werkpfad",
      "gender": "n"
    },
    {
      "name": "Meiselmark",
      "gender": "n"
    },
    {
      "name": "Hügelfurt",
      "gender": "n"
    },
    {
      "name": "Kesselschmiede",
      "gender": "n"
    },
    {
      "name": "Mechheim",
      "gender": "n"
    },
    {
      "name": "Ritzelgraben",
      "gender": "n"
    },
    {
      "name": "Goldgrund",
      "gender": "n"
    },
    {
      "name": "Bronzehafen",
      "gender": "n"
    },
    {
      "name": "Glutgrund",
      "gender": "n"
    },
    {
      "name": "Bolzenkessel",
      "gender": "n"
    },
    {
      "name": "Bohrbrück",
      "gender": "n"
    },
    {
      "name": "Grubensee",
      "gender": "n"
    },
    {
      "name": "Radhafen",
      "gender": "n"
    },
    {
      "name": "Quarzklamm",
      "gender": "n"
    },
    {
      "name": "Meiselschacht",
      "gender": "n"
    },
    {
      "name": "Hügelwerk",
      "gender": "n"
    },
    {
      "name": "Schleifstadt",
      "gender": "f"
    },
    {
      "name": "Radtor",
      "gender": "n"
    },
    {
      "name": "Funkenkliff",
      "gender": "n"
    },
    {
      "name": "Klingetor",
      "gender": "n"
    },
    {
      "name": "Mechhammer",
      "gender": "n"
    },
    {
      "name": "Bronzebrück",
      "gender": "n"
    },
    {
      "name": "Zinnhof",
      "gender": "n"
    },
    {
      "name": "Grubenschacht",
      "gender": "n"
    },
    {
      "name": "Tunnelbrück",
      "gender": "n"
    },
    {
      "name": "Goldweg",
      "gender": "n"
    },
    {
      "name": "Waldmark",
      "gender": "n"
    },
    {
      "name": "Werkfurt",
      "gender": "n"
    },
    {
      "name": "Feuerau",
      "gender": "f"
    },
    {
      "name": "Bronzehain",
      "gender": "m"
    },
    {
      "name": "Bergtor",
      "gender": "n"
    },
    {
      "name": "Quarzhof",
      "gender": "n"
    },
    {
      "name": "Felsenhain",
      "gender": "m"
    },
    {
      "name": "Kieselklamm",
      "gender": "n"
    },
    {
      "name": "Höhlentor",
      "gender": "n"
    },
    {
      "name": "Gluthammer",
      "gender": "n"
    },
    {
      "name": "Dampfhausen",
      "gender": "n"
    },
    {
      "name": "Zahntal",
      "gender": "n"
    },
    {
      "name": "Klingewerk",
      "gender": "n"
    },
    {
      "name": "Flusshausen",
      "gender": "n"
    },
    {
      "name": "Feuergrube",
      "gender": "n"
    },
    {
      "name": "Funkenhamm",
      "gender": "n"
    },
    {
      "name": "Mechgraben",
      "gender": "n"
    },
    {
      "name": "Meiselklamm",
      "gender": "n"
    },
    {
      "name": "Zinntor",
      "gender": "n"
    },
    {
      "name": "Höhlenbrück",
      "gender": "n"
    },
    {
      "name": "Bronzeort",
      "gender": "n"
    },
    {
      "name": "Werkhof",
      "gender": "n"
    },
    {
      "name": "Bohrheim",
      "gender": "n"
    },
    {
      "name": "Funkenschmiede",
      "gender": "n"
    },
    {
      "name": "Stahlkessel",
      "gender": "n"
    },
    {
      "name": "Gusskliff",
      "gender": "n"
    },
    {
      "name": "Funkenhafen",
      "gender": "n"
    },
    {
      "name": "Zahnwerk",
      "gender": "n"
    },
    {
      "name": "Kesselhausen",
      "gender": "n"
    },
    {
      "name": "Bolzenschmiede",
      "gender": "n"
    },
    {
      "name": "Zinnhafen",
      "gender": "n"
    },
    {
      "name": "Feuerschmiede",
      "gender": "n"
    },
    {
      "name": "Schraubkessel",
      "gender": "n"
    },
    {
      "name": "Kristallhamm",
      "gender": "n"
    },
    {
      "name": "Goldfurt",
      "gender": "n"
    },
    {
      "name": "Bronzetor",
      "gender": "n"
    },
    {
      "name": "Kesselhof",
      "gender": "n"
    },
    {
      "name": "Kristallheim",
      "gender": "n"
    },
    {
      "name": "Hügelhügel",
      "gender": "m"
    },
    {
      "name": "Mechburg",
      "gender": "f"
    },
    {
      "name": "Flussgrube",
      "gender": "n"
    },
    {
      "name": "Stahlfeld",
      "gender": "n"
    },
    {
      "name": "Aschefurt",
      "gender": "n"
    },
    {
      "name": "Zahnschmiede",
      "gender": "n"
    },
    {
      "name": "Hammerfelsen",
      "gender": "n"
    },
    {
      "name": "Kohlepfad",
      "gender": "n"
    },
    {
      "name": "Steinschacht",
      "gender": "n"
    },
    {
      "name": "Schleifkliff",
      "gender": "n"
    },
    {
      "name": "Höhlenmark",
      "gender": "n"
    },
    {
      "name": "Eisenspitze",
      "gender": "n"
    },
    {
      "name": "Hammerweg",
      "gender": "n"
    },
    {
      "name": "Federbrück",
      "gender": "n"
    },
    {
      "name": "Kristallburg",
      "gender": "f"
    },
    {
      "name": "Zahnradburg",
      "gender": "f"
    },
    {
      "name": "Bergfelsen",
      "gender": "n"
    },
    {
      "name": "Federklippe",
      "gender": "n"
    },
    {
      "name": "Schraubtor",
      "gender": "n"
    },
    {
      "name": "Funkenhügel",
      "gender": "m"
    },
    {
      "name": "Glutwerk",
      "gender": "n"
    },
    {
      "name": "Waldhammer",
      "gender": "n"
    },
    {
      "name": "Quarzhammer",
      "gender": "n"
    },
    {
      "name": "Bolzendorf",
      "gender": "n"
    },
    {
      "name": "Hügelhammer",
      "gender": "n"
    },
    {
      "name": "Gängeschmiede",
      "gender": "n"
    },
    {
      "name": "Rädergrund",
      "gender": "n"
    },
    {
      "name": "Feuerkliff",
      "gender": "n"
    },
    {
      "name": "Waldstadt",
      "gender": "f"
    },
    {
      "name": "Felsenau",
      "gender": "f"
    },
    {
      "name": "Kieselmark",
      "gender": "n"
    },
    {
      "name": "Ritzelgrube",
      "gender": "n"
    },
    {
      "name": "Waldhügel",
      "gender": "m"
    },
    {
      "name": "Schleiffeld",
      "gender": "n"
    },
    {
      "name": "Tunnelau",
      "gender": "f"
    },
    {
      "name": "Felsenkliff",
      "gender": "n"
    },
    {
      "name": "Gängeort",
      "gender": "n"
    },
    {
      "name": "Zahnfeld",
      "gender": "n"
    },
    {
      "name": "Stahldorf",
      "gender": "n"
    },
    {
      "name": "Höhlenhafen",
      "gender": "n"
    },
    {
      "name": "Schraubhafen",
      "gender": "n"
    },
    {
      "name": "Mechkliff",
      "gender": "n"
    },
    {
      "name": "Steinkliff",
      "gender": "n"
    },
    {
      "name": "Schraubgrube",
      "gender": "n"
    },
    {
      "name": "Quarzfurt",
      "gender": "n"
    },
    {
      "name": "Klingegrund",
      "gender": "n"
    },
    {
      "name": "Räderhof",
      "gender": "n"
    },
    {
      "name": "Zahnradkliff",
      "gender": "n"
    },
    {
      "name": "Quarzort",
      "gender": "n"
    },
    {
      "name": "Zahnradgraben",
      "gender": "n"
    },
    {
      "name": "Eisengrund",
      "gender": "n"
    },
    {
      "name": "Zahnklamm",
      "gender": "n"
    },
    {
      "name": "Quarzheim",
      "gender": "n"
    },
    {
      "name": "Gussheim",
      "gender": "n"
    },
    {
      "name": "Hügelkliff",
      "gender": "n"
    },
    {
      "name": "Berghausen",
      "gender": "n"
    },
    {
      "name": "Grubentor",
      "gender": "n"
    },
    {
      "name": "Glutfelsen",
      "gender": "n"
    },
    {
      "name": "Mechschacht",
      "gender": "n"
    },
    {
      "name": "Bohrgrube",
      "gender": "n"
    },
    {
      "name": "Felsenkessel",
      "gender": "n"
    },
    {
      "name": "Höhlenhausen",
      "gender": "n"
    },
    {
      "name": "Felsengrube",
      "gender": "n"
    },
    {
      "name": "Flussau",
      "gender": "f"
    },
    {
      "name": "Flussheim",
      "gender": "n"
    },
    {
      "name": "Klingeschacht",
      "gender": "n"
    },
    {
      "name": "Schraubwerk",
      "gender": "n"
    },
    {
      "name": "Zahnradstadt",
      "gender": "f"
    },
    {
      "name": "Silberburg",
      "gender": "f"
    },
    {
      "name": "Feuerhausen",
      "gender": "n"
    },
    {
      "name": "Bergau",
      "gender": "f"
    },
    {
      "name": "Zahnradklamm",
      "gender": "n"
    },
    {
      "name": "Funkenwerk",
      "gender": "n"
    },
    {
      "name": "Aschemark",
      "gender": "n"
    },
    {
      "name": "Gussfelsen",
      "gender": "n"
    },
    {
      "name": "Quarzgraben",
      "gender": "n"
    },
    {
      "name": "Zinnhammer",
      "gender": "n"
    },
    {
      "name": "Meiselstadt",
      "gender": "f"
    },
    {
      "name": "Schraubklamm",
      "gender": "n"
    },
    {
      "name": "Dampfweg",
      "gender": "n"
    },
    {
      "name": "Aschehafen",
      "gender": "n"
    },
    {
      "name": "Goldklippe",
      "gender": "n"
    },
    {
      "name": "Räderburg",
      "gender": "f"
    },
    {
      "name": "Hammergrund",
      "gender": "n"
    },
    {
      "name": "Steinsee",
      "gender": "n"
    },
    {
      "name": "Gusshof",
      "gender": "n"
    },
    {
      "name": "Eisenhafen",
      "gender": "n"
    },
    {
      "name": "Gussgrund",
      "gender": "n"
    },
    {
      "name": "Felsenhausen",
      "gender": "n"
    },
    {
      "name": "Felsenhügel",
      "gender": "m"
    },
    {
      "name": "Klingeheim",
      "gender": "n"
    },
    {
      "name": "Werkweg",
      "gender": "n"
    },
    {
      "name": "Kupfergraben",
      "gender": "n"
    },
    {
      "name": "Meiselhügel",
      "gender": "m"
    },
    {
      "name": "Zinnwerk",
      "gender": "n"
    },
    {
      "name": "Silbertor",
      "gender": "n"
    },
    {
      "name": "Zinnhamm",
      "gender": "n"
    },
    {
      "name": "Federfeld",
      "gender": "n"
    },
    {
      "name": "Zunderhain",
      "gender": "m"
    },
    {
      "name": "Kohlesee",
      "gender": "n"
    },
    {
      "name": "Berghofen",
      "gender": "n"
    },
    {
      "name": "Klingefelsen",
      "gender": "n"
    },
    {
      "name": "Kesselfelsen",
      "gender": "n"
    },
    {
      "name": "Schleifwerk",
      "gender": "n"
    },
    {
      "name": "Tunnelhamm",
      "gender": "n"
    },
    {
      "name": "Ascheburg",
      "gender": "f"
    },
    {
      "name": "Schraubhausen",
      "gender": "n"
    },
    {
      "name": "Kohlefelsen",
      "gender": "n"
    },
    {
      "name": "Schleifschacht",
      "gender": "n"
    },
    {
      "name": "Räderhammer",
      "gender": "n"
    },
    {
      "name": "Grubenhügel",
      "gender": "m"
    },
    {
      "name": "Waldschmiede",
      "gender": "n"
    },
    {
      "name": "Zinngrube",
      "gender": "n"
    },
    {
      "name": "Schraubtal",
      "gender": "n"
    },
    {
      "name": "Steinspitze",
      "gender": "n"
    },
    {
      "name": "Kesselschacht",
      "gender": "n"
    },
    {
      "name": "Gusshügel",
      "gender": "m"
    },
    {
      "name": "Meiselspitze",
      "gender": "n"
    },
    {
      "name": "Kristallklamm",
      "gender": "n"
    },
    {
      "name": "Funkenheim",
      "gender": "n"
    },
    {
      "name": "Zinnhausen",
      "gender": "n"
    },
    {
      "name": "Berghammer",
      "gender": "n"
    },
    {
      "name": "Bergwerk",
      "gender": "n"
    },
    {
      "name": "Felsenburg",
      "gender": "f"
    },
    {
      "name": "Bohrschmiede",
      "gender": "n"
    },
    {
      "name": "Steinau",
      "gender": "f"
    },
    {
      "name": "Kesseltor",
      "gender": "n"
    },
    {
      "name": "Silberhamm",
      "gender": "n"
    },
    {
      "name": "Silberhausen",
      "gender": "n"
    },
    {
      "name": "Funkenfurt",
      "gender": "n"
    },
    {
      "name": "Mechwerk",
      "gender": "n"
    },
    {
      "name": "Gusshafen",
      "gender": "n"
    },
    {
      "name": "Quarzstadt",
      "gender": "f"
    },
    {
      "name": "Gussweg",
      "gender": "n"
    },
    {
      "name": "Eisenau",
      "gender": "f"
    },
    {
      "name": "Feuerkessel",
      "gender": "n"
    },
    {
      "name": "Waldgrund",
      "gender": "n"
    },
    {
      "name": "Gängemark",
      "gender": "n"
    },
    {
      "name": "Radfelsen",
      "gender": "n"
    },
    {
      "name": "Quarzhafen",
      "gender": "n"
    },
    {
      "name": "Ascheklamm",
      "gender": "n"
    },
    {
      "name": "Radkessel",
      "gender": "n"
    },
    {
      "name": "Kristallhausen",
      "gender": "n"
    },
    {
      "name": "Kesselklippe",
      "gender": "n"
    },
    {
      "name": "Radstadt",
      "gender": "f"
    },
    {
      "name": "Kristallgraben",
      "gender": "n"
    },
    {
      "name": "Hammerschacht",
      "gender": "n"
    },
    {
      "name": "Bronzefeld",
      "gender": "n"
    },
    {
      "name": "Flussweg",
      "gender": "n"
    },
    {
      "name": "Glutklippe",
      "gender": "n"
    },
    {
      "name": "Klingepfad",
      "gender": "n"
    },
    {
      "name": "Höhlenkessel",
      "gender": "n"
    },
    {
      "name": "Goldgrube",
      "gender": "n"
    },
    {
      "name": "Kieselwerk",
      "gender": "n"
    },
    {
      "name": "Federhafen",
      "gender": "n"
    },
    {
      "name": "Mechtor",
      "gender": "n"
    },
    {
      "name": "Quarzhofen",
      "gender": "n"
    },
    {
      "name": "Zahnradbrück",
      "gender": "n"
    },
    {
      "name": "Zinnfeld",
      "gender": "n"
    },
    {
      "name": "Quarzpfad",
      "gender": "n"
    },
    {
      "name": "Feuerweg",
      "gender": "n"
    },
    {
      "name": "Hammerfeld",
      "gender": "n"
    },
    {
      "name": "Silberkliff",
      "gender": "n"
    },
    {
      "name": "Stahlstadt",
      "gender": "f"
    },
    {
      "name": "Rädersee",
      "gender": "n"
    },
    {
      "name": "Ritzelhügel",
      "gender": "m"
    },
    {
      "name": "Hammerwerk",
      "gender": "n"
    },
    {
      "name": "Bolzenbrück",
      "gender": "n"
    },
    {
      "name": "Bronzedorf",
      "gender": "n"
    },
    {
      "name": "Gluthamm",
      "gender": "n"
    },
    {
      "name": "Goldgraben",
      "gender": "n"
    },
    {
      "name": "Hügelsee",
      "gender": "n"
    },
    {
      "name": "Federhofen",
      "gender": "n"
    },
    {
      "name": "Stahlbrück",
      "gender": "n"
    },
    {
      "name": "Silbergraben",
      "gender": "n"
    },
    {
      "name": "Tunnelfelsen",
      "gender": "n"
    },
    {
      "name": "Goldkessel",
      "gender": "n"
    },
    {
      "name": "Werkhügel",
      "gender": "m"
    },
    {
      "name": "Quarzburg",
      "gender": "f"
    },
    {
      "name": "Schleifklippe",
      "gender": "n"
    },
    {
      "name": "Räderhafen",
      "gender": "n"
    },
    {
      "name": "Zunderspitze",
      "gender": "n"
    },
    {
      "name": "Räderau",
      "gender": "f"
    },
    {
      "name": "Quarzspitze",
      "gender": "n"
    },
    {
      "name": "Mechfeld",
      "gender": "n"
    },
    {
      "name": "Ritzelhofen",
      "gender": "n"
    },
    {
      "name": "Klingekliff",
      "gender": "n"
    },
    {
      "name": "Flusswerk",
      "gender": "n"
    },
    {
      "name": "Radmark",
      "gender": "n"
    },
    {
      "name": "Hammertal",
      "gender": "n"
    },
    {
      "name": "Schraubhamm",
      "gender": "n"
    },
    {
      "name": "Federhausen",
      "gender": "n"
    },
    {
      "name": "Zinnhube",
      "gender": "n"
    },
    {
      "name": "Zahnhofen",
      "gender": "n"
    },
    {
      "name": "Feuerklamm",
      "gender": "n"
    },
    {
      "name": "Feuerburg",
      "gender": "f"
    },
    {
      "name": "Eisenkliff",
      "gender": "n"
    },
    {
      "name": "Gängefurt",
      "gender": "n"
    },
    {
      "name": "Gängegrube",
      "gender": "n"
    },
    {
      "name": "Werkmark",
      "gender": "n"
    },
    {
      "name": "Gängebrück",
      "gender": "n"
    },
    {
      "name": "Gängehofen",
      "gender": "n"
    },
    {
      "name": "Werkwerk",
      "gender": "n"
    },
    {
      "name": "Bronzemark",
      "gender": "n"
    },
    {
      "name": "Radtal",
      "gender": "n"
    },
    {
      "name": "Glutkessel",
      "gender": "n"
    },
    {
      "name": "Ascheau",
      "gender": "f"
    },
    {
      "name": "Dampfkessel",
      "gender": "n"
    },
    {
      "name": "Bolzengraben",
      "gender": "n"
    },
    {
      "name": "Radhain",
      "gender": "m"
    },
    {
      "name": "Grubenkessel",
      "gender": "n"
    },
    {
      "name": "Hügelfelsen",
      "gender": "n"
    },
    {
      "name": "Kieseltal",
      "gender": "n"
    },
    {
      "name": "Felsenwerk",
      "gender": "n"
    },
    {
      "name": "Klingeweg",
      "gender": "n"
    },
    {
      "name": "Werkschmiede",
      "gender": "n"
    },
    {
      "name": "Klingehofen",
      "gender": "n"
    },
    {
      "name": "Kupferkessel",
      "gender": "n"
    },
    {
      "name": "Kupferklamm",
      "gender": "n"
    },
    {
      "name": "Kesselkliff",
      "gender": "n"
    },
    {
      "name": "Felsengraben",
      "gender": "n"
    },
    {
      "name": "Waldweg",
      "gender": "n"
    },
    {
      "name": "Felsenklamm",
      "gender": "n"
    },
    {
      "name": "Goldtor",
      "gender": "n"
    },
    {
      "name": "Felsental",
      "gender": "n"
    },
    {
      "name": "Eisental",
      "gender": "n"
    },
    {
      "name": "Federmark",
      "gender": "n"
    },
    {
      "name": "Hügeldorf",
      "gender": "n"
    },
    {
      "name": "Dampfklamm",
      "gender": "n"
    },
    {
      "name": "Ritzelpfad",
      "gender": "n"
    },
    {
      "name": "Dampfheim",
      "gender": "n"
    },
    {
      "name": "Zunderfelsen",
      "gender": "n"
    },
    {
      "name": "Flusskliff",
      "gender": "n"
    },
    {
      "name": "Hügelkessel",
      "gender": "n"
    },
    {
      "name": "Stahlhof",
      "gender": "n"
    },
    {
      "name": "Kesselsee",
      "gender": "n"
    },
    {
      "name": "Bolzenspitze",
      "gender": "n"
    },
    {
      "name": "Aschehamm",
      "gender": "n"
    },
    {
      "name": "Klingehafen",
      "gender": "n"
    },
    {
      "name": "Bolzenschacht",
      "gender": "n"
    },
    {
      "name": "Zunderhof",
      "gender": "n"
    },
    {
      "name": "Räderwerk",
      "gender": "n"
    },
    {
      "name": "Schleiftor",
      "gender": "n"
    },
    {
      "name": "Kristallklippe",
      "gender": "n"
    },
    {
      "name": "Ritzelsee",
      "gender": "n"
    },
    {
      "name": "Eisenpfad",
      "gender": "n"
    },
    {
      "name": "Feuerhof",
      "gender": "n"
    },
    {
      "name": "Grubenwerk",
      "gender": "n"
    },
    {
      "name": "Eisenhofen",
      "gender": "n"
    },
    {
      "name": "Quarzschacht",
      "gender": "n"
    },
    {
      "name": "Werkklippe",
      "gender": "n"
    },
    {
      "name": "Glutgraben",
      "gender": "n"
    },
    {
      "name": "Silberhain",
      "gender": "m"
    },
    {
      "name": "Berggrube",
      "gender": "n"
    },
    {
      "name": "Höhlenhube",
      "gender": "n"
    },
    {
      "name": "Mechspitze",
      "gender": "n"
    },
    {
      "name": "Feuermark",
      "gender": "n"
    },
    {
      "name": "Schleifspitze",
      "gender": "n"
    },
    {
      "name": "Steinkessel",
      "gender": "n"
    },
    {
      "name": "Bohrklippe",
      "gender": "n"
    },
    {
      "name": "Schleifort",
      "gender": "n"
    },
    {
      "name": "Mechklamm",
      "gender": "n"
    },
    {
      "name": "Zundertal",
      "gender": "n"
    },
    {
      "name": "Klingehausen",
      "gender": "n"
    },
    {
      "name": "Glutheim",
      "gender": "n"
    },
    {
      "name": "Zinnmark",
      "gender": "n"
    },
    {
      "name": "Ritzelburg",
      "gender": "f"
    },
    {
      "name": "Bolzenhof",
      "gender": "n"
    },
    {
      "name": "Steinhausen",
      "gender": "n"
    },
    {
      "name": "Raddorf",
      "gender": "n"
    },
    {
      "name": "Gängegraben",
      "gender": "n"
    },
    {
      "name": "Glutklamm",
      "gender": "n"
    },
    {
      "name": "Bronzeheim",
      "gender": "n"
    },
    {
      "name": "Höhlenpfad",
      "gender": "n"
    },
    {
      "name": "Feuerfelsen",
      "gender": "n"
    },
    {
      "name": "Schraubsee",
      "gender": "n"
    },
    {
      "name": "Waldwerk",
      "gender": "n"
    },
    {
      "name": "Bohrklamm",
      "gender": "n"
    },
    {
      "name": "Grubenhafen",
      "gender": "n"
    },
    {
      "name": "Stahlgraben",
      "gender": "n"
    },
    {
      "name": "Flussfurt",
      "gender": "n"
    },
    {
      "name": "Zunderhamm",
      "gender": "n"
    },
    {
      "name": "Meiseltor",
      "gender": "n"
    },
    {
      "name": "Bronzegraben",
      "gender": "n"
    },
    {
      "name": "Kesselfurt",
      "gender": "n"
    },
    {
      "name": "Höhlenhamm",
      "gender": "n"
    },
    {
      "name": "Felsenfelsen",
      "gender": "n"
    },
    {
      "name": "Schleifhafen",
      "gender": "n"
    },
    {
      "name": "Feuerpfad",
      "gender": "n"
    },
    {
      "name": "Tunnelklippe",
      "gender": "n"
    },
    {
      "name": "Felsenspitze",
      "gender": "n"
    },
    {
      "name": "Meiselfeld",
      "gender": "n"
    },
    {
      "name": "Eisendorf",
      "gender": "n"
    },
    {
      "name": "Kupferdorf",
      "gender": "n"
    },
    {
      "name": "Dampfhammer",
      "gender": "n"
    },
    {
      "name": "Funkenhof",
      "gender": "n"
    },
    {
      "name": "Kieselhausen",
      "gender": "n"
    },
    {
      "name": "Tunnelhube",
      "gender": "n"
    },
    {
      "name": "Zahnspitze",
      "gender": "n"
    },
    {
      "name": "Kristallfelsen",
      "gender": "n"
    },
    {
      "name": "Federstadt",
      "gender": "f"
    },
    {
      "name": "Tunnelgraben",
      "gender": "n"
    },
    {
      "name": "Berggraben",
      "gender": "n"
    },
    {
      "name": "Zunderfurt",
      "gender": "n"
    },
    {
      "name": "Goldheim",
      "gender": "n"
    },
    {
      "name": "Eisenhügel",
      "gender": "m"
    },
    {
      "name": "Gussgrube",
      "gender": "n"
    },
    {
      "name": "Felsensee",
      "gender": "n"
    },
    {
      "name": "Federhammer",
      "gender": "n"
    },
    {
      "name": "Schleifburg",
      "gender": "f"
    },
    {
      "name": "Meiselgraben",
      "gender": "n"
    },
    {
      "name": "Bergmark",
      "gender": "n"
    },
    {
      "name": "Federburg",
      "gender": "f"
    },
    {
      "name": "Klingeburg",
      "gender": "f"
    },
    {
      "name": "Zinnschacht",
      "gender": "n"
    },
    {
      "name": "Radgrube",
      "gender": "n"
    },
    {
      "name": "Gluthügel",
      "gender": "m"
    },
    {
      "name": "Eisenklamm",
      "gender": "n"
    },
    {
      "name": "Hammerburg",
      "gender": "f"
    },
    {
      "name": "Kupferhausen",
      "gender": "n"
    },
    {
      "name": "Waldspitze",
      "gender": "n"
    },
    {
      "name": "Zahngrund",
      "gender": "n"
    },
    {
      "name": "Eisentor",
      "gender": "n"
    },
    {
      "name": "Meiselheim",
      "gender": "n"
    },
    {
      "name": "Bolzenhammer",
      "gender": "n"
    },
    {
      "name": "Waldtal",
      "gender": "n"
    },
    {
      "name": "Feuertor",
      "gender": "n"
    },
    {
      "name": "Funkenmark",
      "gender": "n"
    },
    {
      "name": "Federfurt",
      "gender": "n"
    },
    {
      "name": "Bohrort",
      "gender": "n"
    },
    {
      "name": "Hügelmark",
      "gender": "n"
    },
    {
      "name": "Ritzelschmiede",
      "gender": "n"
    },
    {
      "name": "Höhlengrube",
      "gender": "n"
    },
    {
      "name": "Gluthube",
      "gender": "n"
    },
    {
      "name": "Räderpfad",
      "gender": "n"
    },
    {
      "name": "Silberhügel",
      "gender": "m"
    },
    {
      "name": "Höhlenhain",
      "gender": "m"
    },
    {
      "name": "Grubenbrück",
      "gender": "n"
    },
    {
      "name": "Höhlenhügel",
      "gender": "m"
    },
    {
      "name": "Grubengrund",
      "gender": "n"
    },
    {
      "name": "Räderkliff",
      "gender": "n"
    },
    {
      "name": "Gängekessel",
      "gender": "n"
    },
    {
      "name": "Steinklippe",
      "gender": "n"
    },
    {
      "name": "Stahlheim",
      "gender": "n"
    },
    {
      "name": "Funkenhammer",
      "gender": "n"
    },
    {
      "name": "Hammerdorf",
      "gender": "n"
    },
    {
      "name": "Bohrhügel",
      "gender": "m"
    },
    {
      "name": "Klingestadt",
      "gender": "f"
    },
    {
      "name": "Schraubhube",
      "gender": "n"
    },
    {
      "name": "Grubenspitze",
      "gender": "n"
    },
    {
      "name": "Funkenklamm",
      "gender": "n"
    },
    {
      "name": "Gängeklamm",
      "gender": "n"
    },
    {
      "name": "Eisenhube",
      "gender": "n"
    },
    {
      "name": "Bohrweg",
      "gender": "n"
    },
    {
      "name": "Waldhamm",
      "gender": "n"
    },
    {
      "name": "Bronzehammer",
      "gender": "n"
    },
    {
      "name": "Golddorf",
      "gender": "n"
    },
    {
      "name": "Aschekessel",
      "gender": "n"
    },
    {
      "name": "Goldort",
      "gender": "n"
    },
    {
      "name": "Gängeklippe",
      "gender": "n"
    },
    {
      "name": "Quarzfelsen",
      "gender": "n"
    },
    {
      "name": "Stahlsee",
      "gender": "n"
    },
    {
      "name": "Kristallfeld",
      "gender": "n"
    },
    {
      "name": "Gusswerk",
      "gender": "n"
    },
    {
      "name": "Tunnelpfad",
      "gender": "n"
    },
    {
      "name": "Höhlenhammer",
      "gender": "n"
    },
    {
      "name": "Bronzepfad",
      "gender": "n"
    },
    {
      "name": "Ritzelhof",
      "gender": "n"
    },
    {
      "name": "Dampffelsen",
      "gender": "n"
    },
    {
      "name": "Ascheschacht",
      "gender": "n"
    },
    {
      "name": "Flussbrück",
      "gender": "n"
    },
    {
      "name": "Bolzenpfad",
      "gender": "n"
    },
    {
      "name": "Flusstal",
      "gender": "n"
    },
    {
      "name": "Hammerhügel",
      "gender": "m"
    },
    {
      "name": "Dampfau",
      "gender": "f"
    },
    {
      "name": "Funkenburg",
      "gender": "f"
    },
    {
      "name": "Quarzhamm",
      "gender": "n"
    },
    {
      "name": "Flusshamm",
      "gender": "n"
    },
    {
      "name": "Zinnschmiede",
      "gender": "n"
    },
    {
      "name": "Zahnradmark",
      "gender": "n"
    },
    {
      "name": "Steinbrück",
      "gender": "n"
    },
    {
      "name": "Berghügel",
      "gender": "m"
    },
    {
      "name": "Flusskessel",
      "gender": "n"
    },
    {
      "name": "Mechau",
      "gender": "f"
    },
    {
      "name": "Bolzenhügel",
      "gender": "m"
    },
    {
      "name": "Schraubklippe",
      "gender": "n"
    },
    {
      "name": "Kieselhofen",
      "gender": "n"
    },
    {
      "name": "Waldgraben",
      "gender": "n"
    },
    {
      "name": "Bergpfad",
      "gender": "n"
    },
    {
      "name": "Höhlenweg",
      "gender": "n"
    },
    {
      "name": "Schleifhammer",
      "gender": "n"
    },
    {
      "name": "Kieselgraben",
      "gender": "n"
    },
    {
      "name": "Dampfdorf",
      "gender": "n"
    },
    {
      "name": "Kupferschmiede",
      "gender": "n"
    },
    {
      "name": "Aschedorf",
      "gender": "n"
    },
    {
      "name": "Kristallort",
      "gender": "n"
    },
    {
      "name": "Flussklippe",
      "gender": "n"
    },
    {
      "name": "Werkkliff",
      "gender": "n"
    },
    {
      "name": "Dampfgrund",
      "gender": "n"
    },
    {
      "name": "Zahnradkessel",
      "gender": "n"
    },
    {
      "name": "Mechsee",
      "gender": "n"
    },
    {
      "name": "Bolzenhain",
      "gender": "m"
    },
    {
      "name": "Bohrhube",
      "gender": "n"
    },
    {
      "name": "Tunneltal",
      "gender": "n"
    },
    {
      "name": "Schraubweg",
      "gender": "n"
    },
    {
      "name": "Federhain",
      "gender": "m"
    },
    {
      "name": "Räderstadt",
      "gender": "f"
    },
    {
      "name": "Schraubburg",
      "gender": "f"
    },
    {
      "name": "Aschehammer",
      "gender": "n"
    },
    {
      "name": "Zunderau",
      "gender": "f"
    },
    {
      "name": "Schleifgrund",
      "gender": "n"
    },
    {
      "name": "Klingekessel",
      "gender": "n"
    },
    {
      "name": "Zahnmark",
      "gender": "n"
    },
    {
      "name": "Mechhube",
      "gender": "n"
    },
    {
      "name": "Zunderschacht",
      "gender": "n"
    },
    {
      "name": "Grubenhube",
      "gender": "n"
    },
    {
      "name": "Zunderstadt",
      "gender": "f"
    },
    {
      "name": "Bronzespitze",
      "gender": "n"
    },
    {
      "name": "Stahlort",
      "gender": "n"
    },
    {
      "name": "Bronzeschacht",
      "gender": "n"
    },
    {
      "name": "Gängetal",
      "gender": "n"
    },
    {
      "name": "Mechhof",
      "gender": "n"
    },
    {
      "name": "Hammermark",
      "gender": "n"
    },
    {
      "name": "Feuerhügel",
      "gender": "m"
    },
    {
      "name": "Mechort",
      "gender": "n"
    },
    {
      "name": "Werkburg",
      "gender": "f"
    },
    {
      "name": "Zahnfurt",
      "gender": "n"
    },
    {
      "name": "Tunnelwerk",
      "gender": "n"
    },
    {
      "name": "Flussstadt",
      "gender": "f"
    },
    {
      "name": "Gängesee",
      "gender": "n"
    },
    {
      "name": "Aschehügel",
      "gender": "m"
    },
    {
      "name": "Zunderhammer",
      "gender": "n"
    },
    {
      "name": "Hammertor",
      "gender": "n"
    },
    {
      "name": "Grubendorf",
      "gender": "n"
    },
    {
      "name": "Grubenfeld",
      "gender": "n"
    },
    {
      "name": "Zahnweg",
      "gender": "n"
    },
    {
      "name": "Federweg",
      "gender": "n"
    },
    {
      "name": "Zinnau",
      "gender": "f"
    },
    {
      "name": "Bohrtal",
      "gender": "n"
    },
    {
      "name": "Flussschacht",
      "gender": "n"
    },
    {
      "name": "Goldstadt",
      "gender": "f"
    },
    {
      "name": "Klingehain",
      "gender": "m"
    },
    {
      "name": "Kohleburg",
      "gender": "f"
    },
    {
      "name": "Goldau",
      "gender": "f"
    },
    {
      "name": "Feuerhube",
      "gender": "n"
    },
    {
      "name": "Bohrhammer",
      "gender": "n"
    },
    {
      "name": "Radhof",
      "gender": "n"
    },
    {
      "name": "Ritzelfeld",
      "gender": "n"
    },
    {
      "name": "Quarzgrube",
      "gender": "n"
    },
    {
      "name": "Felsenbrück",
      "gender": "n"
    },
    {
      "name": "Waldhube",
      "gender": "n"
    },
    {
      "name": "Ascheschmiede",
      "gender": "n"
    },
    {
      "name": "Zahnradsee",
      "gender": "n"
    },
    {
      "name": "Werkspitze",
      "gender": "n"
    },
    {
      "name": "Gängestadt",
      "gender": "f"
    },
    {
      "name": "Ritzelklippe",
      "gender": "n"
    },
    {
      "name": "Kohletal",
      "gender": "n"
    },
    {
      "name": "Gussfurt",
      "gender": "n"
    },
    {
      "name": "Waldbrück",
      "gender": "n"
    },
    {
      "name": "Mechpfad",
      "gender": "n"
    },
    {
      "name": "Meiselhausen",
      "gender": "n"
    },
    {
      "name": "Waldhain",
      "gender": "m"
    },
    {
      "name": "Kesseltal",
      "gender": "n"
    },
    {
      "name": "Kristallstadt",
      "gender": "f"
    },
    {
      "name": "Räderschmiede",
      "gender": "n"
    }
  ]
}