{
  "authors": [
    {
      "name": "munichjake",
      "email": "munichjake@dnd-session.de",
      "url": "https://dnd-session.de",
      "github": "https://github.com/munichjake"
    }
  ],
  "description": "Fictional settlements of the dragonborn race",
  "version": "1.0.0",
  "settlements": [
    "Drakekeep",
    "Drakespire",
    "Drakehold",
    "Drakerest",
    "Drakecliff",
    "Drakemount",
    "Drakehollow",
    "Drakeden",
    "Drakeroost",
    "Drakecavern",
    "Drakeflight",
    "Drakenest",
    "Drakethrone",
    "Drakegate",
    "Drakehaven",
    "Drakehome",
    "Drakecamp",
    "Drakecity",
    "Drakevale",
    "Drakeridge",
    "Wyvernkeep",
    "Wyvernspire",
    "Wyvernhold",
    "Wyvernrest",
    "Wyverncliff",
    "Wyvernmount",
    "Wyvernhollow",
    "Wyvernden",
    "Wyvernroost",
    "Wyverncavern",
    "Wyvernflight",
    "Wyvernnest",
    "Wyvernthrone",
    "Wyverngate",
    "Wyvernhaven",
    "Wyvernhome",
    "Wyverncamp",
    "Wyverncity",
    "Wyvernvale",
    "Wyvernridge",
    "Talonskeep",
    "Talonsspire",
    "Talonshold",
    "Talonsrest",
    "Talonscliff",
    "Talonsmount",
    "Talonshollow",
    "Talonsden",
    "Talonsroost",
    "Talonscavern",
    "Talonsflight",
    "Talonsnest",
    "Talonsthrone",
    "Talonsgate",
    "Talonshaven",
    "Talonshome",
    "Talonscamp",
    "Talonscity",
    "Talonsvale",
    "Talonsridge",
    "Scaleboundkeep",
    "Scaleboundspire",
    "Scaleboundhold",
    "Scaleboundrest",
    "Scaleboundcliff",
    "Scaleboundmount",
    "Scaleboundhollow",
    "Scaleboundden",
    "Scaleboundroost",
    "Scaleboundcavern",
    "Scaleboundflight",
    "Scaleboundnest",
    "Scaleboundthrone",
    "Scaleboundgate",
    "Scaleboundhaven",
    "Scaleboundhome",
    "Scaleboundcamp",
    "Scaleboundcity",
    "Scaleboundvale",
    "Scaleboundridge",
    "Flamekeep",
    "Flamespire",
    "Flamehold",
    "Flamerest",
    "Flamecliff",
    "Flamemount",
    "Flamehollow",
    "Flameden",
    "Flameroost",
    "Flamecavern",
    "Flameflight",
    "Flamenest",
    "Flamethrone",
    "Flamegate",
    "Flamehaven",
    "Flamehome",
    "Flamecamp",
    "Flamecity",
    "Flamevale",
    "Flameridge",
    "Stormkeep",
    "Stormspire",
    "Stormhold",
    "Stormrest",
    "Stormcliff",
    "Stormmount",
    "Stormhollow",
    "Stormden",
    "Stormroost",
    "Stormcavern",
    "Stormflight",
    "Stormnest",
    "Stormthrone",
    "Stormgate",
    "Stormhaven",
    "Stormhome",
    "Stormcamp",
    "Stormcity",
    "Stormvale",
    "Stormridge",
    "Firekeep",
    "Firespire",
    "Firehold",
    "Firerest",
    "Firecliff",
    "Firemount",
    "Firehollow",
    "Fireden",
    "Fireroost",
    "Firecavern",
    "Fireflight",
    "Firenest",
    "Firethrone",
    "Firegate",
    "Firehaven",
    "Firehome",
    "Firecamp",
    "Firecity",
    "Firevale",
    "Fireridge",
    "Clawkeep",
    "Clawspire",
    "Clawhold",
    "Clawrest",
    "Clawcliff",
    "Clawmount",
    "Clawhollow",
    "Clawden",
    "Clawroost",
    "Clawcavern",
    "Clawflight",
    "Clawnest",
    "Clawthrone",
    "Clawgate",
    "Clawhaven",
    "Clawhome",
    "Clawcamp",
    "Clawcity",
    "Clawvale",
    "Clawridge",
    "Skykeep",
    "Skyspire",
    "Skyhold",
    "Skyrest",
    "Skycliff",
    "Skymount",
    "Skyhollow",
    "Skyden",
    "Skyroost",
    "Skycavern",
    "Skyflight",
    "Skynest",
    "Skythrone",
    "Skygate",
    "Skyhaven",
    "Skyhome",
    "Skycamp",
    "Skycity",
    "Skyvale",
    "Skyridge",
    "Dragonkeep",
    "Dragonspire",
    "Dragonhold",
    "Dragonrest",
    "Dragoncliff",
    "Dragonmount",
    "Dragonhollow",
    "Dragonden",
    "Dragonroost",
    "Dragoncavern",
    "Dragonflight",
    "Dragonnest",
    "Dragonthrone",
    "Dragongate",
    "Dragonhaven",
    "Dragonhome",
    "Dragoncamp",
    "Dragoncity",
    "Dragonvale",
    "Dragonridge",
    "Wyrmkeep",
    "Wyrmspire",
    "Wyrmhold",
    "Wyrmrest",
    "Wyrmcliff",
    "Wyrmmount",
    "Wyrmhollow",
    "Wyrmden",
    "Wyrmroost",
    "Wyrmcavern",
    "Wyrmflight",
    "Wyrmnest",
    "Wyrmthrone",
    "Wyrmgate",
    "Wyrmhaven",
    "Wyrmhome",
    "Wyrmcamp",
    "Wyrmcity",
    "Wyrmvale",
    "Wyrmridge",
    "Emberkeep",
    "Emberspire",
    "Emberhold",
    "Emberrest",
    "Embercliff",
    "Embermount",
    "Emberhollow",
    "Emberden",
    "Emberroost",
    "Embercavern",
    "Emberflight",
    "Embernest",
    "Emberthrone",
    "Embergate",
    "Emberhaven",
    "Emberhome",
    "Embercamp",
    "Embercity",
    "Embervale",
    "Emberridge",
    "Fangkeep",
    "Fangspire",
    "Fanghold",
    "Fangrest",
    "Fangcliff",
    "Fangmount",
    "Fanghollow",
    "Fangden",
    "Fangroost",
    "Fangcavern",
    "Fangflight",
    "Fangnest",
    "Fangthrone",
    "Fanggate",
    "Fanghaven",
    "Fanghome",
    "Fangcamp",
    "Fangcity",
    "Fangvale",
    "Fangridge",
    "Razorkeep",
    "Razorspire",
    "Razorhold",
    "Razorrest",
    "Razorcliff",
    "Razormount",
    "Razorhollow",
    "Razorden",
    "Razorroost",
    "Razorcavern",
    "Razorflight",
    "Razornest",
    "Razorthrone",
    "Razorgate",
    "Razorhaven",
    "Razorhome",
    "Razorcamp",
    "Razorcity",
    "Razorvale",
    "Razorridge",
    "Shardkeep",
    "Shardspire",
    "Shardhold",
    "Shardrest",
    "Shardcliff",
    "Shardmount",
    "Shardhollow",
    "Shardden",
    "Shardroost",
    "Shardcavern",
    "Shardflight",
    "Shardnest",
    "Shardthrone",
    "Shardgate",
    "Shardhaven",
    "Shardhome",
    "Shardcamp",
    "Shardcity",
    "Shardvale",
    "Shardridge",
    "Rimekeep",
    "Rimespire",
    "Rimehold",
    "Rimerest",
    "Rimecliff",
    "Rimemount",
    "Rimehollow",
    "Rimeden",
    "Rimeroost",
    "Rimecavern",
    "Rimeflight",
    "Rimenest",
    "Rimethrone",
    "Rimegate",
    "Rimehaven",
    "Rimehome",
    "Rimecamp",
    "Rimecity",
    "Rimevale",
    "Rimeridge",
    "Sunkeep",
    "Sunspire",
    "Sunhold",
    "Sunrest",
    "Suncliff",
    "Sunmount",
    "Sunhollow",
    "Sunden",
    "Sunroost",
    "Suncavern",
    "Sunflight",
    "Sunnest",
    "Sunthrone",
    "Sungate",
    "Sunhaven",
    "Sunhome",
    "Suncamp",
    "Suncity",
    "Sunvale",
    "Sunridge",
    "Moonkeep",
    "Moonspire",
    "Moonhold",
    "Moonrest",
    "Mooncliff",
    "Moonmount",
    "Moonhollow",
    "Moonden",
    "Moonroost",
    "Mooncavern",
    "Moonflight",
    "Moonnest",
    "Moonthrone",
    "Moongate",
    "Moonhaven",
    "Moonhome",
    "Mooncamp",
    "Mooncity",
    "Moonvale",
    "Moonridge",
    "Aerokeep",
    "Aerospire",
    "Aerohold",
    "Aerorest",
    "Aerocliff",
    "Aeromount",
    "Aerohollow",
    "Aeroden",
    "Aeroroost",
    "Aerocavern",
    "Aeroflight",
    "Aeronest",
    "Aerothrone",
    "Aerogate",
    "Aerohaven",
    "Aerohome",
    "Aerocamp",
    "Aerocity",
    "Aerovale",
    "Aeroridge",
    "Pyrokeep",
    "Pyrospire",
    "Pyrohold",
    "Pyrorest",
    "Pyrocliff",
    "Pyromount",
    "Pyrohollow",
    "Pyroden",
    "Pyroroost",
    "Pyrocavern",
    "Pyroflight",
    "Pyronest",
    "Pyrothrone",
    "Pyrogate",
    "Pyrohaven",
    "Pyrohome",
    "Pyrocamp",
    "Pyrocity",
    "Pyrovale",
    "Pyroridge",
    "Drakekeepkeep",
    "Drakekeepspire",
    "Drakekeephold",
    "Drakekeeprest",
    "Drakekeepcliff",
    "Drakekeepmount",
    "Drakekeephollow",
    "Drakekeepden",
    "Drakekeeproost",
    "Drakekeepcavern",
    "Drakekeepflight",
    "Drakekeepnest",
    "Drakekeepthrone",
    "Drakekeepgate",
    "Drakekeephaven",
    "Drakekeephome",
    "Drakekeepcamp",
    "Drakekeepcity",
    "Drakekeepvale",
    "Drakekeepridge",
    "Drakespirekeep",
    "Drakespirespire",
    "Drakespirehold",
    "Drakespirerest",
    "Drakespirecliff",
    "Drakespiremount",
    "Drakespirehollow",
    "Drakespireden",
    "Drakespireroost",
    "Drakespirecavern",
    "Drakespireflight",
    "Drakespirenest",
    "Drakespirethrone",
    "Drakespiregate",
    "Drakespirehaven",
    "Drakespirehome",
    "Drakespirecamp",
    "Drakespirecity",
    "Drakespirevale",
    "Drakespireridge",
    "Drakeholdkeep",
    "Drakeholdspire",
    "Drakeholdhold",
    "Drakeholdrest",
    "Drakeholdcliff",
    "Drakeholdmount",
    "Drakeholdhollow",
    "Drakeholdden",
    "Drakeholdroost",
    "Drakeholdcavern",
    "Drakeholdflight",
    "Drakeholdnest",
    "Drakeholdthrone",
    "Drakeholdgate",
    "Drakeholdhaven",
    "Drakeholdhome",
    "Drakeholdcamp",
    "Drakeholdcity",
    "Drakeholdvale",
    "Drakeholdridge",
    "Drakerestkeep",
    "Drakerestspire",
    "Drakeresthold",
    "Drakerestrest",
    "Drakerestcliff",
    "Drakerestmount",
    "Drakeresthollow",
    "Drakerestden",
    "Drakerestroost",
    "Drakerestcavern",
    "Drakerestflight",
    "Drakerestnest",
    "Drakerestthrone",
    "Drakerestgate",
    "Drakeresthaven",
    "Drakeresthome",
    "Drakerestcamp",
    "Drakerestcity",
    "Drakerestvale",
    "Drakerestridge",
    "Drakecliffkeep",
    "Drakecliffspire",
    "Drakecliffhold",
    "Drakecliffrest",
    "Drakecliffcliff",
    "Drakecliffmount",
    "Drakecliffhollow",
    "Drakecliffden",
    "Drakecliffroost",
    "Drakecliffcavern",
    "Drakecliffflight",
    "Drakecliffnest",
    "Drakecliffthrone",
    "Drakecliffgate",
    "Drakecliffhaven",
    "Drakecliffhome",
    "Drakecliffcamp",
    "Drakecliffcity",
    "Drakecliffvale",
    "Drakecliffridge",
    "Drakemountkeep",
    "Drakemountspire",
    "Drakemounthold",
    "Drakemountrest",
    "Drakemountcliff",
    "Drakemountmount",
    "Drakemounthollow",
    "Drakemountden",
    "Drakemountroost",
    "Drakemountcavern",
    "Drakemountflight",
    "Drakemountnest",
    "Drakemountthrone",
    "Drakemountgate",
    "Drakemounthaven",
    "Drakemounthome",
    "Drakemountcamp",
    "Drakemountcity",
    "Drakemountvale",
    "Drakemountridge",
    "Drakehollowkeep",
    "Drakehollowspire",
    "Drakehollowhold",
    "Drakehollowrest",
    "Drakehollowcliff",
    "Drakehollowmount",
    "Drakehollowhollow",
    "Drakehollowden",
    "Drakehollowroost",
    "Drakehollowcavern",
    "Drakehollowflight",
    "Drakehollownest",
    "Drakehollowthrone",
    "Drakehollowgate",
    "Drakehollowhaven",
    "Drakehollowhome",
    "Drakehollowcamp",
    "Drakehollowcity",
    "Drakehollowvale",
    "Drakehollowridge",
    "Drakedenkeep",
    "Drakedenspire",
    "Drakedenhold",
    "Drakedenrest",
    "Drakedencliff",
    "Drakedenmount",
    "Drakedenhollow",
    "Drakedenden",
    "Drakedenroost",
    "Drakedencavern",
    "Drakedenflight",
    "Drakedennest",
    "Drakedenthrone",
    "Drakedengate",
    "Drakedenhaven",
    "Drakedenhome",
    "Drakedencamp",
    "Drakedencity",
    "Drakedenvale",
    "Drakedenridge",
    "Drakeroostkeep",
    "Drakeroostspire",
    "Drakeroosthold",
    "Drakeroostrest",
    "Drakeroostcliff",
    "Drakeroostmount",
    "Drakeroosthollow",
    "Drakeroostden",
    "Drakeroostroost",
    "Drakeroostcavern",
    "Drakeroostflight",
    "Drakeroostnest",
    "Drakeroostthrone",
    "Drakeroostgate",
    "Drakeroosthaven",
    "Drakeroosthome",
    "Drakeroostcamp",
    "Drakeroostcity",
    "Drakeroostvale",
    "Drakeroostridge",
    "Drakecavernkeep",
    "Drakecavernspire",
    "Drakecavernhold",
    "Drakecavernrest",
    "Drakecaverncliff",
    "Drakecavernmount",
    "Drakecavernhollow",
    "Drakecavernden",
    "Drakecavernroost",
    "Drakecaverncavern",
    "Drakecavernflight",
    "Drakecavernnest",
    "Drakecavernthrone",
    "Drakecaverngate",
    "Drakecavernhaven",
    "Drakecavernhome",
    "Drakecaverncamp",
    "Drakecaverncity",
    "Drakecavernvale",
    "Drakecavernridge",
    "Drakeflightkeep",
    "Drakeflightspire",
    "Drakeflighthold",
    "Drakeflightrest",
    "Drakeflightcliff",
    "Drakeflightmount",
    "Drakeflighthollow",
    "Drakeflightden",
    "Drakeflightroost",
    "Drakeflightcavern",
    "Drakeflightflight",
    "Drakeflightnest",
    "Drakeflightthrone",
    "Drakeflightgate",
    "Drakeflighthaven",
    "Drakeflighthome",
    "Drakeflightcamp",
    "Drakeflightcity",
    "Drakeflightvale",
    "Drakeflightridge",
    "Drakenestkeep",
    "Drakenestspire",
    "Drakenesthold",
    "Drakenestrest",
    "Drakenestcliff",
    "Drakenestmount",
    "Drakenesthollow",
    "Drakenestden",
    "Drakenestroost",
    "Drakenestcavern",
    "Drakenestflight",
    "Drakenestnest",
    "Drakenestthrone",
    "Drakenestgate",
    "Drakenesthaven",
    "Drakenesthome",
    "Drakenestcamp",
    "Drakenestcity",
    "Drakenestvale",
    "Drakenestridge",
    "Drakethronekeep",
    "Drakethronespire",
    "Drakethronehold",
    "Drakethronerest",
    "Drakethronecliff",
    "Drakethronemount",
    "Drakethronehollow",
    "Drakethroneden",
    "Drakethroneroost",
    "Drakethronecavern",
    "Drakethroneflight",
    "Drakethronenest",
    "Drakethronethrone",
    "Drakethronegate",
    "Drakethronehaven",
    "Drakethronehome",
    "Drakethronecamp",
    "Drakethronecity",
    "Drakethronevale",
    "Drakethroneridge",
    "Drakegatekeep",
    "Drakegatespire",
    "Drakegatehold",
    "Drakegaterest",
    "Drakegatecliff",
    "Drakegatemount",
    "Drakegatehollow",
    "Drakegateden",
    "Drakegateroost",
    "Drakegatecavern",
    "Drakegateflight",
    "Drakegatenest",
    "Drakegatethrone",
    "Drakegategate",
    "Drakegatehaven",
    "Drakegatehome",
    "Drakegatecamp",
    "Drakegatecity",
    "Drakegatevale",
    "Drakegateridge",
    "Drakehavenkeep",
    "Drakehavenspire",
    "Drakehavenhold",
    "Drakehavenrest",
    "Drakehavencliff",
    "Drakehavenmount",
    "Drakehavenhollow",
    "Drakehavenden",
    "Drakehavenroost",
    "Drakehavencavern",
    "Drakehavenflight",
    "Drakehavennest",
    "Drakehaventhrone",
    "Drakehavengate",
    "Drakehavenhaven",
    "Drakehavenhome",
    "Drakehavencamp",
    "Drakehavencity",
    "Drakehavenvale",
    "Drakehavenridge",
    "Drakehomekeep",
    "Drakehomespire",
    "Drakehomehold",
    "Drakehomerest",
    "Drakehomecliff",
    "Drakehomemount",
    "Drakehomehollow",
    "Drakehomeden",
    "Drakehomeroost",
    "Drakehomecavern",
    "Drakehomeflight",
    "Drakehomenest",
    "Drakehomethrone",
    "Drakehomegate",
    "Drakehomehaven",
    "Drakehomehome",
    "Drakehomecamp",
    "Drakehomecity",
    "Drakehomevale",
    "Drakehomeridge",
    "Drakecampkeep",
    "Drakecampspire",
    "Drakecamphold",
    "Drakecamprest",
    "Drakecampcliff",
    "Drakecampmount",
    "Drakecamphollow",
    "Drakecampden",
    "Drakecamproost",
    "Drakecampcavern",
    "Drakecampflight",
    "Drakecampnest",
    "Drakecampthrone",
    "Drakecampgate",
    "Drakecamphaven",
    "Drakecamphome",
    "Drakecampcamp",
    "Drakecampcity",
    "Drakecampvale",
    "Drakecampridge",
    "Drakecitykeep",
    "Drakecityspire",
    "Drakecityhold",
    "Drakecityrest",
    "Drakecitycliff",
    "Drakecitymount",
    "Drakecityhollow",
    "Drakecityden",
    "Drakecityroost",
    "Drakecitycavern",
    "Drakecityflight",
    "Drakecitynest",
    "Drakecitythrone",
    "Drakecitygate",
    "Drakecityhaven",
    "Drakecityhome",
    "Drakecitycamp",
    "Drakecitycity",
    "Drakecityvale",
    "Drakecityridge",
    "Drakevalekeep",
    "Drakevalespire",
    "Drakevalehold",
    "Drakevalerest",
    "Drakevalecliff",
    "Drakevalemount",
    "Drakevalehollow",
    "Drakevaleden",
    "Drakevaleroost",
    "Drakevalecavern",
    "Drakevaleflight",
    "Drakevalenest",
    "Drakevalethrone",
    "Drakevalegate",
    "Drakevalehaven",
    "Drakevalehome",
    "Drakevalecamp",
    "Drakevalecity",
    "Drakevalevale",
    "Drakevaleridge",
    "Drakeridgekeep",
    "Drakeridgespire",
    "Drakeridgehold",
    "Drakeridgerest",
    "Drakeridgecliff",
    "Drakeridgemount",
    "Drakeridgehollow",
    "Drakeridgeden",
    "Drakeridgeroost",
    "Drakeridgecavern",
    "Drakeridgeflight",
    "Drakeridgenest",
    "Drakeridgethrone",
    "Drakeridgegate",
    "Drakeridgehaven",
    "Drakeridgehome",
    "Drakeridgecamp",
    "Drakeridgecity",
    "Drakeridgevale",
    "Drakeridgeridge",
    "Wyvernkeepkeep",
    "Wyvernkeepspire",
    "Wyvernkeephold",
    "Wyvernkeeprest",
    "Wyvernkeepcliff",
    "Wyvernkeepmount",
    "Wyvernkeephollow",
    "Wyvernkeepden",
    "Wyvernkeeproost",
    "Wyvernkeepcavern",
    "Wyvernkeepflight",
    "Wyvernkeepnest",
    "Wyvernkeepthrone",
    "Wyvernkeepgate",
    "Wyvernkeephaven",
    "Wyvernkeephome",
    "Wyvernkeepcamp",
    "Wyvernkeepcity"
  ]
}