{
  "authors": [
    {
      "name": "munichjake",
      "email": "munichjake@dnd-session.de",
      "url": "https://dnd-session.de",
      "github": "https://github.com/munichjake"
    }
  ],
  "description": "Fictional settlements of the tiefling race",
  "version": "1.0.0",
  "settlements": [
    "Ashgate",
    "Ashkeep",
    "Ashcity",
    "Ashhold",
    "Ashfort",
    "Ashspire",
    "Ashcliff",
    "Ashpoint",
    "Ashmouth",
    "Ashwatch",
    "Ashfane",
    "Ashbastion",
    "Ashcitadel",
    "Ashcavern",
    "Ashreach",
    "Ashnest",
    "Ashpit",
    "Ashvault",
    "Ashtower",
    "Hellgate",
    "Hellkeep",
    "Hellcity",
    "Hellhold",
    "Hellfort",
    "Hellspire",
    "Hellcliff",
    "Hellpoint",
    "Hellmouth",
    "Hellwatch",
    "Hellfane",
    "Hellbastion",
    "Hellcitadel",
    "Hellcavern",
    "Hellreach",
    "Hellnest",
    "Hellpit",
    "Hellvault",
    "Helltower",
    "Infernogate",
    "Infernokeep",
    "Infernocity",
    "Infernohold",
    "Infernofort",
    "Infernospire",
    "Infernocliff",
    "Infernopoint",
    "Infernomouth",
    "Infernowatch",
    "Infernofane",
    "Infernobastion",
    "Infernocitadel",
    "Infernocavern",
    "Infernoreach",
    "Infernonest",
    "Infernopit",
    "Infernovault",
    "Infernotower",
    "Demongate",
    "Demonkeep",
    "Demoncity",
    "Demonhold",
    "Demonfort",
    "Demonspire",
    "Demoncliff",
    "Demonpoint",
    "Demonmouth",
    "Demonwatch",
    "Demonfane",
    "Demonbastion",
    "Demoncitadel",
    "Demoncavern",
    "Demonreach",
    "Demonnest",
    "Demonpit",
    "Demonvault",
    "Demontower",
    "Shadowgate",
    "Shadowkeep",
    "Shadowcity",
    "Shadowhold",
    "Shadowfort",
    "Shadowspire",
    "Shadowcliff",
    "Shadowpoint",
    "Shadowmouth",
    "Shadowwatch",
    "Shadowfane",
    "Shadowbastion",
    "Shadowcitadel",
    "Shadowcavern",
    "Shadowreach",
    "Shadownest",
    "Shadowpit",
    "Shadowvault",
    "Shadowtower",
    "Obsidiangate",
    "Obsidiankeep",
    "Obsidiancity",
    "Obsidianhold",
    "Obsidianfort",
    "Obsidianspire",
    "Obsidiancliff",
    "Obsidianpoint",
    "Obsidianmouth",
    "Obsidianwatch",
    "Obsidianfane",
    "Obsidianbastion",
    "Obsidiancitadel",
    "Obsidiancavern",
    "Obsidianreach",
    "Obsidiannest",
    "Obsidianpit",
    "Obsidianvault",
    "Obsidiantower",
    "Cindergate",
    "Cinderkeep",
    "Cindercity",
    "Cinderhold",
    "Cinderfort",
    "Cinderspire",
    "Cindercliff",
    "Cinderpoint",
    "Cindermouth",
    "Cinderwatch",
    "Cinderfane",
    "Cinderbastion",
    "Cindercitadel",
    "Cindercavern",
    "Cinderreach",
    "Cindernest",
    "Cinderpit",
    "Cindervault",
    "Cindertower",
    "Riftgate",
    "Riftkeep",
    "Riftcity",
    "Rifthold",
    "Riftfort",
    "Riftspire",
    "Riftcliff",
    "Riftpoint",
    "Riftmouth",
    "Riftwatch",
    "Riftfane",
    "Riftbastion",
    "Riftcitadel",
    "Riftcavern",
    "Riftreach",
    "Riftnest",
    "Riftpit",
    "Riftvault",
    "Rifttower",
    "Gloamgate",
    "Gloamkeep",
    "Gloamcity",
    "Gloamhold",
    "Gloamfort",
    "Gloamspire",
    "Gloamcliff",
    "Gloampoint",
    "Gloammouth",
    "Gloamwatch",
    "Gloamfane",
    "Gloambastion",
    "Gloamcitadel",
    "Gloamcavern",
    "Gloamreach",
    "Gloamnest",
    "Gloampit",
    "Gloamvault",
    "Gloamtower",
    "Sablegate",
    "Sablekeep",
    "Sablecity",
    "Sablehold",
    "Sablefort",
    "Sablespire",
    "Sablecliff",
    "Sablepoint",
    "Sablemouth",
    "Sablewatch",
    "Sablefane",
    "Sablebastion",
    "Sablecitadel",
    "Sablecavern",
    "Sablereach",
    "Sablenest",
    "Sablepit",
    "Sablevault",
    "Sabletower",
    "Bloodgate",
    "Bloodkeep",
    "Bloodcity",
    "Bloodhold",
    "Bloodfort",
    "Bloodspire",
    "Bloodcliff",
    "Bloodpoint",
    "Bloodmouth",
    "Bloodwatch",
    "Bloodfane",
    "Bloodbastion",
    "Bloodcitadel",
    "Bloodcavern",
    "Bloodreach",
    "Bloodnest",
    "Bloodpit",
    "Bloodvault",
    "Bloodtower",
    "Mourngate",
    "Mournkeep",
    "Mourncity",
    "Mournhold",
    "Mournfort",
    "Mournspire",
    "Mourncliff",
    "Mournpoint",
    "Mournmouth",
    "Mournwatch",
    "Mournfane",
    "Mournbastion",
    "Mourncitadel",
    "Mourncavern",
    "Mournreach",
    "Mournnest",
    "Mournpit",
    "Mournvault",
    "Mourntower",
    "Nightgate",
    "Nightkeep",
    "Nightcity",
    "Nighthold",
    "Nightfort",
    "Nightspire",
    "Nightcliff",
    "Nightpoint",
    "Nightmouth",
    "Nightwatch",
    "Nightfane",
    "Nightbastion",
    "Nightcitadel",
    "Nightcavern",
    "Nightreach",
    "Nightnest",
    "Nightpit",
    "Nightvault",
    "Nighttower",
    "Chaosgate",
    "Chaoskeep",
    "Chaoscity",
    "Chaoshold",
    "Chaosfort",
    "Chaosspire",
    "Chaoscliff",
    "Chaospoint",
    "Chaosmouth",
    "Chaoswatch",
    "Chaosfane",
    "Chaosbastion",
    "Chaoscitadel",
    "Chaoscavern",
    "Chaosreach",
    "Chaosnest",
    "Chaospit",
    "Chaosvault",
    "Chaostower",
    "Blightgate",
    "Blightkeep",
    "Blightcity",
    "Blighthold",
    "Blightfort",
    "Blightspire",
    "Blightcliff",
    "Blightpoint",
    "Blightmouth",
    "Blightwatch",
    "Blightfane",
    "Blightbastion",
    "Blightcitadel",
    "Blightcavern",
    "Blightreach",
    "Blightnest",
    "Blightpit",
    "Blightvault",
    "Blighttower",
    "Shadegate",
    "Shadekeep",
    "Shadecity",
    "Shadehold",
    "Shadefort",
    "Shadespire",
    "Shadecliff",
    "Shadepoint",
    "Shademouth",
    "Shadewatch",
    "Shadefane",
    "Shadebastion",
    "Shadecitadel",
    "Shadecavern",
    "Shadereach",
    "Shadenest",
    "Shadepit",
    "Shadevault",
    "Shadetower",
    "Voidgate",
    "Voidkeep",
    "Voidcity",
    "Voidhold",
    "Voidfort",
    "Voidspire",
    "Voidcliff",
    "Voidpoint",
    "Voidmouth",
    "Voidwatch",
    "Voidfane",
    "Voidbastion",
    "Voidcitadel",
    "Voidcavern",
    "Voidreach",
    "Voidnest",
    "Voidpit",
    "Voidvault",
    "Voidtower",
    "Skullgate",
    "Skullkeep",
    "Skullcity",
    "Skullhold",
    "Skullfort",
    "Skullspire",
    "Skullcliff",
    "Skullpoint",
    "Skullmouth",
    "Skullwatch",
    "Skullfane",
    "Skullbastion",
    "Skullcitadel",
    "Skullcavern",
    "Skullreach",
    "Skullnest",
    "Skullpit",
    "Skullvault",
    "Skulltower",
    "Nethergate",
    "Netherkeep",
    "Nethercity",
    "Netherhold",
    "Netherfort",
    "Netherspire",
    "Nethercliff",
    "Netherpoint",
    "Nethermouth",
    "Netherwatch",
    "Netherfane",
    "Netherbastion",
    "Nethercitadel",
    "Nethercavern",
    "Netherreach",
    "Nethernest",
    "Netherpit",
    "Nethervault",
    "Nethertower",
    "Abyssgate",
    "Abysskeep",
    "Abysscity",
    "Abysshold",
    "Abyssfort",
    "Abyssspire",
    "Abysscliff",
    "Abysspoint",
    "Abyssmouth",
    "Abysswatch",
    "Abyssfane",
    "Abyssbastion",
    "Abysscitadel",
    "Abysscavern",
    "Abyssreach",
    "Abyssnest",
    "Abysspit",
    "Abyssvault",
    "Abysstower",
    "Ashgategate",
    "Ashgatekeep",
    "Ashgatecity",
    "Ashgatehold",
    "Ashgatefort",
    "Ashgatespire",
    "Ashgatecliff",
    "Ashgatepoint",
    "Ashgatemouth",
    "Ashgatewatch",
    "Ashgatefane",
    "Ashgatebastion",
    "Ashgatecitadel",
    "Ashgatecavern",
    "Ashgatereach",
    "Ashgatenest",
    "Ashgatepit",
    "Ashgatevault",
    "Ashgatetower",
    "Ashkeepgate",
    "Ashkeepkeep",
    "Ashkeepcity",
    "Ashkeephold",
    "Ashkeepfort",
    "Ashkeepspire",
    "Ashkeepcliff",
    "Ashkeeppoint",
    "Ashkeepmouth",
    "Ashkeepwatch",
    "Ashkeepfane",
    "Ashkeepbastion",
    "Ashkeepcitadel",
    "Ashkeepcavern",
    "Ashkeepreach",
    "Ashkeepnest",
    "Ashkeeppit",
    "Ashkeepvault",
    "Ashkeeptower",
    "Ashcitygate",
    "Ashcitykeep",
    "Ashcitycity",
    "Ashcityhold",
    "Ashcityfort",
    "Ashcityspire",
    "Ashcitycliff",
    "Ashcitypoint",
    "Ashcitymouth",
    "Ashcitywatch",
    "Ashcityfane",
    "Ashcitybastion",
    "Ashcitycitadel",
    "Ashcitycavern",
    "Ashcityreach",
    "Ashcitynest",
    "Ashcitypit",
    "Ashcityvault",
    "Ashcitytower",
    "Ashholdgate",
    "Ashholdkeep",
    "Ashholdcity",
    "Ashholdhold",
    "Ashholdfort",
    "Ashholdspire",
    "Ashholdcliff",
    "Ashholdpoint",
    "Ashholdmouth",
    "Ashholdwatch",
    "Ashholdfane",
    "Ashholdbastion",
    "Ashholdcitadel",
    "Ashholdcavern",
    "Ashholdreach",
    "Ashholdnest",
    "Ashholdpit",
    "Ashholdvault",
    "Ashholdtower",
    "Ashfortgate",
    "Ashfortkeep",
    "Ashfortcity",
    "Ashforthold",
    "Ashfortfort",
    "Ashfortspire",
    "Ashfortcliff",
    "Ashfortpoint",
    "Ashfortmouth",
    "Ashfortwatch",
    "Ashfortfane",
    "Ashfortbastion",
    "Ashfortcitadel",
    "Ashfortcavern",
    "Ashfortreach",
    "Ashfortnest",
    "Ashfortpit",
    "Ashfortvault",
    "Ashforttower",
    "Ashspiregate",
    "Ashspirekeep",
    "Ashspirecity",
    "Ashspirehold",
    "Ashspirefort",
    "Ashspirespire",
    "Ashspirecliff",
    "Ashspirepoint",
    "Ashspiremouth",
    "Ashspirewatch",
    "Ashspirefane",
    "Ashspirebastion",
    "Ashspirecitadel",
    "Ashspirecavern",
    "Ashspirereach",
    "Ashspirenest",
    "Ashspirepit",
    "Ashspirevault",
    "Ashspiretower",
    "Ashcliffgate",
    "Ashcliffkeep",
    "Ashcliffcity",
    "Ashcliffhold",
    "Ashclifffort",
    "Ashcliffspire",
    "Ashcliffcliff",
    "Ashcliffpoint",
    "Ashcliffmouth",
    "Ashcliffwatch",
    "Ashclifffane",
    "Ashcliffbastion",
    "Ashcliffcitadel",
    "Ashcliffcavern",
    "Ashcliffreach",
    "Ashcliffnest",
    "Ashcliffpit",
    "Ashcliffvault",
    "Ashclifftower",
    "Ashpointgate",
    "Ashpointkeep",
    "Ashpointcity",
    "Ashpointhold",
    "Ashpointfort",
    "Ashpointspire",
    "Ashpointcliff",
    "Ashpointpoint",
    "Ashpointmouth",
    "Ashpointwatch",
    "Ashpointfane",
    "Ashpointbastion",
    "Ashpointcitadel",
    "Ashpointcavern",
    "Ashpointreach",
    "Ashpointnest",
    "Ashpointpit",
    "Ashpointvault",
    "Ashpointtower",
    "Ashmouthgate",
    "Ashmouthkeep",
    "Ashmouthcity",
    "Ashmouthhold",
    "Ashmouthfort",
    "Ashmouthspire",
    "Ashmouthcliff",
    "Ashmouthpoint",
    "Ashmouthmouth",
    "Ashmouthwatch",
    "Ashmouthfane",
    "Ashmouthbastion",
    "Ashmouthcitadel",
    "Ashmouthcavern",
    "Ashmouthreach",
    "Ashmouthnest",
    "Ashmouthpit",
    "Ashmouthvault",
    "Ashmouthtower",
    "Ashwatchgate",
    "Ashwatchkeep",
    "Ashwatchcity",
    "Ashwatchhold",
    "Ashwatchfort",
    "Ashwatchspire",
    "Ashwatchcliff",
    "Ashwatchpoint",
    "Ashwatchmouth",
    "Ashwatchwatch",
    "Ashwatchfane",
    "Ashwatchbastion",
    "Ashwatchcitadel",
    "Ashwatchcavern",
    "Ashwatchreach",
    "Ashwatchnest",
    "Ashwatchpit",
    "Ashwatchvault",
    "Ashwatchtower",
    "Ashfanegate",
    "Ashfanekeep",
    "Ashfanecity",
    "Ashfanehold",
    "Ashfanefort",
    "Ashfanespire",
    "Ashfanecliff",
    "Ashfanepoint",
    "Ashfanemouth",
    "Ashfanewatch",
    "Ashfanefane",
    "Ashfanebastion",
    "Ashfanecitadel",
    "Ashfanecavern",
    "Ashfanereach",
    "Ashfanenest",
    "Ashfanepit",
    "Ashfanevault",
    "Ashfanetower",
    "Ashbastiongate",
    "Ashbastionkeep",
    "Ashbastioncity",
    "Ashbastionhold",
    "Ashbastionfort",
    "Ashbastionspire",
    "Ashbastioncliff",
    "Ashbastionpoint",
    "Ashbastionmouth",
    "Ashbastionwatch",
    "Ashbastionfane",
    "Ashbastionbastion",
    "Ashbastioncitadel",
    "Ashbastioncavern",
    "Ashbastionreach",
    "Ashbastionnest",
    "Ashbastionpit",
    "Ashbastionvault",
    "Ashbastiontower",
    "Ashcitadelgate",
    "Ashcitadelkeep",
    "Ashcitadelcity",
    "Ashcitadelhold",
    "Ashcitadelfort",
    "Ashcitadelspire",
    "Ashcitadelcliff",
    "Ashcitadelpoint",
    "Ashcitadelmouth",
    "Ashcitadelwatch",
    "Ashcitadelfane",
    "Ashcitadelbastion",
    "Ashcitadelcitadel",
    "Ashcitadelcavern",
    "Ashcitadelreach",
    "Ashcitadelnest",
    "Ashcitadelpit",
    "Ashcitadelvault",
    "Ashcitadeltower",
    "Ashcaverngate",
    "Ashcavernkeep",
    "Ashcaverncity",
    "Ashcavernhold",
    "Ashcavernfort",
    "Ashcavernspire",
    "Ashcaverncliff",
    "Ashcavernpoint",
    "Ashcavernmouth",
    "Ashcavernwatch",
    "Ashcavernfane",
    "Ashcavernbastion",
    "Ashcaverncitadel",
    "Ashcaverncavern",
    "Ashcavernreach",
    "Ashcavernnest",
    "Ashcavernpit",
    "Ashcavernvault",
    "Ashcaverntower",
    "Ashreachgate",
    "Ashreachkeep",
    "Ashreachcity",
    "Ashreachhold",
    "Ashreachfort",
    "Ashreachspire",
    "Ashreachcliff",
    "Ashreachpoint",
    "Ashreachmouth",
    "Ashreachwatch",
    "Ashreachfane",
    "Ashreachbastion",
    "Ashreachcitadel",
    "Ashreachcavern",
    "Ashreachreach",
    "Ashreachnest",
    "Ashreachpit",
    "Ashreachvault",
    "Ashreachtower",
    "Ashnestgate",
    "Ashnestkeep",
    "Ashnestcity",
    "Ashnesthold",
    "Ashnestfort",
    "Ashnestspire",
    "Ashnestcliff",
    "Ashnestpoint",
    "Ashnestmouth",
    "Ashnestwatch",
    "Ashnestfane",
    "Ashnestbastion",
    "Ashnestcitadel",
    "Ashnestcavern",
    "Ashnestreach",
    "Ashnestnest",
    "Ashnestpit",
    "Ashnestvault",
    "Ashnesttower",
    "Ashpitgate",
    "Ashpitkeep",
    "Ashpitcity",
    "Ashpithold",
    "Ashpitfort",
    "Ashpitspire",
    "Ashpitcliff",
    "Ashpitpoint",
    "Ashpitmouth",
    "Ashpitwatch",
    "Ashpitfane",
    "Ashpitbastion",
    "Ashpitcitadel",
    "Ashpitcavern",
    "Ashpitreach",
    "Ashpitnest",
    "Ashpitpit",
    "Ashpitvault",
    "Ashpittower",
    "Ashvaultgate",
    "Ashvaultkeep",
    "Ashvaultcity",
    "Ashvaulthold",
    "Ashvaultfort",
    "Ashvaultspire",
    "Ashvaultcliff",
    "Ashvaultpoint",
    "Ashvaultmouth",
    "Ashvaultwatch",
    "Ashvaultfane",
    "Ashvaultbastion",
    "Ashvaultcitadel",
    "Ashvaultcavern",
    "Ashvaultreach",
    "Ashvaultnest",
    "Ashvaultpit",
    "Ashvaultvault",
    "Ashvaulttower",
    "Ashtowergate",
    "Ashtowerkeep",
    "Ashtowercity",
    "Ashtowerhold",
    "Ashtowerfort",
    "Ashtowerspire",
    "Ashtowercliff",
    "Ashtowerpoint",
    "Ashtowermouth",
    "Ashtowerwatch",
    "Ashtowerfane",
    "Ashtowerbastion",
    "Ashtowercitadel",
    "Ashtowercavern",
    "Ashtowerreach",
    "Ashtowernest",
    "Ashtowerpit",
    "Ashtowervault",
    "Ashtowertower",
    "Hellgategate",
    "Hellgatekeep",
    "Hellgatecity",
    "Hellgatehold",
    "Hellgatefort",
    "Hellgatespire",
    "Hellgatecliff",
    "Hellgatepoint",
    "Hellgatemouth",
    "Hellgatewatch",
    "Hellgatefane",
    "Hellgatebastion",
    "Hellgatecitadel",
    "Hellgatecavern",
    "Hellgatereach",
    "Hellgatenest",
    "Hellgatepit",
    "Hellgatevault",
    "Hellgatetower",
    "Hellkeepgate",
    "Hellkeepkeep",
    "Hellkeepcity",
    "Hellkeephold",
    "Hellkeepfort",
    "Hellkeepspire",
    "Hellkeepcliff",
    "Hellkeeppoint",
    "Hellkeepmouth",
    "Hellkeepwatch",
    "Hellkeepfane",
    "Hellkeepbastion",
    "Hellkeepcitadel",
    "Hellkeepcavern",
    "Hellkeepreach",
    "Hellkeepnest",
    "Hellkeeppit",
    "Hellkeepvault",
    "Hellkeeptower",
    "Hellcitygate",
    "Hellcitykeep",
    "Hellcitycity",
    "Hellcityhold",
    "Hellcityfort",
    "Hellcityspire",
    "Hellcitycliff",
    "Hellcitypoint",
    "Hellcitymouth",
    "Hellcitywatch",
    "Hellcityfane",
    "Hellcitybastion",
    "Hellcitycitadel",
    "Hellcitycavern",
    "Hellcityreach",
    "Hellcitynest",
    "Hellcitypit",
    "Hellcityvault",
    "Hellcitytower",
    "Hellholdgate",
    "Hellholdkeep",
    "Hellholdcity",
    "Hellholdhold",
    "Hellholdfort",
    "Hellholdspire",
    "Hellholdcliff",
    "Hellholdpoint",
    "Hellholdmouth",
    "Hellholdwatch",
    "Hellholdfane",
    "Hellholdbastion",
    "Hellholdcitadel",
    "Hellholdcavern",
    "Hellholdreach",
    "Hellholdnest",
    "Hellholdpit",
    "Hellholdvault",
    "Hellholdtower",
    "Hellfortgate"
  ]
}