{
  "authors": [
    {
      "name": "munichjake",
      "email": "munichjake@dnd-session.de",
      "url": "https://dnd-session.de",
      "github": "https://github.com/munichjake"
    }
  ],
  "description": "Deutsche Beinamen der Halblinge",
  "version": "1.0.0",
  "names": [
    "der Ruhigvater",
    "die Frohsinnläufer",
    "der Lachendeschwester",
    "der Honigbringer",
    "die Pfeifendeernter",
    "der Tapferwirt",
    "die Flinkwirt",
    "der Tanzendeernter",
    "der Apfelschwester",
    "der Mutigernter",
    "der Ruhigzähmer",
    "die Gemütlichschleicher",
    "der Ruhigmutter",
    "der Schlemmenbauer",
    "die Singendetante",
    "der Sorglosepfleger",
    "die Brotmarschierer",
    "die Mutigernter",
    "die Treueschwester",
    "die Lustigeschneider",
    "die Leisetänzer",
    "der Pfeifendeschwester",
    "der Krautträumer",
    "die Schlemmenraucher",
    "die Schlauschwester",
    "die Gemütlichbäcker",
    "der Dickbauer",
    "die Listigtänzer",
    "der Zähträumer",
    "die Schlemmensänger",
    "der Lachendeschuster",
    "die Ruhigsammler",
    "die Zähbruder",
    "die Bratenknecht",
    "der Weinbruder",
    "der Ruhigträumer",
    "der Wiesenonkel",
    "der Honigbruder",
    "der Glücklichedichter",
    "der Schlemmenbruder",
    "die Listigmutter",
    "der Brotbauer",
    "die Mutigschleicher",
    "die Bratenschleicher",
    "die Weindame",
    "die Feldschuster",
    "die Apfelsänger",
    "die Gemütlichraucher",
    "die Fettspieler",
    "die Krautläufer",
    "die Weinschneider",
    "der Tapfermüller",
    "der Lachendevater",
    "der Singendeonkel",
    "die Mutigknecht",
    "der Bratenspieler",
    "der Pfeifenschuster",
    "die Kuchendame",
    "der Pfeifendebäcker",
    "der Dickernter",
    "der Treuepfleger",
    "der Tapferschwester",
    "die Krautschwester",
    "die Treuekoch",
    "die Brotträger",
    "die Sorglosegärtner",
    "der Schnellschwester",
    "die Gemütlichläufer",
    "der Schnellvater",
    "der Krautschleicher",
    "der Fettpfleger",
    "die Felddichter",
    "die Lustigesänger",
    "der Schlauschleicher",
    "der Singendeträumer",
    "der Schlemmengärtner",
    "die Krautmeister",
    "die Krautdichter",
    "der Weinknecht",
    "die Pfeifentante",
    "die Tapferdame",
    "der Leiseonkel",
    "die Pfeifendehändler",
    "der Flinkritter",
    "die Fettmarschierer",
    "die Lachendehändler",
    "die Fettpfleger",
    "die Linsenpfleger",
    "der Kleindame",
    "die Bratentante",
    "der Kleingärtner",
    "die Hügelträger",
    "die Linsensammler",
    "der Fettvater",
    "die Apfelbäcker",
    "die Treuetänzer",
    "die Leisehüter",
    "die Feldtante",
    "die Feldfreund",
    "der Weinernter",
    "die Linsenschmied",
    "der Apfelträger",
    "der Mutigpfleger",
    "der Schlemmenkoch",
    "die Singendefreund",
    "der Sorglosebringer",
    "die Schnellgärtner",
    "die Zufriedenbauer",
    "die Gemütlichsänger",
    "die Kuchengärtner",
    "die Gemütlichträger",
    "der Krautbruder",
    "der Apfelbruder",
    "die Freundlichtänzer",
    "der Zufriedenhändler",
    "der Hügeltänzer",
    "die Lustigehüter",
    "der Gemütlichmarschierer",
    "der Freundlichernter",
    "der Kuchenkoch",
    "die Fettonkel",
    "die Apfelbringer",
    "der Zufriedenschuster",
    "der Hügelmutter",
    "der Pfeifenbauer",
    "der Pfeifendesänger",
    "die Dicktante",
    "der Lachendefreund",
    "der Lustigeschneider",
    "die Brotkoch",
    "die Tapferschleicher",
    "der Flinktänzer",
    "der Krautfreund",
    "der Apfelmüller",
    "der Schlausänger",
    "die Feldbäcker",
    "der Ruhigsänger",
    "die Broternter",
    "der Feldschleicher",
    "der Dickritter",
    "die Gemütlichdame",
    "die Lustigträger",
    "die Frohsinnmarschierer",
    "die Lustigevater",
    "die Schnelltänzer",
    "die Leiseträumer",
    "der Frohsinnpfleger",
    "der Trinkfestmarschierer",
    "der Beerenpfleger",
    "die Gemütlichpfleger",
    "der Gemütlichlauscher",
    "der Hügelkoch",
    "der Glücklichevater",
    "der Zufriedenwirt",
    "der Tanzenderaucher",
    "die Hügelkoch",
    "die Lustigläufer",
    "der Flinkschneider",
    "der Dickdame",
    "die Flinklauscher",
    "die Listigbringer",
    "die Zähritter",
    "die Frohsinnmutter",
    "der Linsendame",
    "die Treuemüller",
    "der Gemütlichdichter",
    "der Kleinzähmer",
    "der Freundlichdichter",
    "die Hügelsänger",
    "die Zufriedenschleicher",
    "der Glücklicheraucher",
    "die Brotknecht",
    "der Lustigebauer",
    "die Gemütlichbauer",
    "die Trinkfestträger",
    "der Leisebäcker",
    "der Leisehändler",
    "der Glücklichesänger",
    "die Listigfreund",
    "der Fetthändler",
    "die Kleinritter",
    "der Beerenschwester",
    "die Freundlichritter",
    "die Flinkträger",
    "die Wiesentänzer",
    "der Wiesenritter",
    "der Schlemmenfreund",
    "die Freundlichschuster",
    "der Dicktante",
    "der Linsenpfleger",
    "der Pfeifendemarschierer",
    "die Ruhigträger",
    "die Fettlauscher",
    "der Honigsammler",
    "die Bratenjäger",
    "der Tapferschuster",
    "die Sorglosevater",
    "die Feldsammler",
    "die Tanzendeschleicher",
    "der Sorglosefreund",
    "der Frohsinnläufer",
    "der Leisedichter",
    "der Krautgärtner",
    "die Frohsinnbringer",
    "der Listigbäcker",
    "die Frohsinnmeister",
    "der Schnellträumer",
    "die Pfeifenträumer",
    "die Sorglosebringer",
    "der Bratenbauer"
  ]
}