{
  "authors": [
    {
      "name": "munichjake",
      "email": "munichjake@dnd-session.de",
      "url": "https://dnd-session.de",
      "github": "https://github.com/munichjake"
    }
  ],
  "description": "English female gnome first names",
  "version": "1.0.0",
  "names": [
    "Boda",
    "Nima",
    "Pipa",
    "Fiza",
    "Zana",
    "Wiga",
    "Nacka",
    "Tinka",
    "Woba",
    "Bela",
    "Fona",
    "Ebina",
    "Zila",
    "Wizzlea",
    "Merria",
    "Kipa",
    "Diba",
    "Giga",
    "Hoba",
    "Jeba",
    "Knoga",
    "Lixa",
    "Mopa",
    "Quona",
    "Bodia",
    "Nimia",
    "Pipia",
    "Fizia",
    "Zania",
    "Wigia",
    "Nackia",
    "Tinkia",
    "Wobia",
    "Belia",
    "Fonia",
    "Ebinia",
    "Zilia",
    "Wizzleia",
    "Merriia",
    "Kipia",
    "Dibia",
    "Gigia",
    "Hobia",
    "Jebia",
    "Knogia",
    "Lixia",
    "Mopia",
    "Quonia",
    "Bodie",
    "Nimie",
    "Pipie",
    "Fizie",
    "Zanie",
    "Wigie",
    "Nackie",
    "Tinkie",
    "Wobie",
    "Belie",
    "Fonie",
    "Ebinie",
    "Zilie",
    "Wizzleie",
    "Merriie",
    "Kipie",
    "Dibie",
    "Gigie",
    "Hobie",
    "Jebie",
    "Knogie",
    "Lixie",
    "Mopie",
    "Quonie",
    "Bodina",
    "Nimina",
    "Pipina",
    "Fizina",
    "Zanina",
    "Wigina",
    "Nackina",
    "Tinkina",
    "Wobina",
    "Belina",
    "Fonina",
    "Ebinina",
    "Zilina",
    "Wizzleina",
    "Merriina",
    "Kipina",
    "Dibina",
    "Gigina",
    "Hobina",
    "Jebina",
    "Knogina",
    "Lixina",
    "Mopina",
    "Quonina",
    "Bodette",
    "Nimette",
    "Pipette",
    "Fizette",
    "Zanette",
    "Wigette",
    "Nackette",
    "Tinkette",
    "Wobette",
    "Belette",
    "Fonette",
    "Ebinette",
    "Zilette",
    "Wizzleette",
    "Merriette",
    "Kipette",
    "Dibette",
    "Gigette",
    "Hobette",
    "Jebette",
    "Knogette",
    "Lixette",
    "Mopette",
    "Quonette",
    "Bodelle",
    "Nimelle",
    "Pipelle",
    "Fizelle",
    "Zanelle",
    "Wigelle",
    "Nackelle",
    "Tinkelle",
    "Wobelle",
    "Belelle",
    "Fonelle",
    "Ebinelle",
    "Zilelle",
    "Wizzleelle",
    "Merrielle",
    "Kipelle",
    "Dibelle",
    "Gigelle",
    "Hobelle",
    "Jebelle",
    "Knogelle",
    "Lixelle",
    "Mopelle",
    "Quonelle",
    "Bodena",
    "Nimena",
    "Pipena",
    "Fizena",
    "Zanena",
    "Wigena",
    "Nackena",
    "Tinkena",
    "Wobena",
    "Belena",
    "Fonena",
    "Ebinena",
    "Zilena",
    "Wizzleena",
    "Merriena",
    "Kipena",
    "Dibena",
    "Gigena",
    "Hobena",
    "Jebena",
    "Knogena",
    "Lixena",
    "Mopena",
    "Quonena",
    "Bodila",
    "Nimila",
    "Pipila",
    "Fizila",
    "Zanila",
    "Wigila",
    "Nackila",
    "Tinkila",
    "Wobila",
    "Belila",
    "Fonila",
    "Ebinila",
    "Zilila",
    "Wizzleila",
    "Merriila",
    "Kipila",
    "Dibila",
    "Gigila",
    "Hobila",
    "Jebila",
    "Knogila",
    "Lixila",
    "Mopila",
    "Quonila",
    "Bodona",
    "Nimona",
    "Pipona",
    "Fizona",
    "Zanona",
    "Wigona",
    "Nackona",
    "Tinkona",
    "Wobona",
    "Belona",
    "Fonona",
    "Ebinona",
    "Zilona",
    "Wizzleona",
    "Merriona",
    "Kipona",
    "Dibona",
    "Gigona",
    "Hobona",
    "Jebona",
    "Knogona",
    "Lixona",
    "Mopona",
    "Quonona",
    "Bodbina",
    "Bodbicka",
    "Bodberta",
    "Boddlea",
    "Bodmopa",
    "Bodwicka",
    "Bodwizzlea",
    "Bodbopa",
    "Boddoodlea",
    "Bodfizza",
    "Bodmuga",
    "Bodnocka",
    "Bodtona",
    "Bodwina",
    "Bodvyna",
    "Bodryna",
    "Bodbela",
    "Bodpuffa",
    "Bodtoota",
    "Bodlopa",
    "Bodwiga",
    "Bodpiddlea",
    "Bodsprya",
    "Bodniba",
    "Nimbina",
    "Nimbicka",
    "Nimberta",
    "Nimdlea",
    "Nimmopa",
    "Nimwicka",
    "Nimwizzlea",
    "Nimbopa",
    "Nimdoodlea",
    "Nimfizza",
    "Nimmuga",
    "Nimnocka",
    "Nimtona",
    "Nimwina",
    "Nimvyna",
    "Nimryna",
    "Nimbela",
    "Nimpuffa",
    "Nimtoota",
    "Nimlopa",
    "Nimwiga",
    "Nimpiddlea",
    "Nimsprya",
    "Nimniba",
    "Pipbina",
    "Pipbicka",
    "Pipberta",
    "Pipdlea",
    "Pipmopa",
    "Pipwicka",
    "Pipwizzlea",
    "Pipbopa",
    "Pipdoodlea",
    "Pipfizza",
    "Pipmuga",
    "Pipnocka",
    "Piptona",
    "Pipwina",
    "Pipvyna",
    "Pipryna",
    "Pipbela",
    "Pippuffa",
    "Piptoota",
    "Piplopa",
    "Pipwiga",
    "Pippiddlea",
    "Pipsprya",
    "Pipniba",
    "Fizbina",
    "Fizbicka",
    "Fizberta",
    "Fizdlea",
    "Fizmopa",
    "Fizwicka",
    "Fizwizzlea",
    "Fizbopa",
    "Fizdoodlea",
    "Fizfizza",
    "Fizmuga",
    "Fiznocka",
    "Fiztona",
    "Fizwina",
    "Fizvyna",
    "Fizryna",
    "Fizbela",
    "Fizpuffa",
    "Fiztoota",
    "Fizlopa",
    "Fizwiga",
    "Fizpiddlea",
    "Fizsprya",
    "Fizniba",
    "Zanbina",
    "Zanbicka",
    "Zanberta",
    "Zandlea",
    "Zanmopa",
    "Zanwicka",
    "Zanwizzlea",
    "Zanbopa",
    "Zandoodlea",
    "Zanfizza",
    "Zanmuga",
    "Zannocka",
    "Zantona",
    "Zanwina",
    "Zanvyna",
    "Zanryna",
    "Zanbela",
    "Zanpuffa",
    "Zantoota",
    "Zanlopa",
    "Zanwiga",
    "Zanpiddlea",
    "Zansprya",
    "Zanniba",
    "Wigbina",
    "Wigbicka",
    "Wigberta",
    "Wigdlea",
    "Wigmopa",
    "Wigwicka",
    "Wigwizzlea",
    "Wigbopa",
    "Wigdoodlea",
    "Wigfizza",
    "Wigmuga",
    "Wignocka",
    "Wigtona",
    "Wigwina",
    "Wigvyna",
    "Wigryna",
    "Wigbela",
    "Wigpuffa",
    "Wigtoota",
    "Wiglopa",
    "Wigwiga",
    "Wigpiddlea",
    "Wigsprya",
    "Wigniba",
    "Nackbina",
    "Nackbicka",
    "Nackberta",
    "Nackdlea",
    "Nackmopa",
    "Nackwicka",
    "Nackwizzlea",
    "Nackbopa",
    "Nackdoodlea",
    "Nackfizza",
    "Nackmuga",
    "Nacknocka",
    "Nacktona",
    "Nackwina",
    "Nackvyna",
    "Nackryna",
    "Nackbela",
    "Nackpuffa",
    "Nacktoota",
    "Nacklopa",
    "Nackwiga",
    "Nackpiddlea",
    "Nacksprya",
    "Nackniba",
    "Tinkbina",
    "Tinkbicka",
    "Tinkberta",
    "Tinkdlea",
    "Tinkmopa",
    "Tinkwicka",
    "Tinkwizzlea",
    "Tinkbopa",
    "Tinkdoodlea",
    "Tinkfizza",
    "Tinkmuga",
    "Tinknocka",
    "Tinktona",
    "Tinkwina",
    "Tinkvyna",
    "Tinkryna",
    "Tinkbela",
    "Tinkpuffa",
    "Tinktoota",
    "Tinklopa",
    "Tinkwiga",
    "Tinkpiddlea",
    "Tinksprya",
    "Tinkniba",
    "Wobbina",
    "Wobbicka",
    "Wobberta",
    "Wobdlea",
    "Wobmopa",
    "Wobwicka",
    "Wobwizzlea",
    "Wobbopa",
    "Wobdoodlea",
    "Wobfizza",
    "Wobmuga",
    "Wobnocka",
    "Wobtona",
    "Wobwina",
    "Wobvyna",
    "Wobryna",
    "Wobbela",
    "Wobpuffa",
    "Wobtoota",
    "Woblopa",
    "Wobwiga",
    "Wobpiddlea",
    "Wobsprya",
    "Wobniba",
    "Belbina",
    "Belbicka",
    "Belberta",
    "Beldlea",
    "Belmopa",
    "Belwicka",
    "Belwizzlea",
    "Belbopa",
    "Beldoodlea",
    "Belfizza",
    "Belmuga",
    "Belnocka",
    "Beltona",
    "Belwina",
    "Belvyna",
    "Belryna",
    "Belbela",
    "Belpuffa",
    "Beltoota",
    "Bellopa",
    "Belwiga",
    "Belpiddlea",
    "Belsprya",
    "Belniba",
    "Fonbina",
    "Fonbicka",
    "Fonberta",
    "Fondlea",
    "Fonmopa",
    "Fonwicka",
    "Fonwizzlea",
    "Fonbopa",
    "Fondoodlea",
    "Fonfizza",
    "Fonmuga",
    "Fonnocka",
    "Fontona",
    "Fonwina",
    "Fonvyna",
    "Fonryna",
    "Fonbela",
    "Fonpuffa",
    "Fontoota",
    "Fonlopa",
    "Fonwiga",
    "Fonpiddlea",
    "Fonsprya",
    "Fonniba",
    "Ebinbina",
    "Ebinbicka",
    "Ebinberta",
    "Ebindlea",
    "Ebinmopa",
    "Ebinwicka",
    "Ebinwizzlea",
    "Ebinbopa",
    "Ebindoodlea",
    "Ebinfizza",
    "Ebinmuga",
    "Ebinnocka",
    "Ebintona",
    "Ebinwina",
    "Ebinvyna",
    "Ebinryna",
    "Ebinbela",
    "Ebinpuffa",
    "Ebintoota",
    "Ebinlopa",
    "Ebinwiga",
    "Ebinpiddlea",
    "Ebinsprya",
    "Ebinniba",
    "Zilbina",
    "Zilbicka",
    "Zilberta",
    "Zildlea",
    "Zilmopa",
    "Zilwicka",
    "Zilwizzlea",
    "Zilbopa",
    "Zildoodlea",
    "Zilfizza",
    "Zilmuga",
    "Zilnocka",
    "Ziltona",
    "Zilwina",
    "Zilvyna",
    "Zilryna",
    "Zilbela",
    "Zilpuffa",
    "Ziltoota",
    "Zillopa",
    "Zilwiga",
    "Zilpiddlea",
    "Zilsprya",
    "Zilniba",
    "Wizzlebina",
    "Wizzlebicka",
    "Wizzleberta",
    "Wizzledlea",
    "Wizzlemopa",
    "Wizzlewicka",
    "Wizzlewizzlea",
    "Wizzlebopa",
    "Wizzledoodlea",
    "Wizzlefizza",
    "Wizzlemuga",
    "Wizzlenocka",
    "Wizzletona",
    "Wizzlewina",
    "Wizzlevyna",
    "Wizzleryna",
    "Wizzlebela",
    "Wizzlepuffa",
    "Wizzletoota",
    "Wizzlelopa",
    "Wizzlewiga",
    "Wizzlepiddlea",
    "Wizzlesprya",
    "Wizzleniba",
    "Merribina",
    "Merribicka",
    "Merriberta",
    "Merridlea",
    "Merrimopa",
    "Merriwicka",
    "Merriwizzlea",
    "Merribopa",
    "Merridoodlea",
    "Merrifizza",
    "Merrimuga",
    "Merrinocka",
    "Merritona",
    "Merriwina",
    "Merrivyna",
    "Merriryna",
    "Merribela",
    "Merripuffa",
    "Merritoota",
    "Merrilopa",
    "Merriwiga",
    "Merripiddlea",
    "Merrisprya",
    "Merriniba",
    "Kipbina",
    "Kipbicka",
    "Kipberta",
    "Kipdlea",
    "Kipmopa",
    "Kipwicka",
    "Kipwizzlea",
    "Kipbopa",
    "Kipdoodlea",
    "Kipfizza",
    "Kipmuga",
    "Kipnocka",
    "Kiptona",
    "Kipwina",
    "Kipvyna",
    "Kipryna",
    "Kipbela",
    "Kippuffa",
    "Kiptoota",
    "Kiplopa",
    "Kipwiga",
    "Kippiddlea",
    "Kipsprya",
    "Kipniba",
    "Dibbina",
    "Dibbicka",
    "Dibberta",
    "Dibdlea",
    "Dibmopa",
    "Dibwicka",
    "Dibwizzlea",
    "Dibbopa",
    "Dibdoodlea",
    "Dibfizza",
    "Dibmuga",
    "Dibnocka",
    "Dibtona",
    "Dibwina",
    "Dibvyna",
    "Dibryna",
    "Dibbela",
    "Dibpuffa",
    "Dibtoota",
    "Diblopa",
    "Dibwiga",
    "Dibpiddlea",
    "Dibsprya",
    "Dibniba",
    "Gigbina",
    "Gigbicka",
    "Gigberta",
    "Gigdlea",
    "Gigmopa",
    "Gigwicka",
    "Gigwizzlea",
    "Gigbopa",
    "Gigdoodlea",
    "Gigfizza",
    "Gigmuga",
    "Gignocka",
    "Gigtona",
    "Gigwina",
    "Gigvyna",
    "Gigryna",
    "Gigbela",
    "Gigpuffa",
    "Gigtoota",
    "Giglopa",
    "Gigwiga",
    "Gigpiddlea",
    "Gigsprya",
    "Gigniba",
    "Hobbina",
    "Hobbicka",
    "Hobberta",
    "Hobdlea",
    "Hobmopa",
    "Hobwicka",
    "Hobwizzlea",
    "Hobbopa",
    "Hobdoodlea",
    "Hobfizza",
    "Hobmuga",
    "Hobnocka",
    "Hobtona",
    "Hobwina",
    "Hobvyna",
    "Hobryna",
    "Hobbela",
    "Hobpuffa",
    "Hobtoota",
    "Hoblopa",
    "Hobwiga",
    "Hobpiddlea",
    "Hobsprya",
    "Hobniba",
    "Jebbina",
    "Jebbicka",
    "Jebberta",
    "Jebdlea",
    "Jebmopa",
    "Jebwicka",
    "Jebwizzlea",
    "Jebbopa",
    "Jebdoodlea",
    "Jebfizza",
    "Jebmuga",
    "Jebnocka",
    "Jebtona",
    "Jebwina",
    "Jebvyna",
    "Jebryna",
    "Jebbela",
    "Jebpuffa",
    "Jebtoota",
    "Jeblopa",
    "Jebwiga",
    "Jebpiddlea",
    "Jebsprya",
    "Jebniba",
    "Knogbina",
    "Knogbicka",
    "Knogberta",
    "Knogdlea",
    "Knogmopa",
    "Knogwicka",
    "Knogwizzlea",
    "Knogbopa",
    "Knogdoodlea",
    "Knogfizza",
    "Knogmuga",
    "Knognocka",
    "Knogtona",
    "Knogwina",
    "Knogvyna",
    "Knogryna",
    "Knogbela",
    "Knogpuffa",
    "Knogtoota",
    "Knoglopa",
    "Knogwiga",
    "Knogpiddlea",
    "Knogsprya",
    "Knogniba",
    "Lixbina",
    "Lixbicka",
    "Lixberta",
    "Lixdlea",
    "Lixmopa",
    "Lixwicka",
    "Lixwizzlea",
    "Lixbopa",
    "Lixdoodlea",
    "Lixfizza",
    "Lixmuga",
    "Lixnocka",
    "Lixtona",
    "Lixwina",
    "Lixvyna",
    "Lixryna",
    "Lixbela",
    "Lixpuffa",
    "Lixtoota",
    "Lixlopa",
    "Lixwiga",
    "Lixpiddlea",
    "Lixsprya",
    "Lixniba",
    "Mopbina",
    "Mopbicka",
    "Mopberta",
    "Mopdlea",
    "Mopmopa",
    "Mopwicka",
    "Mopwizzlea",
    "Mopbopa",
    "Mopdoodlea",
    "Mopfizza",
    "Mopmuga",
    "Mopnocka",
    "Moptona",
    "Mopwina",
    "Mopvyna",
    "Mopryna",
    "Mopbela",
    "Moppuffa",
    "Moptoota",
    "Moplopa",
    "Mopwiga",
    "Moppiddlea",
    "Mopsprya",
    "Mopniba",
    "Quonbina",
    "Quonbicka",
    "Quonberta",
    "Quondlea",
    "Quonmopa",
    "Quonwicka",
    "Quonwizzlea",
    "Quonbopa",
    "Quondoodlea",
    "Quonfizza",
    "Quonmuga",
    "Quonnocka",
    "Quontona",
    "Quonwina",
    "Quonvyna",
    "Quonryna",
    "Quonbela",
    "Quonpuffa",
    "Quontoota",
    "Quonlopa",
    "Quonwiga",
    "Quonpiddlea",
    "Quonsprya",
    "Quonniba",
    "Bodbinia",
    "Bodbickia",
    "Bodbertia",
    "Boddleia",
    "Bodmopia",
    "Bodwickia",
    "Bodwizzleia",
    "Bodbopia",
    "Boddoodleia",
    "Bodfizzia",
    "Bodmugia",
    "Bodnockia",
    "Bodtonia",
    "Bodwinia",
    "Bodvynia",
    "Bodrynia",
    "Bodbelia",
    "Bodpuffia",
    "Bodtootia",
    "Bodlopia",
    "Bodwigia",
    "Bodpiddleia",
    "Bodspryia",
    "Bodnibia",
    "Nimbinia",
    "Nimbickia",
    "Nimbertia",
    "Nimdleia",
    "Nimmopia",
    "Nimwickia",
    "Nimwizzleia",
    "Nimbopia",
    "Nimdoodleia",
    "Nimfizzia",
    "Nimmugia",
    "Nimnockia",
    "Nimtonia",
    "Nimwinia",
    "Nimvynia",
    "Nimrynia",
    "Nimbelia",
    "Nimpuffia",
    "Nimtootia",
    "Nimlopia",
    "Nimwigia",
    "Nimpiddleia",
    "Nimspryia",
    "Nimnibia",
    "Pipbinia",
    "Pipbickia",
    "Pipbertia",
    "Pipdleia",
    "Pipmopia",
    "Pipwickia",
    "Pipwizzleia",
    "Pipbopia",
    "Pipdoodleia",
    "Pipfizzia",
    "Pipmugia",
    "Pipnockia",
    "Piptonia",
    "Pipwinia",
    "Pipvynia",
    "Piprynia",
    "Pipbelia",
    "Pippuffia",
    "Piptootia",
    "Piplopia",
    "Pipwigia",
    "Pippiddleia",
    "Pipspryia",
    "Pipnibia",
    "Fizbinia",
    "Fizbickia",
    "Fizbertia",
    "Fizdleia",
    "Fizmopia",
    "Fizwickia",
    "Fizwizzleia",
    "Fizbopia",
    "Fizdoodleia",
    "Fizfizzia",
    "Fizmugia",
    "Fiznockia",
    "Fiztonia",
    "Fizwinia",
    "Fizvynia",
    "Fizrynia",
    "Fizbelia",
    "Fizpuffia",
    "Fiztootia",
    "Fizlopia",
    "Fizwigia",
    "Fizpiddleia",
    "Fizspryia",
    "Fiznibia",
    "Zanbinia",
    "Zanbickia",
    "Zanbertia",
    "Zandleia",
    "Zanmopia",
    "Zanwickia",
    "Zanwizzleia",
    "Zanbopia",
    "Zandoodleia",
    "Zanfizzia",
    "Zanmugia",
    "Zannockia",
    "Zantonia",
    "Zanwinia",
    "Zanvynia",
    "Zanrynia",
    "Zanbelia",
    "Zanpuffia",
    "Zantootia",
    "Zanlopia",
    "Zanwigia",
    "Zanpiddleia",
    "Zanspryia",
    "Zannibia",
    "Wigbinia",
    "Wigbickia",
    "Wigbertia",
    "Wigdleia",
    "Wigmopia",
    "Wigwickia",
    "Wigwizzleia",
    "Wigbopia",
    "Wigdoodleia",
    "Wigfizzia",
    "Wigmugia",
    "Wignockia",
    "Wigtonia",
    "Wigwinia",
    "Wigvynia",
    "Wigrynia",
    "Wigbelia",
    "Wigpuffia",
    "Wigtootia",
    "Wiglopia",
    "Wigwigia",
    "Wigpiddleia",
    "Wigspryia",
    "Wignibia",
    "Nackbinia",
    "Nackbickia",
    "Nackbertia",
    "Nackdleia",
    "Nackmopia",
    "Nackwickia",
    "Nackwizzleia",
    "Nackbopia",
    "Nackdoodleia",
    "Nackfizzia",
    "Nackmugia",
    "Nacknockia",
    "Nacktonia",
    "Nackwinia",
    "Nackvynia",
    "Nackrynia",
    "Nackbelia",
    "Nackpuffia",
    "Nacktootia",
    "Nacklopia",
    "Nackwigia",
    "Nackpiddleia",
    "Nackspryia",
    "Nacknibia",
    "Tinkbinia",
    "Tinkbickia",
    "Tinkbertia",
    "Tinkdleia",
    "Tinkmopia",
    "Tinkwickia",
    "Tinkwizzleia",
    "Tinkbopia",
    "Tinkdoodleia",
    "Tinkfizzia",
    "Tinkmugia",
    "Tinknockia",
    "Tinktonia",
    "Tinkwinia",
    "Tinkvynia",
    "Tinkrynia",
    "Tinkbelia",
    "Tinkpuffia",
    "Tinktootia",
    "Tinklopia",
    "Tinkwigia",
    "Tinkpiddleia",
    "Tinkspryia",
    "Tinknibia",
    "Wobbinia",
    "Wobbickia",
    "Wobbertia",
    "Wobdleia",
    "Wobmopia",
    "Wobwickia",
    "Wobwizzleia",
    "Wobbopia",
    "Wobdoodleia",
    "Wobfizzia",
    "Wobmugia",
    "Wobnockia",
    "Wobtonia",
    "Wobwinia",
    "Wobvynia",
    "Wobrynia",
    "Wobbelia",
    "Wobpuffia",
    "Wobtootia",
    "Woblopia",
    "Wobwigia",
    "Wobpiddleia",
    "Wobspryia",
    "Wobnibia",
    "Belbinia",
    "Belbickia",
    "Belbertia",
    "Beldleia",
    "Belmopia",
    "Belwickia",
    "Belwizzleia",
    "Belbopia",
    "Beldoodleia",
    "Belfizzia",
    "Belmugia",
    "Belnockia",
    "Beltonia",
    "Belwinia",
    "Belvynia",
    "Belrynia",
    "Belbelia",
    "Belpuffia",
    "Beltootia",
    "Bellopia",
    "Belwigia",
    "Belpiddleia",
    "Belspryia",
    "Belnibia",
    "Fonbinia",
    "Fonbickia",
    "Fonbertia",
    "Fondleia",
    "Fonmopia",
    "Fonwickia",
    "Fonwizzleia",
    "Fonbopia",
    "Fondoodleia",
    "Fonfizzia",
    "Fonmugia",
    "Fonnockia",
    "Fontonia",
    "Fonwinia",
    "Fonvynia",
    "Fonrynia",
    "Fonbelia",
    "Fonpuffia",
    "Fontootia",
    "Fonlopia",
    "Fonwigia",
    "Fonpiddleia",
    "Fonspryia",
    "Fonnibia",
    "Ebinbinia",
    "Ebinbickia",
    "Ebinbertia",
    "Ebindleia",
    "Ebinmopia",
    "Ebinwickia",
    "Ebinwizzleia",
    "Ebinbopia",
    "Ebindoodleia",
    "Ebinfizzia",
    "Ebinmugia",
    "Ebinnockia",
    "Ebintonia",
    "Ebinwinia",
    "Ebinvynia",
    "Ebinrynia",
    "Ebinbelia",
    "Ebinpuffia",
    "Ebintootia"
  ]
}