{
  "authors": [
    {
      "name": "munichjake",
      "email": "munichjake@dnd-session.de",
      "url": "https://dnd-session.de",
      "github": "https://github.com/munichjake"
    }
  ],
  "description": "English male human first names",
  "version": "1.0.0",
  "names": [
    "Alan",
    "Anan",
    "Benan",
    "Beran",
    "Calan",
    "Danan",
    "Edan",
    "Elan",
    "Faan",
    "Fran",
    "Gaan",
    "Geran",
    "Halan",
    "Henan",
    "Isan",
    "Jaan",
    "Joan",
    "Kaan",
    "Laan",
    "Luan",
    "Maan",
    "Mian",
    "Naan",
    "Noran",
    "Olian",
    "Paan",
    "Pean",
    "Quian",
    "Raan",
    "Roan",
    "Saan",
    "Sian",
    "Stean",
    "Than",
    "Ulan",
    "Vaan",
    "Wilan",
    "Xanan",
    "Yaan",
    "Zean",
    "Alard",
    "Anard",
    "Benard",
    "Berard",
    "Calard",
    "Danard",
    "Edard",
    "Elard",
    "Faard",
    "Frard",
    "Gaard",
    "Gerard",
    "Halard",
    "Henard",
    "Isard",
    "Jaard",
    "Joard",
    "Kaard",
    "Laard",
    "Luard",
    "Maard",
    "Miard",
    "Naard",
    "Norard",
    "Oliard",
    "Paard",
    "Peard",
    "Quiard",
    "Raard",
    "Roard",
    "Saard",
    "Siard",
    "Steard",
    "Thard",
    "Ulard",
    "Vaard",
    "Wilard",
    "Xanard",
    "Yaard",
    "Zeard",
    "Albert",
    "Anbert",
    "Benbert",
    "Berbert",
    "Calbert",
    "Danbert",
    "Edbert",
    "Elbert",
    "Fabert",
    "Frbert",
    "Gabert",
    "Gerbert",
    "Halbert",
    "Henbert",
    "Isbert",
    "Jabert",
    "Jobert",
    "Kabert",
    "Labert",
    "Lubert",
    "Mabert",
    "Mibert",
    "Nabert",
    "Norbert",
    "Olibert",
    "Pabert",
    "Pebert",
    "Quibert",
    "Rabert",
    "Robert",
    "Sabert",
    "Sibert",
    "Stebert",
    "Thbert",
    "Ulbert",
    "Vabert",
    "Wilbert",
    "Xanbert",
    "Yabert",
    "Zebert",
    "Aldon",
    "Andon",
    "Bendon",
    "Berdon",
    "Caldon",
    "Dandon",
    "Eddon",
    "Eldon",
    "Fadon",
    "Frdon",
    "Gadon",
    "Gerdon",
    "Haldon",
    "Hendon",
    "Isdon",
    "Jadon",
    "Jodon",
    "Kadon",
    "Ladon",
    "Ludon",
    "Madon",
    "Midon",
    "Nadon",
    "Nordon",
    "Olidon",
    "Padon",
    "Pedon",
    "Quidon",
    "Radon",
    "Rodon",
    "Sadon",
    "Sidon",
    "Stedon",
    "Thdon",
    "Uldon",
    "Vadon",
    "Wildon",
    "Xandon",
    "Yadon",
    "Zedon",
    "Aldan",
    "Andan",
    "Bendan",
    "Berdan",
    "Caldan",
    "Dandan",
    "Eddan",
    "Eldan",
    "Fadan",
    "Frdan",
    "Gadan",
    "Gerdan",
    "Haldan",
    "Hendan",
    "Isdan",
    "Jadan",
    "Jodan",
    "Kadan",
    "Ladan",
    "Ludan",
    "Madan",
    "Midan",
    "Nadan",
    "Nordan",
    "Olidan",
    "Padan",
    "Pedan",
    "Quidan",
    "Radan",
    "Rodan",
    "Sadan",
    "Sidan",
    "Stedan",
    "Thdan",
    "Uldan",
    "Vadan",
    "Wildan",
    "Xandan",
    "Yadan",
    "Zedan",
    "Alric",
    "Anric",
    "Benric",
    "Berric",
    "Calric",
    "Danric",
    "Edric",
    "Elric",
    "Faric",
    "Frric",
    "Garic",
    "Gerric",
    "Halric",
    "Henric",
    "Isric",
    "Jaric",
    "Joric",
    "Karic",
    "Laric",
    "Luric",
    "Maric",
    "Miric",
    "Naric",
    "Norric",
    "Oliric",
    "Paric",
    "Peric",
    "Quiric",
    "Raric",
    "Roric",
    "Saric",
    "Siric",
    "Steric",
    "Thric",
    "Ulric",
    "Varic",
    "Wilric",
    "Xanric",
    "Yaric",
    "Zeric",
    "Alton",
    "Anton",
    "Benton",
    "Berton",
    "Calton",
    "Danton",
    "Edton",
    "Elton",
    "Faton",
    "Frton",
    "Gaton",
    "Gerton",
    "Halton",
    "Henton",
    "Iston",
    "Jaton",
    "Joton",
    "Katon",
    "Laton",
    "Luton",
    "Maton",
    "Miton",
    "Naton",
    "Norton",
    "Oliton",
    "Paton",
    "Peton",
    "Quiton",
    "Raton",
    "Roton",
    "Saton",
    "Siton",
    "Steton",
    "Thton",
    "Ulton",
    "Vaton",
    "Wilton",
    "Xanton",
    "Yaton",
    "Zeton",
    "Almund",
    "Anmund",
    "Benmund",
    "Bermund",
    "Calmund",
    "Danmund",
    "Edmund",
    "Elmund",
    "Famund",
    "Frmund",
    "Gamund",
    "Germund",
    "Halmund",
    "Henmund",
    "Ismund",
    "Jamund",
    "Jomund",
    "Kamund",
    "Lamund",
    "Lumund",
    "Mamund",
    "Mimund",
    "Namund",
    "Normund",
    "Olimund",
    "Pamund",
    "Pemund",
    "Quimund",
    "Ramund",
    "Romund",
    "Samund",
    "Simund",
    "Stemund",
    "Thmund",
    "Ulmund",
    "Vamund",
    "Wilmund",
    "Xanmund",
    "Yamund",
    "Zemund",
    "Alson",
    "Anson",
    "Benson",
    "Berson",
    "Calson",
    "Danson",
    "Edson",
    "Elson",
    "Fason",
    "Frson",
    "Gason",
    "Gerson",
    "Halson",
    "Henson",
    "Isson",
    "Jason",
    "Joson",
    "Kason",
    "Lason",
    "Luson",
    "Mason",
    "Mison",
    "Nason",
    "Norson",
    "Olison",
    "Pason",
    "Peson",
    "Quison",
    "Rason",
    "Roson",
    "Sason",
    "Sison",
    "Steson",
    "Thson",
    "Ulson",
    "Vason",
    "Wilson",
    "Xanson",
    "Yason",
    "Zeson",
    "Alius",
    "Anius",
    "Benius",
    "Berius",
    "Calius",
    "Danius",
    "Edius",
    "Elius",
    "Faius",
    "Frius",
    "Gaius",
    "Gerius",
    "Halius",
    "Henius",
    "Isius",
    "Jaius",
    "Joius",
    "Kaius",
    "Laius",
    "Luius",
    "Maius",
    "Miius",
    "Naius",
    "Norius",
    "Oliius",
    "Paius",
    "Peius",
    "Quiius",
    "Raius",
    "Roius",
    "Saius",
    "Siius",
    "Steius",
    "Thius",
    "Ulius",
    "Vaius",
    "Wilius",
    "Xanius",
    "Yaius",
    "Zeius",
    "Alaan",
    "Alalan",
    "Alanan",
    "Alaraan",
    "Alardan",
    "Albertan",
    "Albethan",
    "Aldanan",
    "Aldorean",
    "Aldonan",
    "Aldraan",
    "Aldridan",
    "Alellean",
    "Alenan",
    "Alettan",
    "Alfredan",
    "Aliean",
    "Alinaan",
    "Alinean",
    "Alionan",
    "Aliusan",
    "Allynan",
    "Almanan",
    "Almundan",
    "Alnardan",
    "Aloran",
    "Alonan",
    "Alranan",
    "Alrican",
    "Alrinean",
    "Alsonan",
    "Alsoran",
    "Alteran",
    "Altonan",
    "Alusan",
    "Alwinan",
    "Alynan",
    "Alyan",
    "Aleran",
    "Anaan",
    "Analan",
    "Ananan",
    "Anaraan",
    "Anardan",
    "Anbertan",
    "Anbethan",
    "Andanan",
    "Andorean",
    "Andonan",
    "Andraan",
    "Andridan",
    "Anellean",
    "Anenan",
    "Anettan",
    "Anfredan",
    "Aniean",
    "Aninaan",
    "Aninean",
    "Anionan",
    "Aniusan",
    "Anlynan",
    "Anmanan",
    "Anmundan",
    "Annardan",
    "Anoran",
    "Anonan",
    "Anranan",
    "Anrican",
    "Anrinean",
    "Ansonan",
    "Ansoran",
    "Anteran",
    "Antonan",
    "Anusan",
    "Anwinan",
    "Anynan",
    "Anyan",
    "Aneran",
    "Benaan",
    "Benalan",
    "Benanan",
    "Benaraan",
    "Benardan",
    "Benbertan",
    "Benbethan",
    "Bendanan",
    "Bendorean",
    "Bendonan",
    "Bendraan",
    "Bendridan",
    "Benellean",
    "Benenan",
    "Benettan",
    "Benfredan",
    "Beniean",
    "Beninaan",
    "Beninean",
    "Benionan",
    "Beniusan",
    "Benlynan",
    "Benmanan",
    "Benmundan",
    "Bennardan",
    "Benoran",
    "Benonan",
    "Benranan",
    "Benrican",
    "Benrinean",
    "Bensonan",
    "Bensoran",
    "Benteran",
    "Bentonan",
    "Benusan",
    "Benwinan",
    "Benynan",
    "Benyan",
    "Beneran",
    "Beraan",
    "Beralan",
    "Beranan",
    "Beraraan",
    "Berardan",
    "Berbertan",
    "Berbethan",
    "Berdanan",
    "Berdorean",
    "Berdonan",
    "Berdraan",
    "Berdridan",
    "Berellean",
    "Berenan",
    "Berettan",
    "Berfredan",
    "Beriean",
    "Berinaan",
    "Berinean",
    "Berionan",
    "Beriusan",
    "Berlynan",
    "Bermanan",
    "Bermundan",
    "Bernardan",
    "Beroran",
    "Beronan",
    "Berranan",
    "Berrican",
    "Berrinean",
    "Bersonan",
    "Bersoran",
    "Berteran",
    "Bertonan",
    "Berusan",
    "Berwinan",
    "Berynan",
    "Beryan",
    "Bereran",
    "Calaan",
    "Calalan",
    "Calanan",
    "Calaraan",
    "Calardan",
    "Calbertan",
    "Calbethan",
    "Caldanan",
    "Caldorean",
    "Caldonan",
    "Caldraan",
    "Caldridan",
    "Calellean",
    "Calenan",
    "Calettan",
    "Calfredan",
    "Caliean",
    "Calinaan",
    "Calinean",
    "Calionan",
    "Caliusan",
    "Callynan",
    "Calmanan",
    "Calmundan",
    "Calnardan",
    "Caloran",
    "Calonan",
    "Calranan",
    "Calrican",
    "Calrinean",
    "Calsonan",
    "Calsoran",
    "Calteran",
    "Caltonan",
    "Calusan",
    "Calwinan",
    "Calynan",
    "Calyan",
    "Caleran",
    "Danaan",
    "Danalan",
    "Dananan",
    "Danaraan",
    "Danardan",
    "Danbertan",
    "Danbethan",
    "Dandanan",
    "Dandorean",
    "Dandonan",
    "Dandraan",
    "Dandridan",
    "Danellean",
    "Danenan",
    "Danettan",
    "Danfredan",
    "Daniean",
    "Daninaan",
    "Daninean",
    "Danionan",
    "Daniusan",
    "Danlynan",
    "Danmanan",
    "Danmundan",
    "Dannardan",
    "Danoran",
    "Danonan",
    "Danranan",
    "Danrican",
    "Danrinean",
    "Dansonan",
    "Dansoran",
    "Danteran",
    "Dantonan",
    "Danusan",
    "Danwinan",
    "Danynan",
    "Danyan",
    "Daneran",
    "Edaan",
    "Edalan",
    "Edanan",
    "Edaraan",
    "Edardan",
    "Edbertan",
    "Edbethan",
    "Eddanan",
    "Eddorean",
    "Eddonan",
    "Eddraan",
    "Eddridan",
    "Edellean",
    "Edenan",
    "Edettan",
    "Edfredan",
    "Ediean",
    "Edinaan",
    "Edinean",
    "Edionan",
    "Ediusan",
    "Edlynan",
    "Edmanan",
    "Edmundan",
    "Ednardan",
    "Edoran",
    "Edonan",
    "Edranan",
    "Edrican",
    "Edrinean",
    "Edsonan",
    "Edsoran",
    "Edteran",
    "Edtonan",
    "Edusan",
    "Edwinan",
    "Edynan",
    "Edyan",
    "Ederan",
    "Elaan",
    "Elalan",
    "Elanan",
    "Elaraan",
    "Elardan",
    "Elbertan",
    "Elbethan",
    "Eldanan",
    "Eldorean",
    "Eldonan",
    "Eldraan",
    "Eldridan",
    "Elellean",
    "Elenan",
    "Elettan",
    "Elfredan",
    "Eliean",
    "Elinaan",
    "Elinean",
    "Elionan",
    "Eliusan",
    "Ellynan",
    "Elmanan",
    "Elmundan",
    "Elnardan",
    "Eloran",
    "Elonan",
    "Elranan",
    "Elrican",
    "Elrinean",
    "Elsonan",
    "Elsoran",
    "Elteran",
    "Eltonan",
    "Elusan",
    "Elwinan",
    "Elynan",
    "Elyan",
    "Eleran",
    "Faaan",
    "Faalan",
    "Faanan",
    "Faaraan",
    "Faardan",
    "Fabertan",
    "Fabethan",
    "Fadanan",
    "Fadorean",
    "Fadonan",
    "Fadraan",
    "Fadridan",
    "Faellean",
    "Faenan",
    "Faettan",
    "Fafredan",
    "Faiean",
    "Fainaan",
    "Fainean",
    "Faionan",
    "Faiusan",
    "Falynan",
    "Famanan",
    "Famundan",
    "Fanardan",
    "Faoran",
    "Faonan",
    "Faranan",
    "Farican",
    "Farinean",
    "Fasonan",
    "Fasoran",
    "Fateran",
    "Fatonan",
    "Fausan",
    "Fawinan",
    "Faynan",
    "Fayan",
    "Faeran",
    "Fraan",
    "Fralan",
    "Franan",
    "Fraraan",
    "Frardan",
    "Frbertan",
    "Frbethan",
    "Frdanan",
    "Frdorean",
    "Frdonan",
    "Frdraan",
    "Frdridan",
    "Frellean",
    "Frenan",
    "Frettan",
    "Frfredan",
    "Friean",
    "Frinaan",
    "Frinean",
    "Frionan",
    "Friusan",
    "Frlynan",
    "Frmanan",
    "Frmundan",
    "Frnardan",
    "Froran",
    "Fronan",
    "Frranan",
    "Frrican",
    "Frrinean",
    "Frsonan",
    "Frsoran",
    "Frteran",
    "Frtonan",
    "Frusan",
    "Frwinan",
    "Frynan",
    "Fryan",
    "Freran",
    "Gaaan",
    "Gaalan",
    "Gaanan",
    "Gaaraan",
    "Gaardan",
    "Gabertan",
    "Gabethan",
    "Gadanan",
    "Gadorean",
    "Gadonan",
    "Gadraan",
    "Gadridan",
    "Gaellean",
    "Gaenan",
    "Gaettan",
    "Gafredan",
    "Gaiean",
    "Gainaan",
    "Gainean",
    "Gaionan",
    "Gaiusan",
    "Galynan",
    "Gamanan",
    "Gamundan",
    "Ganardan",
    "Gaoran",
    "Gaonan",
    "Garanan",
    "Garican",
    "Garinean",
    "Gasonan",
    "Gasoran",
    "Gateran",
    "Gatonan",
    "Gausan",
    "Gawinan",
    "Gaynan",
    "Gayan",
    "Gaeran",
    "Geraan",
    "Geralan",
    "Geranan",
    "Geraraan",
    "Gerardan",
    "Gerbertan",
    "Gerbethan",
    "Gerdanan",
    "Gerdorean",
    "Gerdonan",
    "Gerdraan",
    "Gerdridan",
    "Gerellean",
    "Gerenan",
    "Gerettan",
    "Gerfredan",
    "Geriean",
    "Gerinaan",
    "Gerinean",
    "Gerionan",
    "Geriusan",
    "Gerlynan",
    "Germanan",
    "Germundan",
    "Gernardan",
    "Geroran",
    "Geronan",
    "Gerranan",
    "Gerrican",
    "Gerrinean",
    "Gersonan",
    "Gersoran",
    "Gerteran",
    "Gertonan",
    "Gerusan",
    "Gerwinan",
    "Gerynan",
    "Geryan",
    "Gereran",
    "Halaan",
    "Halalan",
    "Halanan",
    "Halaraan",
    "Halardan",
    "Halbertan",
    "Halbethan",
    "Haldanan",
    "Haldorean",
    "Haldonan",
    "Haldraan",
    "Haldridan",
    "Halellean",
    "Halenan",
    "Halettan",
    "Halfredan",
    "Haliean",
    "Halinaan",
    "Halinean",
    "Halionan",
    "Haliusan",
    "Hallynan",
    "Halmanan",
    "Halmundan",
    "Halnardan",
    "Haloran",
    "Halonan",
    "Halranan",
    "Halrican",
    "Halrinean",
    "Halsonan",
    "Halsoran",
    "Halteran",
    "Haltonan",
    "Halusan",
    "Halwinan",
    "Halynan",
    "Halyan",
    "Haleran",
    "Henaan",
    "Henalan",
    "Henanan",
    "Henaraan",
    "Henardan",
    "Henbertan",
    "Henbethan",
    "Hendanan",
    "Hendorean",
    "Hendonan",
    "Hendraan",
    "Hendridan",
    "Henellean",
    "Henenan",
    "Henettan",
    "Henfredan",
    "Heniean",
    "Heninaan",
    "Heninean",
    "Henionan",
    "Heniusan",
    "Henlynan",
    "Henmanan",
    "Henmundan",
    "Hennardan",
    "Henoran",
    "Henonan",
    "Henranan",
    "Henrican",
    "Henrinean",
    "Hensonan",
    "Hensoran",
    "Henteran",
    "Hentonan",
    "Henusan",
    "Henwinan",
    "Henynan",
    "Henyan",
    "Heneran",
    "Isaan",
    "Isalan",
    "Isanan",
    "Isaraan",
    "Isardan",
    "Isbertan",
    "Isbethan",
    "Isdanan",
    "Isdorean",
    "Isdonan",
    "Isdraan",
    "Isdridan",
    "Isellean",
    "Isenan",
    "Isettan",
    "Isfredan",
    "Isiean",
    "Isinaan",
    "Isinean",
    "Isionan",
    "Isiusan",
    "Islynan",
    "Ismanan",
    "Ismundan",
    "Isnardan",
    "Isoran",
    "Isonan",
    "Isranan",
    "Isrican",
    "Isrinean",
    "Issonan",
    "Issoran",
    "Isteran",
    "Istonan",
    "Isusan",
    "Iswinan",
    "Isynan",
    "Isyan",
    "Iseran",
    "Jaaan",
    "Jaalan",
    "Jaanan",
    "Jaaraan",
    "Jaardan",
    "Jabertan",
    "Jabethan",
    "Jadanan",
    "Jadorean",
    "Jadonan",
    "Jadraan",
    "Jadridan",
    "Jaellean",
    "Jaenan",
    "Jaettan",
    "Jafredan",
    "Jaiean",
    "Jainaan",
    "Jainean",
    "Jaionan",
    "Jaiusan",
    "Jalynan",
    "Jamanan",
    "Jamundan",
    "Janardan",
    "Jaoran",
    "Jaonan",
    "Jaranan",
    "Jarican",
    "Jarinean",
    "Jasonan",
    "Jasoran",
    "Jateran",
    "Jatonan",
    "Jausan",
    "Jawinan",
    "Jaynan",
    "Jayan",
    "Jaeran",
    "Joaan",
    "Joalan",
    "Joanan",
    "Joaraan",
    "Joardan"
  ]
}