{
  "authors": [
    {
      "name": "munichjake",
      "email": "munichjake@dnd-session.de",
      "url": "https://dnd-session.de",
      "github": "https://github.com/munichjake"
    }
  ],
  "description": "English female dwarf first names",
  "version": "1.0.0",
  "names": [
    "Bala",
    "Brua",
    "Dura",
    "Throa",
    "Gara",
    "Mora",
    "Kaza",
    "Bora",
    "Kila",
    "Dula",
    "Fura",
    "Bara",
    "Gora",
    "Hara",
    "Kela",
    "Nora",
    "Ruga",
    "Tora",
    "Vora",
    "Zana",
    "Broma",
    "Kraga",
    "Druma",
    "Thraina",
    "Balia",
    "Bruia",
    "Duria",
    "Throia",
    "Garia",
    "Moria",
    "Kazia",
    "Boria",
    "Kilia",
    "Dulia",
    "Furia",
    "Baria",
    "Goria",
    "Haria",
    "Kelia",
    "Noria",
    "Rugia",
    "Toria",
    "Voria",
    "Zania",
    "Bromia",
    "Kragia",
    "Drumia",
    "Thrainia",
    "Balila",
    "Bruila",
    "Durila",
    "Throila",
    "Garila",
    "Morila",
    "Kazila",
    "Borila",
    "Kilila",
    "Dulila",
    "Furila",
    "Barila",
    "Gorila",
    "Harila",
    "Kelila",
    "Norila",
    "Rugila",
    "Torila",
    "Vorila",
    "Zanila",
    "Bromila",
    "Kragila",
    "Drumila",
    "Thrainila",
    "Balena",
    "Bruena",
    "Durena",
    "Throena",
    "Garena",
    "Morena",
    "Kazena",
    "Borena",
    "Kilena",
    "Dulena",
    "Furena",
    "Barena",
    "Gorena",
    "Harena",
    "Kelena",
    "Norena",
    "Rugena",
    "Torena",
    "Vorena",
    "Zanena",
    "Bromena",
    "Kragena",
    "Drumena",
    "Thrainena",
    "Balara",
    "Bruara",
    "Durara",
    "Throara",
    "Garara",
    "Morara",
    "Kazara",
    "Borara",
    "Kilara",
    "Dulara",
    "Furara",
    "Barara",
    "Gorara",
    "Harara",
    "Kelara",
    "Norara",
    "Rugara",
    "Torara",
    "Vorara",
    "Zanara",
    "Bromara",
    "Kragara",
    "Drumara",
    "Thrainara",
    "Balona",
    "Bruona",
    "Durona",
    "Throona",
    "Garona",
    "Morona",
    "Kazona",
    "Borona",
    "Kilona",
    "Dulona",
    "Furona",
    "Barona",
    "Gorona",
    "Harona",
    "Kelona",
    "Norona",
    "Rugona",
    "Torona",
    "Vorona",
    "Zanona",
    "Bromona",
    "Kragona",
    "Drumona",
    "Thrainona",
    "Baluna",
    "Bruuna",
    "Duruna",
    "Throuna",
    "Garuna",
    "Moruna",
    "Kazuna",
    "Boruna",
    "Kiluna",
    "Duluna",
    "Furuna",
    "Baruna",
    "Goruna",
    "Haruna",
    "Keluna",
    "Noruna",
    "Ruguna",
    "Toruna",
    "Voruna",
    "Zanuna",
    "Bromuna",
    "Kraguna",
    "Drumuna",
    "Thrainuna",
    "Balora",
    "Bruora",
    "Durora",
    "Throora",
    "Garora",
    "Morora",
    "Kazora",
    "Borora",
    "Kilora",
    "Dulora",
    "Furora",
    "Barora",
    "Gorora",
    "Harora",
    "Kelora",
    "Norora",
    "Rugora",
    "Torora",
    "Vorora",
    "Zanora",
    "Bromora",
    "Kragora",
    "Drumora",
    "Thrainora",
    "Balira",
    "Bruira",
    "Durira",
    "Throira",
    "Garira",
    "Morira",
    "Kazira",
    "Borira",
    "Kilira",
    "Dulira",
    "Furira",
    "Barira",
    "Gorira",
    "Harira",
    "Kelira",
    "Norira",
    "Rugira",
    "Torira",
    "Vorira",
    "Zanira",
    "Bromira",
    "Kragira",
    "Drumira",
    "Thrainira",
    "Balina",
    "Balura",
    "Balorna",
    "Balaka",
    "Baleka",
    "Baloka",
    "Balgara",
    "Balgrima",
    "Baldorna",
    "Baldrima",
    "Baldraka",
    "Balrika",
    "Bruina",
    "Bruura",
    "Bruorna",
    "Bruaka",
    "Brueka",
    "Bruoka",
    "Brugara",
    "Brugrima",
    "Brudorna",
    "Brudrima",
    "Brudraka",
    "Brurika",
    "Durina",
    "Durura",
    "Durorna",
    "Duraka",
    "Dureka",
    "Duroka",
    "Durgara",
    "Durgrima",
    "Durdorna",
    "Durdrima",
    "Durdraka",
    "Durrika",
    "Throina",
    "Throura",
    "Throorna",
    "Throaka",
    "Throeka",
    "Throoka",
    "Throgara",
    "Throgrima",
    "Throdorna",
    "Throdrima",
    "Throdraka",
    "Throrika",
    "Garina",
    "Garura",
    "Garorna",
    "Garaka",
    "Gareka",
    "Garoka",
    "Gargara",
    "Gargrima",
    "Gardorna",
    "Gardrima",
    "Gardraka",
    "Garrika",
    "Morina",
    "Morura",
    "Mororna",
    "Moraka",
    "Moreka",
    "Moroka",
    "Morgara",
    "Morgrima",
    "Mordorna",
    "Mordrima",
    "Mordraka",
    "Morrika",
    "Kazina",
    "Kazura",
    "Kazorna",
    "Kazaka",
    "Kazeka",
    "Kazoka",
    "Kazgara",
    "Kazgrima",
    "Kazdorna",
    "Kazdrima",
    "Kazdraka",
    "Kazrika",
    "Borina",
    "Borura",
    "Bororna",
    "Boraka",
    "Boreka",
    "Boroka",
    "Borgara",
    "Borgrima",
    "Bordorna",
    "Bordrima",
    "Bordraka",
    "Borrika",
    "Kilina",
    "Kilura",
    "Kilorna",
    "Kilaka",
    "Kileka",
    "Kiloka",
    "Kilgara",
    "Kilgrima",
    "Kildorna",
    "Kildrima",
    "Kildraka",
    "Kilrika",
    "Dulina",
    "Dulura",
    "Dulorna",
    "Dulaka",
    "Duleka",
    "Duloka",
    "Dulgara",
    "Dulgrima",
    "Duldorna",
    "Duldrima",
    "Duldraka",
    "Dulrika",
    "Furina",
    "Furura",
    "Furorna",
    "Furaka",
    "Fureka",
    "Furoka",
    "Furgara",
    "Furgrima",
    "Furdorna",
    "Furdrima",
    "Furdraka",
    "Furrika",
    "Barina",
    "Barura",
    "Barorna",
    "Baraka",
    "Bareka",
    "Baroka",
    "Bargara",
    "Bargrima",
    "Bardorna",
    "Bardrima",
    "Bardraka",
    "Barrika",
    "Gorina",
    "Gorura",
    "Gororna",
    "Goraka",
    "Goreka",
    "Goroka",
    "Gorgara",
    "Gorgrima",
    "Gordorna",
    "Gordrima",
    "Gordraka",
    "Gorrika",
    "Harina",
    "Harura",
    "Harorna",
    "Haraka",
    "Hareka",
    "Haroka",
    "Hargara",
    "Hargrima",
    "Hardorna",
    "Hardrima",
    "Hardraka",
    "Harrika",
    "Kelina",
    "Kelura",
    "Kelorna",
    "Kelaka",
    "Keleka",
    "Keloka",
    "Kelgara",
    "Kelgrima",
    "Keldorna",
    "Keldrima",
    "Keldraka",
    "Kelrika",
    "Norina",
    "Norura",
    "Nororna",
    "Noraka",
    "Noreka",
    "Noroka",
    "Norgara",
    "Norgrima",
    "Nordorna",
    "Nordrima",
    "Nordraka",
    "Norrika",
    "Rugina",
    "Rugura",
    "Rugorna",
    "Rugaka",
    "Rugeka",
    "Rugoka",
    "Ruggara",
    "Ruggrima",
    "Rugdorna",
    "Rugdrima",
    "Rugdraka",
    "Rugrika",
    "Torina",
    "Torura",
    "Tororna",
    "Toraka",
    "Toreka",
    "Toroka",
    "Torgara",
    "Torgrima",
    "Tordorna",
    "Tordrima",
    "Tordraka",
    "Torrika",
    "Vorina",
    "Vorura",
    "Vororna",
    "Voraka",
    "Voreka",
    "Voroka",
    "Vorgara",
    "Vorgrima",
    "Vordorna",
    "Vordrima",
    "Vordraka",
    "Vorrika",
    "Zanina",
    "Zanura",
    "Zanorna",
    "Zanaka",
    "Zaneka",
    "Zanoka",
    "Zangara",
    "Zangrima",
    "Zandorna",
    "Zandrima",
    "Zandraka",
    "Zanrika",
    "Bromina",
    "Bromura",
    "Bromorna",
    "Bromaka",
    "Bromeka",
    "Bromoka",
    "Bromgara",
    "Bromgrima",
    "Bromdorna",
    "Bromdrima",
    "Bromdraka",
    "Bromrika",
    "Kragina",
    "Kragura",
    "Kragorna",
    "Kragaka",
    "Krageka",
    "Kragoka",
    "Kraggara",
    "Kraggrima",
    "Kragdorna",
    "Kragdrima",
    "Kragdraka",
    "Kragrika",
    "Drumina",
    "Drumura",
    "Drumorna",
    "Drumaka",
    "Drumeka",
    "Drumoka",
    "Drumgara",
    "Drumgrima",
    "Drumdorna",
    "Drumdrima",
    "Drumdraka",
    "Drumrika",
    "Thrainina",
    "Thrainura",
    "Thrainorna",
    "Thrainaka",
    "Thraineka",
    "Thrainoka",
    "Thraingara",
    "Thraingrima",
    "Thraindorna",
    "Thraindrima",
    "Thraindraka",
    "Thrainrika",
    "Balinia",
    "Baloria",
    "Balaria",
    "Baluria",
    "Balornia",
    "Balakia",
    "Balekia",
    "Balokia",
    "Balgaria",
    "Balgrimia",
    "Baldornia",
    "Baldrimia",
    "Baldrakia",
    "Balrikia",
    "Bruinia",
    "Bruoria",
    "Bruaria",
    "Bruuria",
    "Bruornia",
    "Bruakia",
    "Bruekia",
    "Bruokia",
    "Brugaria",
    "Brugrimia",
    "Brudornia",
    "Brudrimia",
    "Brudrakia",
    "Brurikia",
    "Durinia",
    "Duroria",
    "Duraria",
    "Dururia",
    "Durornia",
    "Durakia",
    "Durekia",
    "Durokia",
    "Durgaria",
    "Durgrimia",
    "Durdornia",
    "Durdrimia",
    "Durdrakia",
    "Durrikia",
    "Throinia",
    "Throoria",
    "Throaria",
    "Throuria",
    "Throornia",
    "Throakia",
    "Throekia",
    "Throokia",
    "Throgaria",
    "Throgrimia",
    "Throdornia",
    "Throdrimia",
    "Throdrakia",
    "Throrikia",
    "Garinia",
    "Garoria",
    "Gararia",
    "Garuria",
    "Garornia",
    "Garakia",
    "Garekia",
    "Garokia",
    "Gargaria",
    "Gargrimia",
    "Gardornia",
    "Gardrimia",
    "Gardrakia",
    "Garrikia",
    "Morinia",
    "Mororia",
    "Moraria",
    "Moruria",
    "Morornia",
    "Morakia",
    "Morekia",
    "Morokia",
    "Morgaria",
    "Morgrimia",
    "Mordornia",
    "Mordrimia",
    "Mordrakia",
    "Morrikia",
    "Kazinia",
    "Kazoria",
    "Kazaria",
    "Kazuria",
    "Kazornia",
    "Kazakia",
    "Kazekia",
    "Kazokia",
    "Kazgaria",
    "Kazgrimia",
    "Kazdornia",
    "Kazdrimia",
    "Kazdrakia",
    "Kazrikia",
    "Borinia",
    "Bororia",
    "Boraria",
    "Boruria",
    "Borornia",
    "Borakia",
    "Borekia",
    "Borokia",
    "Borgaria",
    "Borgrimia",
    "Bordornia",
    "Bordrimia",
    "Bordrakia",
    "Borrikia",
    "Kilinia",
    "Kiloria",
    "Kilaria",
    "Kiluria",
    "Kilornia",
    "Kilakia",
    "Kilekia",
    "Kilokia",
    "Kilgaria",
    "Kilgrimia",
    "Kildornia",
    "Kildrimia",
    "Kildrakia",
    "Kilrikia",
    "Dulinia",
    "Duloria",
    "Dularia",
    "Duluria",
    "Dulornia",
    "Dulakia",
    "Dulekia",
    "Dulokia",
    "Dulgaria",
    "Dulgrimia",
    "Duldornia",
    "Duldrimia",
    "Duldrakia",
    "Dulrikia",
    "Furinia",
    "Furoria",
    "Furaria",
    "Fururia",
    "Furornia",
    "Furakia",
    "Furekia",
    "Furokia",
    "Furgaria",
    "Furgrimia",
    "Furdornia",
    "Furdrimia",
    "Furdrakia",
    "Furrikia",
    "Barinia",
    "Baroria",
    "Bararia",
    "Baruria",
    "Barornia",
    "Barakia",
    "Barekia",
    "Barokia",
    "Bargaria",
    "Bargrimia",
    "Bardornia",
    "Bardrimia",
    "Bardrakia",
    "Barrikia",
    "Gorinia",
    "Gororia",
    "Goraria",
    "Goruria",
    "Gorornia",
    "Gorakia",
    "Gorekia",
    "Gorokia",
    "Gorgaria",
    "Gorgrimia",
    "Gordornia",
    "Gordrimia",
    "Gordrakia",
    "Gorrikia",
    "Harinia",
    "Haroria",
    "Hararia",
    "Haruria",
    "Harornia",
    "Harakia",
    "Harekia",
    "Harokia",
    "Hargaria",
    "Hargrimia",
    "Hardornia",
    "Hardrimia",
    "Hardrakia",
    "Harrikia",
    "Kelinia",
    "Keloria",
    "Kelaria",
    "Keluria",
    "Kelornia",
    "Kelakia",
    "Kelekia",
    "Kelokia",
    "Kelgaria",
    "Kelgrimia",
    "Keldornia",
    "Keldrimia",
    "Keldrakia",
    "Kelrikia",
    "Norinia",
    "Nororia",
    "Noraria",
    "Noruria",
    "Norornia",
    "Norakia",
    "Norekia",
    "Norokia",
    "Norgaria",
    "Norgrimia",
    "Nordornia",
    "Nordrimia",
    "Nordrakia",
    "Norrikia",
    "Ruginia",
    "Rugoria",
    "Rugaria",
    "Ruguria",
    "Rugornia",
    "Rugakia",
    "Rugekia",
    "Rugokia",
    "Ruggaria",
    "Ruggrimia",
    "Rugdornia",
    "Rugdrimia",
    "Rugdrakia",
    "Rugrikia",
    "Torinia",
    "Tororia",
    "Toraria",
    "Toruria",
    "Torornia",
    "Torakia",
    "Torekia",
    "Torokia",
    "Torgaria",
    "Torgrimia",
    "Tordornia",
    "Tordrimia",
    "Tordrakia",
    "Torrikia",
    "Vorinia",
    "Vororia",
    "Voraria",
    "Voruria",
    "Vorornia",
    "Vorakia",
    "Vorekia",
    "Vorokia",
    "Vorgaria",
    "Vorgrimia",
    "Vordornia",
    "Vordrimia",
    "Vordrakia",
    "Vorrikia",
    "Zaninia",
    "Zanoria",
    "Zanaria",
    "Zanuria",
    "Zanornia",
    "Zanakia",
    "Zanekia",
    "Zanokia",
    "Zangaria",
    "Zangrimia",
    "Zandornia",
    "Zandrimia",
    "Zandrakia",
    "Zanrikia",
    "Brominia",
    "Bromoria",
    "Bromaria",
    "Bromuria",
    "Bromornia",
    "Bromakia",
    "Bromekia",
    "Bromokia",
    "Bromgaria",
    "Bromgrimia",
    "Bromdornia",
    "Bromdrimia",
    "Bromdrakia",
    "Bromrikia",
    "Kraginia",
    "Kragoria",
    "Kragaria",
    "Kraguria",
    "Kragornia",
    "Kragakia",
    "Kragekia",
    "Kragokia",
    "Kraggaria",
    "Kraggrimia",
    "Kragdornia",
    "Kragdrimia",
    "Kragdrakia",
    "Kragrikia",
    "Druminia",
    "Drumoria",
    "Drumaria",
    "Drumuria",
    "Drumornia",
    "Drumakia",
    "Drumekia",
    "Drumokia",
    "Drumgaria",
    "Drumgrimia",
    "Drumdornia",
    "Drumdrimia",
    "Drumdrakia",
    "Drumrikia",
    "Thraininia",
    "Thrainoria",
    "Thrainaria",
    "Thrainuria",
    "Thrainornia",
    "Thrainakia",
    "Thrainekia",
    "Thrainokia",
    "Thraingaria",
    "Thraingrimia",
    "Thraindornia",
    "Thraindrimia",
    "Thraindrakia",
    "Thrainrikia",
    "Balinila",
    "Balorila",
    "Balarila",
    "Balurila",
    "Balornila",
    "Balakila",
    "Balekila",
    "Balokila",
    "Balgarila",
    "Balgrimila",
    "Baldornila",
    "Baldrimila",
    "Baldrakila",
    "Balrikila",
    "Bruinila",
    "Bruorila",
    "Bruarila",
    "Bruurila",
    "Bruornila",
    "Bruakila",
    "Bruekila",
    "Bruokila",
    "Brugarila",
    "Brugrimila",
    "Brudornila",
    "Brudrimila",
    "Brudrakila",
    "Brurikila",
    "Durinila",
    "Durorila",
    "Durarila",
    "Dururila",
    "Durornila",
    "Durakila",
    "Durekila",
    "Durokila",
    "Durgarila",
    "Durgrimila",
    "Durdornila",
    "Durdrimila",
    "Durdrakila",
    "Durrikila",
    "Throinila",
    "Throorila",
    "Throarila",
    "Throurila",
    "Throornila",
    "Throakila",
    "Throekila",
    "Throokila",
    "Throgarila",
    "Throgrimila",
    "Throdornila",
    "Throdrimila",
    "Throdrakila",
    "Throrikila",
    "Garinila",
    "Garorila",
    "Gararila",
    "Garurila",
    "Garornila",
    "Garakila",
    "Garekila",
    "Garokila",
    "Gargarila",
    "Gargrimila",
    "Gardornila",
    "Gardrimila",
    "Gardrakila",
    "Garrikila",
    "Morinila",
    "Mororila",
    "Morarila",
    "Morurila",
    "Morornila",
    "Morakila",
    "Morekila",
    "Morokila",
    "Morgarila",
    "Morgrimila",
    "Mordornila",
    "Mordrimila",
    "Mordrakila",
    "Morrikila",
    "Kazinila",
    "Kazorila",
    "Kazarila",
    "Kazurila",
    "Kazornila",
    "Kazakila",
    "Kazekila",
    "Kazokila",
    "Kazgarila",
    "Kazgrimila",
    "Kazdornila",
    "Kazdrimila",
    "Kazdrakila",
    "Kazrikila",
    "Borinila",
    "Bororila",
    "Borarila",
    "Borurila",
    "Borornila",
    "Borakila",
    "Borekila",
    "Borokila",
    "Borgarila",
    "Borgrimila",
    "Bordornila",
    "Bordrimila",
    "Bordrakila",
    "Borrikila",
    "Kilinila",
    "Kilorila",
    "Kilarila",
    "Kilurila",
    "Kilornila",
    "Kilakila",
    "Kilekila",
    "Kilokila",
    "Kilgarila",
    "Kilgrimila",
    "Kildornila",
    "Kildrimila",
    "Kildrakila",
    "Kilrikila",
    "Dulinila",
    "Dulorila",
    "Dularila",
    "Dulurila",
    "Dulornila",
    "Dulakila",
    "Dulekila",
    "Dulokila",
    "Dulgarila",
    "Dulgrimila",
    "Duldornila",
    "Duldrimila",
    "Duldrakila",
    "Dulrikila",
    "Furinila",
    "Furorila",
    "Furarila",
    "Fururila",
    "Furornila",
    "Furakila",
    "Furekila",
    "Furokila",
    "Furgarila",
    "Furgrimila",
    "Furdornila",
    "Furdrimila",
    "Furdrakila",
    "Furrikila",
    "Barinila",
    "Barorila",
    "Bararila",
    "Barurila",
    "Barornila",
    "Barakila",
    "Barekila",
    "Barokila",
    "Bargarila",
    "Bargrimila",
    "Bardornila",
    "Bardrimila",
    "Bardrakila",
    "Barrikila",
    "Gorinila",
    "Gororila",
    "Gorarila",
    "Gorurila",
    "Gorornila",
    "Gorakila",
    "Gorekila",
    "Gorokila",
    "Gorgarila",
    "Gorgrimila",
    "Gordornila",
    "Gordrimila",
    "Gordrakila",
    "Gorrikila",
    "Harinila",
    "Harorila",
    "Hararila",
    "Harurila",
    "Harornila",
    "Harakila",
    "Harekila",
    "Harokila",
    "Hargarila",
    "Hargrimila",
    "Hardornila",
    "Hardrimila",
    "Hardrakila",
    "Harrikila",
    "Kelinila",
    "Kelorila",
    "Kelarila",
    "Kelurila",
    "Kelornila",
    "Kelakila",
    "Kelekila",
    "Kelokila",
    "Kelgarila",
    "Kelgrimila",
    "Keldornila",
    "Keldrimila",
    "Keldrakila",
    "Kelrikila",
    "Norinila",
    "Nororila",
    "Norarila",
    "Norurila",
    "Norornila",
    "Norakila",
    "Norekila",
    "Norokila",
    "Norgarila",
    "Norgrimila",
    "Nordornila",
    "Nordrimila",
    "Nordrakila",
    "Norrikila",
    "Ruginila",
    "Rugorila",
    "Rugarila",
    "Rugurila",
    "Rugornila",
    "Rugakila",
    "Rugekila",
    "Rugokila",
    "Ruggarila",
    "Ruggrimila",
    "Rugdornila"
  ]
}