{
  "authors": [
    {
      "name": "munichjake",
      "email": "munichjake@dnd-session.de",
      "url": "https://dnd-session.de",
      "github": "https://github.com/munichjake"
    }
  ],
  "description": "Fiktive Siedlungen der Aasimar",
  "version": "1.0.0",
  "settlements": [
    "Aetheria",
    "Ambraheim",
    "Amelias Ruh",
    "Arcanopolis",
    "Aurelis",
    "Auroranest",
    "Azurschild",
    "Bethanien",
    "Bogenstein",
    "Candorburg",
    "Celestia",
    "Celedon",
    "Chrysalis",
    "Diamantenhort",
    "Elysion",
    "Erzengelwacht",
    "Glanzheim",
    "Himmelsblick",
    "Irinor",
    "Lichtfeste",
    "Luminis",
    "Marienhöhe",
    "Seraphia",
    "Silberhafen",
    "Solara",
    "Sternenruh",
    "Tugendheim",
    "Veritas",
    "Weißwacht",
    "Wohlmut",
    "Alabasterfels",
    "Arielshain",
    "Aurorathal",
    "Barmherzigkeit",
    "Bernsteinklippen",
    "Blütenfried",
    "Celestea",
    "Dämmerlicht",
    "Drachenzahnpass",
    "Ehrfurcht",
    "Ewigblüte",
    "Flügelheim",
    "Freudenbach",
    "Gabrielspforte",
    "Gnadenhafen",
    "Göttergabe",
    "Himmelsstieg",
    "Irisglanz",
    "Jerichos Garten",
    "Kerubenruh",
    "Lichtspitze",
    "Löwenherz",
    "Morgenröte",
    "Reinholdsruh",
    "Serafenwacht",
    "Sonnenburg",
    "Sternenfest",
    "Triumph",
    "Wahrheit",
    "Zionspass",
    "Abendsonne",
    "Adlerhorst",
    "Andacht",
    "Äthertal",
    "Befreiung",
    "Bleichmond",
    "Castiels Ruh",
    "Echohall",
    "Edelsteinspitze",
    "Engelsschritt",
    "Friedenshain",
    "Geduld",
    "Glücksblick",
    "Goldschweif",
    "Heldenruh",
    "Himmelsleiter",
    "Jubiläum",
    "Jupiterschild",
    "Klosterglück",
    "Lichtflut",
    "Löwenpass",
    "Meridian",
    "Nathaniels Tor",
    "Paradies",
    "Priesterfeste",
    "Ramiels Hort",
    "Schildfeste",
    "Seelenruhe",
    "Seraphimshain",
    "Silberschimmer",
    "Sonnenborn",
    "Stahlglanz",
    "Tugendquell",
    "Wachturm",
    "Weißenfels",
    "Abendruh",
    "Adelbertshausen",
    "Agnushain",
    "Altheas Zorn",
    "Aquilastadt",
    "Azurlinie",
    "Balthasarshain",
    "Baruchshöhe",
    "Cassiels Wacht",
    "Clemensruhe",
    "Dionysospass",
    "Elisabeths Frieden",
    "Elfenlichtung",
    "Engelshaag",
    "Freiheitsfeste",
    "Friedensberg",
    "Glorias Halle",
    "Gotteshain",
    "Götzenfall",
    "Heiligtum",
    "Irinor",
    "Josiasthal",
    "Jubiläum",
    "Karlshafen",
    "Lichtburg",
    "Lykos",
    "Mariental",
    "Mondschein",
    "Nahems Gnade",
    "Opferstatt",
    "Orionstor",
    "Paradiestal",
    "Phönixhain",
    "Reinhardsbrunn",
    "Sabaoth",
    "Salomonshain",
    "Serafinschild",
    "Silberstrom",
    "Sonnenburg",
    "Sternenhort",
    "Tugendtal",
    "Vergebung",
    "Weisheit",
    "Wolfsblut",
    "Zionsberg",
    "Abelshöhe",
    "Adalberta",
    "Ahnenruh",
    "Altheas Weide",
    "Arielhorst",
    "Auroranest",
    "Auserwählt",
    "Barak",
    "Celestia",
    "Clemenshafen",
    "Dornenpass",
    "Edelsteinburg",
    "Einheit",
    "Engelskrone",
    "Erdenruh",
    "Erlösung",
    "Friedensfeste",
    "Gabrielshöhe",
    "Götterpforte",
    "Heiligtum",
    "Hoffnungsquell",
    "Himmelsruh",
    "Jeremia",
    "Jubiläum",
    "Karlstal",
    "Lichtschanze",
    "Löwenschwanz",
    "Magdalenenruh",
    "Meridian",
    "Morwental",
    "Mut",
    "Nathanaelsruh",
    "Opfertal",
    "Orionswacht",
    "Pazifikus",
    "Phönixtal",
    "Reinholdsruhe",
    "Sabinas Hain",
    "Salomonsruh",
    "Serafimsruhe",
    "Silberbach",
    "Sol",
    "Stefansdorf",
    "Tugendburg",
    "Urielspass",
    "Veitshöhle",
    "Weisheit",
    "Wohlfahrt",
    "Zion",
    "Abarim",
    "Abendburg",
    "Adelbertshausen",
    "Agnusburg",
    "Alabastersee",
    "Ametis",
    "Andachtsruh",
    "Arcturuspass",
    "Arkadiens Ruh",
    "Athelstadt",
    "Auroraquell",
    "Bärenpass",
    "Belisars Ruhe",
    "Bernsteinwacht",
    "Bethanienhain",
    "Blütenklippe",
    "Briciuspass",
    "Celadon",
    "Cybele",
    "Dämmerlichtung",
    "Damon",
    "Dankbarkeit",
    "Dorianstadt",
    "Drachenhort",
    "Eberstein",
    "Edelsteinquell",
    "Elias' Hort",
    "Elfenlichtung",
    "Engelsklippe",
    "Erzengelsruh",
    "Ewiglicht",
    "Friedensborn",
    "Friedensburg",
    "Gnade",
    "Gottesfeste",
    "Götterhain",
    "Harmonia",
    "Heiliger Grund",
    "Heldenstein",
    "Himmelshöhle",
    "Hoffnungslicht",
    "Ikarus",
    "Irenaeus",
    "Isoldenruh",
    "Jeremiahafen",
    "Juliusburg",
    "Jupitersruhe",
    "Kaelen",
    "Katharinenruh",
    "Klosterburg",
    "Korallenpass",
    "Lichtschanze",
    "Lorien",
    "Löwenherz",
    "Lukastor",
    "Luminis",
    "Marcellus",
    "Marienfels",
    "Meridianthal",
    "Mikaels Hort",
    "Minerva",
    "Morgenruh",
    "Morwental",
    "Nathanaels Feste",
    "Niklaspass",
    "Odelsdorf",
    "Opferschale",
    "Orions Pass",
    "Pazifikus",
    "Philemon",
    "Quirinus",
    "Rafaelsturm",
    "Regenbogenpass",
    "Reinholdsbrunn",
    "Rittersruh",
    "Sabinas Hafen",
    "Sachiels Halle",
    "Salomos Garten",
    "Serafenpass",
    "Serenitas",
    "Silberwald",
    "Sion",
    "Solana",
    "Sonnenfels",
    "Stahlglanz",
    "Sternenbrücke",
    "Strahlborn",
    "Tugendquell",
    "Urielstor",
    "Valeriusruh",
    "Vergebung",
    "Viridien",
    "Weisheitsquell",
    "Wohlfahrt",
    "Wolfsschild",
    "Yoriels Tor",
    "Zachariaspass",
    "Zadkiels Wacht",
    "Zarinas Feste",
    "Zikiels Ruh",
    "Zurielswacht",
    "Abelstal",
    "Alabasterpass",
    "Ambraquell",
    "Ameliepass",
    "Anastasia",
    "Angelus",
    "Arkanus",
    "Arktis",
    "Asherah",
    "Athenäum",
    "Aurea",
    "Auroranest",
    "Azurschiff",
    "Balthasarshain",
    "Baruch",
    "Bendikt",
    "Bernsteinfels",
    "Blütenhain",
    "Cassiopeia",
    "Celestia",
    "Chrysalis",
    "Clemensstein",
    "Dämmerlicht",
    "Diamantenhort",
    "Dionysos",
    "Drachenschild",
    "Eliasheim",
    "Elfenfels",
    "Engelsbrunn",
    "Erzengelstadt",
    "Ewiglicht",
    "Friedenspass",
    "Gabrielshain",
    "Gottesfried",
    "Gnadenfels",
    "Halbmondpass",
    "Harmonie",
    "Heldenburg",
    "Himmelsspitze",
    "Hoffnungshafen",
    "Idyll",
    "Jubiläum",
    "Justitia",
    "Kaelis",
    "Karlsfort",
    "Königshof",
    "Kristallquell",
    "Lichtbrücke",
    "Lorian",
    "Löwenschwanz",
    "Lucius",
    "Maranatha",
    "Mariental",
    "Meridian",
    "Michaelsruh",
    "Mondschein",
    "Morgenröte",
    "Mut",
    "Nahems Gnade",
    "Neustadt",
    "Nikolauspass",
    "Oase",
    "Odinsruhe",
    "Opferschale",
    "Orionstor",
    "Pazifikus",
    "Philemon",
    "Quirin",
    "Ramiels Hort",
    "Reinholdsbrunn",
    "Rubinpass",
    "Sabinas Hain",
    "Salomon",
    "Saphirsee",
    "Serafenwacht",
    "Silberhafen",
    "Smaragdwald",
    "Sonnenburg",
    "Strahlendorf",
    "Tugendhain",
    "Urielshausen",
    "Valerius",
    "Vergebung",
    "Wahrheit",
    "Weisheit",
    "Wohlfahrt",
    "Wolfsblut",
    "Yoriels Tor",
    "Zacharias",
    "Zadkiel",
    "Zarinas Feste",
    "Zikiels Ruh",
    "Zurielswacht",
    "Abelshal",
    "Abendruh",
    "Adalbert",
    "Agnusburg",
    "Alabasterfels",
    "Ambrahain",
    "Amelias Ruh",
    "Anastasia",
    "Angelus",
    "Arel",
    "Astra",
    "Athenäum",
    "Aurelia",
    "Aurora",
    "Azurschild",
    "Balthasarsruh",
    "Baruch",
    "Benedicta",
    "Bernsteintor",
    "Blütental",
    "Cassiels Wacht",
    "Celestia",
    "Chrysalis",
    "Clemens",
    "Dämmerlicht",
    "Diamantenhorst",
    "Dionysus",
    "Drachenwacht",
    "Elisabeth",
    "Elfenlicht",
    "Engelsruh",
    "Erzengelwacht",
    "Ewiglicht",
    "Friedensborn",
    "Gabrielshöhe",
    "Gottesfrieden",
    "Gnadenhafen",
    "Harmonia",
    "Heiligtum",
    "Heldenruh",
    "Himmelsstieg",
    "Hoffnungsquell",
    "Idyll",
    "Jubiläum",
    "Justitia",
    "Kael",
    "Karlsburg",
    "Königstal",
    "Kristallsee",
    "Lichtburg",
    "Lorian",
    "Löwenschwanz",
    "Lucius",
    "Maranatha",
    "Mariental",
    "Meridian",
    "Michaelsruh",
    "Mondschein",
    "Morgenröte",
    "Mut",
    "Nahems Gnade",
    "Neustadt",
    "Nikolauspass",
    "Oase",
    "Odinsruhe",
    "Opferschale",
    "Orionstor",
    "Pazifikus",
    "Philemon",
    "Quirin",
    "Ramiels Hort",
    "Reinholdsbrunn",
    "Rubinpass",
    "Sabinas Hain",
    "Salomon",
    "Saphirsee",
    "Serafenwacht",
    "Silberhafen",
    "Smaragdwald",
    "Sonnenburg",
    "Strahlendorf",
    "Tugendhain",
    "Urielshausen",
    "Valerius",
    "Vergebung",
    "Wahrheit",
    "Weisheit",
    "Wohlfahrt",
    "Wolfsblut",
    "Yoriels Tor",
    "Zacharias",
    "Zadkiel",
    "Zarinas Feste",
    "Zikiels Ruh",
    "Zurielswacht"
  ]
}