{
  "authors": [
    {
      "name": "munichjake",
      "email": "munichjake@dnd-session.de",
      "url": "https://dnd-session.de",
      "github": "https://github.com/munichjake"
    }
  ],
  "description": "English male tiefling first names",
  "version": "1.0.0",
  "names": [
    "Akhos",
    "Zaros",
    "Meleos",
    "Kraos",
    "Xanos",
    "Voros",
    "Luxos",
    "Ravos",
    "Soros",
    "Calos",
    "Belos",
    "Azos",
    "Drazos",
    "Daeos",
    "Tharos",
    "Mordos",
    "Neros",
    "Zolos",
    "Vexos",
    "Kyros",
    "Lazos",
    "Rinos",
    "Sinos",
    "Vashos",
    "Akhius",
    "Zarius",
    "Meleius",
    "Kraius",
    "Xanius",
    "Vorius",
    "Luxius",
    "Ravius",
    "Sorius",
    "Calius",
    "Belius",
    "Azius",
    "Drazius",
    "Daeius",
    "Tharius",
    "Mordius",
    "Nerius",
    "Zolius",
    "Vexius",
    "Kyrius",
    "Lazius",
    "Rinius",
    "Sinius",
    "Vashius",
    "Akheth",
    "Zareth",
    "Meleeth",
    "Kraeth",
    "Xaneth",
    "Voreth",
    "Luxeth",
    "Raveth",
    "Soreth",
    "Caleth",
    "Beleth",
    "Azeth",
    "Drazeth",
    "Daeeth",
    "Thareth",
    "Mordeth",
    "Nereth",
    "Zoleth",
    "Vexeth",
    "Kyreth",
    "Lazeth",
    "Rineth",
    "Sineth",
    "Vasheth",
    "Akhus",
    "Zarus",
    "Meleus",
    "Kraus",
    "Xanus",
    "Vorus",
    "Luxus",
    "Ravus",
    "Sorus",
    "Calus",
    "Belus",
    "Azus",
    "Drazus",
    "Daeus",
    "Tharus",
    "Mordus",
    "Nerus",
    "Zolus",
    "Vexus",
    "Kyrus",
    "Lazus",
    "Rinus",
    "Sinus",
    "Vashus",
    "Akhas",
    "Zaras",
    "Meleas",
    "Kraas",
    "Xanas",
    "Voras",
    "Luxas",
    "Ravas",
    "Soras",
    "Calas",
    "Belas",
    "Azas",
    "Drazas",
    "Daeas",
    "Tharas",
    "Mordas",
    "Neras",
    "Zolas",
    "Vexas",
    "Kyras",
    "Lazas",
    "Rinas",
    "Sinas",
    "Vashas",
    "Akhor",
    "Zaror",
    "Meleor",
    "Kraor",
    "Xanor",
    "Voror",
    "Luxor",
    "Ravor",
    "Soror",
    "Calor",
    "Belor",
    "Azor",
    "Drazor",
    "Daeor",
    "Tharor",
    "Mordor",
    "Neror",
    "Zolor",
    "Vexor",
    "Kyror",
    "Lazor",
    "Rinor",
    "Sinor",
    "Vashor",
    "Akhix",
    "Zarix",
    "Meleix",
    "Kraix",
    "Xanix",
    "Vorix",
    "Luxix",
    "Ravix",
    "Sorix",
    "Calix",
    "Belix",
    "Azix",
    "Drazix",
    "Daeix",
    "Tharix",
    "Mordix",
    "Nerix",
    "Zolix",
    "Vexix",
    "Kyrix",
    "Lazix",
    "Rinix",
    "Sinix",
    "Vashix",
    "Akhoth",
    "Zaroth",
    "Meleoth",
    "Kraoth",
    "Xanoth",
    "Voroth",
    "Luxoth",
    "Ravoth",
    "Soroth",
    "Caloth",
    "Beloth",
    "Azoth",
    "Drazoth",
    "Daeoth",
    "Tharoth",
    "Mordoth",
    "Neroth",
    "Zoloth",
    "Vexoth",
    "Kyroth",
    "Lazoth",
    "Rinoth",
    "Sinoth",
    "Vashoth",
    "Akhon",
    "Zaron",
    "Meleon",
    "Kraon",
    "Xanon",
    "Voron",
    "Luxon",
    "Ravon",
    "Soron",
    "Calon",
    "Belon",
    "Azon",
    "Drazon",
    "Daeon",
    "Tharon",
    "Mordon",
    "Neron",
    "Zolon",
    "Vexon",
    "Kyron",
    "Lazon",
    "Rinon",
    "Sinon",
    "Vashon",
    "Akhosos",
    "Akhiusos",
    "Akhielos",
    "Akhethos",
    "Akhusos",
    "Akhasos",
    "Akhiraos",
    "Akhithos",
    "Akhonos",
    "Akharos",
    "Akhoros",
    "Akhiaos",
    "Akheusos",
    "Akhorixos",
    "Akhazaros",
    "Akhothos",
    "Akheronos",
    "Akhurioos",
    "Akhavoros",
    "Akhezaros",
    "Akhyxos",
    "Zarosos",
    "Zariusos",
    "Zarielos",
    "Zarethos",
    "Zarusos",
    "Zarasos",
    "Zariraos",
    "Zarithos",
    "Zaronos",
    "Zararos",
    "Zaroros",
    "Zariaos",
    "Zareusos",
    "Zarorixos",
    "Zarazaros",
    "Zarothos",
    "Zareronos",
    "Zarurioos",
    "Zaravoros",
    "Zarezaros",
    "Zaryxos",
    "Meleosos",
    "Meleiusos",
    "Meleielos",
    "Meleethos",
    "Meleusos",
    "Meleasos",
    "Meleiraos",
    "Meleithos",
    "Meleonos",
    "Melearos",
    "Meleoros",
    "Meleiaos",
    "Meleeusos",
    "Meleorixos",
    "Meleazaros",
    "Meleothos",
    "Meleeronos",
    "Meleurioos",
    "Meleavoros",
    "Meleezaros",
    "Meleyxos",
    "Kraosos",
    "Kraiusos",
    "Kraielos",
    "Kraethos",
    "Krausos",
    "Kraasos",
    "Krairaos",
    "Kraithos",
    "Kraonos",
    "Kraaros",
    "Kraoros",
    "Kraiaos",
    "Kraeusos",
    "Kraorixos",
    "Kraazaros",
    "Kraothos",
    "Kraeronos",
    "Kraurioos",
    "Kraavoros",
    "Kraezaros",
    "Krayxos",
    "Xanosos",
    "Xaniusos",
    "Xanielos",
    "Xanethos",
    "Xanusos",
    "Xanasos",
    "Xaniraos",
    "Xanithos",
    "Xanonos",
    "Xanaros",
    "Xanoros",
    "Xaniaos",
    "Xaneusos",
    "Xanorixos",
    "Xanazaros",
    "Xanothos",
    "Xaneronos",
    "Xanurioos",
    "Xanavoros",
    "Xanezaros",
    "Xanyxos",
    "Vorosos",
    "Voriusos",
    "Vorielos",
    "Vorethos",
    "Vorusos",
    "Vorasos",
    "Voriraos",
    "Vorithos",
    "Voronos",
    "Voraros",
    "Vororos",
    "Voriaos",
    "Voreusos",
    "Vororixos",
    "Vorazaros",
    "Vorothos",
    "Voreronos",
    "Vorurioos",
    "Voravoros",
    "Vorezaros",
    "Voryxos",
    "Luxosos",
    "Luxiusos",
    "Luxielos",
    "Luxethos",
    "Luxusos",
    "Luxasos",
    "Luxiraos",
    "Luxithos",
    "Luxonos",
    "Luxaros",
    "Luxoros",
    "Luxiaos",
    "Luxeusos",
    "Luxorixos",
    "Luxazaros",
    "Luxothos",
    "Luxeronos",
    "Luxurioos",
    "Luxavoros",
    "Luxezaros",
    "Luxyxos",
    "Ravosos",
    "Raviusos",
    "Ravielos",
    "Ravethos",
    "Ravusos",
    "Ravasos",
    "Raviraos",
    "Ravithos",
    "Ravonos",
    "Ravaros",
    "Ravoros",
    "Raviaos",
    "Raveusos",
    "Ravorixos",
    "Ravazaros",
    "Ravothos",
    "Raveronos",
    "Ravurioos",
    "Ravavoros",
    "Ravezaros",
    "Ravyxos",
    "Sorosos",
    "Soriusos",
    "Sorielos",
    "Sorethos",
    "Sorusos",
    "Sorasos",
    "Soriraos",
    "Sorithos",
    "Soronos",
    "Soraros",
    "Sororos",
    "Soriaos",
    "Soreusos",
    "Sororixos",
    "Sorazaros",
    "Sorothos",
    "Soreronos",
    "Sorurioos",
    "Soravoros",
    "Sorezaros",
    "Soryxos",
    "Calosos",
    "Caliusos",
    "Calielos",
    "Calethos",
    "Calusos",
    "Calasos",
    "Caliraos",
    "Calithos",
    "Calonos",
    "Calaros",
    "Caloros",
    "Caliaos",
    "Caleusos",
    "Calorixos",
    "Calazaros",
    "Calothos",
    "Caleronos",
    "Calurioos",
    "Calavoros",
    "Calezaros",
    "Calyxos",
    "Belosos",
    "Beliusos",
    "Belielos",
    "Belethos",
    "Belusos",
    "Belasos",
    "Beliraos",
    "Belithos",
    "Belonos",
    "Belaros",
    "Beloros",
    "Beliaos",
    "Beleusos",
    "Belorixos",
    "Belazaros",
    "Belothos",
    "Beleronos",
    "Belurioos",
    "Belavoros",
    "Belezaros",
    "Belyxos",
    "Azosos",
    "Aziusos",
    "Azielos",
    "Azethos",
    "Azusos",
    "Azasos",
    "Aziraos",
    "Azithos",
    "Azonos",
    "Azaros",
    "Azoros",
    "Aziaos",
    "Azeusos",
    "Azorixos",
    "Azazaros",
    "Azothos",
    "Azeronos",
    "Azurioos",
    "Azavoros",
    "Azezaros",
    "Azyxos",
    "Drazosos",
    "Draziusos",
    "Drazielos",
    "Drazethos",
    "Drazusos",
    "Drazasos",
    "Draziraos",
    "Drazithos",
    "Drazonos",
    "Drazaros",
    "Drazoros",
    "Draziaos",
    "Drazeusos",
    "Drazorixos",
    "Drazazaros",
    "Drazothos",
    "Drazeronos",
    "Drazurioos",
    "Drazavoros",
    "Drazezaros",
    "Drazyxos",
    "Daeosos",
    "Daeiusos",
    "Daeielos",
    "Daeethos",
    "Daeusos",
    "Daeasos",
    "Daeiraos",
    "Daeithos",
    "Daeonos",
    "Daearos",
    "Daeoros",
    "Daeiaos",
    "Daeeusos",
    "Daeorixos",
    "Daeazaros",
    "Daeothos",
    "Daeeronos",
    "Daeurioos",
    "Daeavoros",
    "Daeezaros",
    "Daeyxos",
    "Tharosos",
    "Thariusos",
    "Tharielos",
    "Tharethos",
    "Tharusos",
    "Tharasos",
    "Thariraos",
    "Tharithos",
    "Tharonos",
    "Thararos",
    "Tharoros",
    "Thariaos",
    "Thareusos",
    "Tharorixos",
    "Tharazaros",
    "Tharothos",
    "Thareronos",
    "Tharurioos",
    "Tharavoros",
    "Tharezaros",
    "Tharyxos",
    "Mordosos",
    "Mordiusos",
    "Mordielos",
    "Mordethos",
    "Mordusos",
    "Mordasos",
    "Mordiraos",
    "Mordithos",
    "Mordonos",
    "Mordaros",
    "Mordoros",
    "Mordiaos",
    "Mordeusos",
    "Mordorixos",
    "Mordazaros",
    "Mordothos",
    "Morderonos",
    "Mordurioos",
    "Mordavoros",
    "Mordezaros",
    "Mordyxos",
    "Nerosos",
    "Neriusos",
    "Nerielos",
    "Nerethos",
    "Nerusos",
    "Nerasos",
    "Neriraos",
    "Nerithos",
    "Neronos",
    "Neraros",
    "Neroros",
    "Neriaos",
    "Nereusos",
    "Nerorixos",
    "Nerazaros",
    "Nerothos",
    "Nereronos",
    "Nerurioos",
    "Neravoros",
    "Nerezaros",
    "Neryxos",
    "Zolosos",
    "Zoliusos",
    "Zolielos",
    "Zolethos",
    "Zolusos",
    "Zolasos",
    "Zoliraos",
    "Zolithos",
    "Zolonos",
    "Zolaros",
    "Zoloros",
    "Zoliaos",
    "Zoleusos",
    "Zolorixos",
    "Zolazaros",
    "Zolothos",
    "Zoleronos",
    "Zolurioos",
    "Zolavoros",
    "Zolezaros",
    "Zolyxos",
    "Vexosos",
    "Vexiusos",
    "Vexielos",
    "Vexethos",
    "Vexusos",
    "Vexasos",
    "Vexiraos",
    "Vexithos",
    "Vexonos",
    "Vexaros",
    "Vexoros",
    "Vexiaos",
    "Vexeusos",
    "Vexorixos",
    "Vexazaros",
    "Vexothos",
    "Vexeronos",
    "Vexurioos",
    "Vexavoros",
    "Vexezaros",
    "Vexyxos",
    "Kyrosos",
    "Kyriusos",
    "Kyrielos",
    "Kyrethos",
    "Kyrusos",
    "Kyrasos",
    "Kyriraos",
    "Kyrithos",
    "Kyronos",
    "Kyraros",
    "Kyroros",
    "Kyriaos",
    "Kyreusos",
    "Kyrorixos",
    "Kyrazaros",
    "Kyrothos",
    "Kyreronos",
    "Kyrurioos",
    "Kyravoros",
    "Kyrezaros",
    "Kyryxos",
    "Lazosos",
    "Laziusos",
    "Lazielos",
    "Lazethos",
    "Lazusos",
    "Lazasos",
    "Laziraos",
    "Lazithos",
    "Lazonos",
    "Lazaros",
    "Lazoros",
    "Laziaos",
    "Lazeusos",
    "Lazorixos",
    "Lazazaros",
    "Lazothos",
    "Lazeronos",
    "Lazurioos",
    "Lazavoros",
    "Lazezaros",
    "Lazyxos",
    "Rinosos",
    "Riniusos",
    "Rinielos",
    "Rinethos",
    "Rinusos",
    "Rinasos",
    "Riniraos",
    "Rinithos",
    "Rinonos",
    "Rinaros",
    "Rinoros",
    "Riniaos",
    "Rineusos",
    "Rinorixos",
    "Rinazaros",
    "Rinothos",
    "Rineronos",
    "Rinurioos",
    "Rinavoros",
    "Rinezaros",
    "Rinyxos",
    "Sinosos",
    "Siniusos",
    "Sinielos",
    "Sinethos",
    "Sinusos",
    "Sinasos",
    "Siniraos",
    "Sinithos",
    "Sinonos",
    "Sinaros",
    "Sinoros",
    "Siniaos",
    "Sineusos",
    "Sinorixos",
    "Sinazaros",
    "Sinothos",
    "Sineronos",
    "Sinurioos",
    "Sinavoros",
    "Sinezaros",
    "Sinyxos",
    "Vashosos",
    "Vashiusos",
    "Vashielos",
    "Vashethos",
    "Vashusos",
    "Vashasos",
    "Vashiraos",
    "Vashithos",
    "Vashonos",
    "Vasharos",
    "Vashoros",
    "Vashiaos",
    "Vasheusos",
    "Vashorixos",
    "Vashazaros",
    "Vashothos",
    "Vasheronos",
    "Vashurioos",
    "Vashavoros",
    "Vashezaros",
    "Vashyxos",
    "Akhosius",
    "Akhiusius",
    "Akhielius",
    "Akhethius",
    "Akhusius",
    "Akhasius",
    "Akhiraius",
    "Akhithius",
    "Akhonius",
    "Akharius",
    "Akhorius",
    "Akhiaius",
    "Akheusius",
    "Akhorixius",
    "Akhazarius",
    "Akhothius",
    "Akheronius",
    "Akhurioius",
    "Akhavorius",
    "Akhezarius",
    "Akhyxius",
    "Zarosius",
    "Zariusius",
    "Zarielius",
    "Zarethius",
    "Zarusius",
    "Zarasius",
    "Zariraius",
    "Zarithius",
    "Zaronius",
    "Zararius",
    "Zarorius",
    "Zariaius",
    "Zareusius",
    "Zarorixius",
    "Zarazarius",
    "Zarothius",
    "Zareronius",
    "Zarurioius",
    "Zaravorius",
    "Zarezarius",
    "Zaryxius",
    "Meleosius",
    "Meleiusius",
    "Meleielius",
    "Meleethius",
    "Meleusius",
    "Meleasius",
    "Meleiraius",
    "Meleithius",
    "Meleonius",
    "Melearius",
    "Meleorius",
    "Meleiaius",
    "Meleeusius",
    "Meleorixius",
    "Meleazarius",
    "Meleothius",
    "Meleeronius",
    "Meleurioius",
    "Meleavorius",
    "Meleezarius",
    "Meleyxius",
    "Kraosius",
    "Kraiusius",
    "Kraielius",
    "Kraethius",
    "Krausius",
    "Kraasius",
    "Krairaius",
    "Kraithius",
    "Kraonius",
    "Kraarius",
    "Kraorius",
    "Kraiaius",
    "Kraeusius",
    "Kraorixius",
    "Kraazarius",
    "Kraothius",
    "Kraeronius",
    "Kraurioius",
    "Kraavorius",
    "Kraezarius",
    "Krayxius",
    "Xanosius",
    "Xaniusius",
    "Xanielius",
    "Xanethius",
    "Xanusius",
    "Xanasius",
    "Xaniraius",
    "Xanithius",
    "Xanonius",
    "Xanarius",
    "Xanorius",
    "Xaniaius",
    "Xaneusius",
    "Xanorixius",
    "Xanazarius",
    "Xanothius",
    "Xaneronius",
    "Xanurioius",
    "Xanavorius",
    "Xanezarius",
    "Xanyxius",
    "Vorosius",
    "Voriusius",
    "Vorielius",
    "Vorethius",
    "Vorusius",
    "Vorasius",
    "Voriraius",
    "Vorithius",
    "Voronius",
    "Vorarius",
    "Vororius",
    "Voriaius",
    "Voreusius",
    "Vororixius",
    "Vorazarius",
    "Vorothius",
    "Voreronius",
    "Vorurioius",
    "Voravorius",
    "Vorezarius",
    "Voryxius",
    "Luxosius",
    "Luxiusius",
    "Luxielius",
    "Luxethius",
    "Luxusius",
    "Luxasius",
    "Luxiraius",
    "Luxithius",
    "Luxonius",
    "Luxarius",
    "Luxorius",
    "Luxiaius",
    "Luxeusius",
    "Luxorixius",
    "Luxazarius",
    "Luxothius",
    "Luxeronius",
    "Luxurioius",
    "Luxavorius",
    "Luxezarius",
    "Luxyxius",
    "Ravosius",
    "Raviusius",
    "Ravielius",
    "Ravethius",
    "Ravusius",
    "Ravasius",
    "Raviraius",
    "Ravithius",
    "Ravonius",
    "Ravarius",
    "Ravorius",
    "Raviaius",
    "Raveusius",
    "Ravorixius",
    "Ravazarius",
    "Ravothius",
    "Raveronius",
    "Ravurioius",
    "Ravavorius",
    "Ravezarius",
    "Ravyxius",
    "Sorosius",
    "Soriusius",
    "Sorielius",
    "Sorethius",
    "Sorusius",
    "Sorasius",
    "Soriraius",
    "Sorithius",
    "Soronius",
    "Sorarius",
    "Sororius",
    "Soriaius",
    "Soreusius",
    "Sororixius",
    "Sorazarius",
    "Sorothius",
    "Soreronius",
    "Sorurioius",
    "Soravorius",
    "Sorezarius",
    "Soryxius",
    "Calosius",
    "Caliusius",
    "Calielius",
    "Calethius",
    "Calusius",
    "Calasius",
    "Caliraius",
    "Calithius",
    "Calonius",
    "Calarius",
    "Calorius",
    "Caliaius",
    "Caleusius",
    "Calorixius",
    "Calazarius",
    "Calothius",
    "Caleronius",
    "Calurioius",
    "Calavorius",
    "Calezarius",
    "Calyxius",
    "Belosius",
    "Beliusius",
    "Belielius",
    "Belethius",
    "Belusius",
    "Belasius",
    "Beliraius",
    "Belithius",
    "Belonius",
    "Belarius",
    "Belorius",
    "Beliaius",
    "Beleusius",
    "Belorixius",
    "Belazarius",
    "Belothius",
    "Beleronius",
    "Belurioius",
    "Belavorius",
    "Belezarius",
    "Belyxius",
    "Azosius",
    "Aziusius",
    "Azielius",
    "Azethius",
    "Azusius",
    "Azasius",
    "Aziraius",
    "Azithius",
    "Azonius",
    "Azarius",
    "Azorius",
    "Aziaius",
    "Azeusius",
    "Azorixius",
    "Azazarius",
    "Azothius",
    "Azeronius",
    "Azurioius",
    "Azavorius",
    "Azezarius",
    "Azyxius",
    "Drazosius",
    "Draziusius",
    "Drazielius",
    "Drazethius",
    "Drazusius",
    "Drazasius",
    "Draziraius",
    "Drazithius",
    "Drazonius",
    "Drazarius",
    "Drazorius",
    "Draziaius",
    "Drazeusius",
    "Drazorixius",
    "Drazazarius",
    "Drazothius",
    "Drazeronius",
    "Drazurioius",
    "Drazavorius",
    "Drazezarius",
    "Drazyxius",
    "Daeosius",
    "Daeiusius",
    "Daeielius",
    "Daeethius",
    "Daeusius",
    "Daeasius",
    "Daeiraius",
    "Daeithius",
    "Daeonius",
    "Daearius",
    "Daeorius",
    "Daeiaius",
    "Daeeusius",
    "Daeorixius",
    "Daeazarius",
    "Daeothius",
    "Daeeronius",
    "Daeurioius",
    "Daeavorius",
    "Daeezarius",
    "Daeyxius",
    "Tharosius",
    "Thariusius",
    "Tharielius",
    "Tharethius",
    "Tharusius",
    "Tharasius",
    "Thariraius",
    "Tharithius",
    "Tharonius",
    "Thararius",
    "Tharorius",
    "Thariaius",
    "Thareusius",
    "Tharorixius",
    "Tharazarius"
  ]
}