{
  "authors": [
    {
      "name": "munichjake",
      "email": "munichjake@dnd-session.de",
      "url": "https://dnd-session.de",
      "github": "https://github.com/munichjake"
    }
  ],
  "description": "Fictional settlements of the aasimar race",
  "version": "1.0.0",
  "settlements": [
    "Aethelgard",
    "Aethelstan",
    "Alabaster Spire",
    "Altaris",
    "Altarus",
    "Amnos",
    "Angel's Crest",
    "Angelus",
    "Aurelia",
    "Aurelius",
    "Auriel",
    "Avendell",
    "Axon",
    "Belenus",
    "Beloved's Gate",
    "Blessed Harbor",
    "Calestis",
    "Castiel",
    "Celestia",
    "Celestius",
    "Chryseos",
    "Daelon",
    "Daybreak Citadel",
    "Davin",
    "Dawn's Embrace",
    "Dawn's Rest",
    "Daylight's End",
    "Divine Landing",
    "Elara",
    "Elysia",
    "Elysian Fields",
    "Elysium",
    "Empyrean",
    "Exalted Haven",
    "Fairhaven",
    "Glorian",
    "Gloriana",
    "Haelen",
    "Hallowed Grove",
    "Haven of Light",
    "Heliopolis",
    "Icarus",
    "Ignatius",
    "Innocence",
    "Jubilee",
    "Justitia",
    "Luminos",
    "Luminous Landing",
    "Lux",
    "Lyra",
    "Maelor",
    "Marcellus",
    "Michael's Hope",
    "Morningstar",
    "Nebula",
    "Nova",
    "Olympia",
    "Orion",
    "Phaedra",
    "Phoenix's Rest",
    "Purity's Peak",
    "Radiant Spire",
    "Radiant's Rest",
    "Ramiel",
    "Raphael's Landing",
    "Raziel",
    "Remiel",
    "Sanctum of Souls",
    "Sandalphon",
    "Sanctum of Light",
    "Seraphim",
    "Seraphina",
    "Seraphinus",
    "Solana",
    "Solaris",
    "Solemn",
    "Starhaven",
    "Starfall",
    "Starlight",
    "The Anointed",
    "The Blessed",
    "The Dawn",
    "The Exalted",
    "The Gilded",
    "The Hallowed",
    "The Luminous",
    "The Radiant",
    "The Righteous",
    "The Sacred",
    "The Sanctified",
    "The Silver Spire",
    "The Star-Touched",
    "The Sun-Kissed",
    "The Sun-Sourced",
    "The Unburnt",
    "The Unbroken",
    "The Unflinching",
    "Tiriel",
    "Uriel's Watch",
    "Uriel",
    "Valerius",
    "Vesper",
    "Vespertine",
    "Virtue",
    "Zadkiel",
    "Zephyra",
    "Zosimus",
    "Caelia",
    "Caelum",
    "Celestina",
    "Celestian",
    "Gloriana",
    "Luxembourg",
    "Raelia",
    "Saelos",
    "Aetheria",
    "Aethelric",
    "Aethelwulf",
    "Aethelwynn",
    "Alabastria",
    "Argentia",
    "Auralia",
    "Aurelian",
    "Baelora",
    "Cassia",
    "Chryseis",
    "Corinthia",
    "Delphina",
    "Elysian",
    "Gloriel",
    "Hadriana",
    "Helia",
    "Ignacia",
    "Junia",
    "Lyrae",
    "Nerea",
    "Olympia",
    "Persephone",
    "Phoebe",
    "Rhea",
    "Sabina",
    "Serenata",
    "Solara",
    "Stellara",
    "Tarquinia",
    "Theodora",
    "Valentina",
    "Virgilia",
    "Zosima",
    "Adonis",
    "Alaric",
    "Ambrose",
    "Anteros",
    "Asterion",
    "Bede",
    "Cuthbert",
    "Cyrus",
    "Demetrios",
    "Dorian",
    "Elias",
    "Evander",
    "Ferdinand",
    "Horatio",
    "Ignatius",
    "Julius",
    "Laertes",
    "Lazarus",
    "Leander",
    "Lucian",
    "Maelor",
    "Marcellus",
    "Marius",
    "Mirt",
    "Mithras",
    "Nereus",
    "Octavius",
    "Oswald",
    "Pericles",
    "Phineas",
    "Publius",
    "Quintus",
    "Remus",
    "Silvanus",
    "Sirius",
    "Solanus",
    "Tarquin",
    "Tiberius",
    "Titus",
    "Ulric",
    "Urbanus",
    "Valerian",
    "Virgil",
    "Vitus",
    "Xanthus",
    "Zephyr",
    "Aether",
    "Argentum",
    "Aurora",
    "Cadmus",
    "Cassian",
    "Chara",
    "Darius",
    "Eleos",
    "Faelar",
    "Faelan",
    "Haelen",
    "Icarus",
    "Lysander",
    "Metatron",
    "Odysseus",
    "Pollux",
    "Saelos",
    "Sirian",
    "Soleil",
    "Stella",
    "Stellara",
    "Theia",
    "Theophilus",
    "Urielis",
    "Zaphkiel",
    "Abyssal Harbor",
    "Ashenwood",
    "Broken Angel",
    "Corrupted Glade",
    "Crimson Spire",
    "Dread's Reach",
    "Duskholm",
    "Emberfell",
    "Fallen's Folly",
    "Fallen's Landing",
    "Gloom Hollow",
    "Grim's End",
    "Lost Soul's Rest",
    "Lost Souls",
    "Lost Wing",
    "Malice's Landing",
    "Midnight Spire",
    "Necropolis",
    "Nightfall",
    "Shadowed Keep",
    "Shadow's End",
    "Silent Spire",
    "Silent Watch",
    "Skeletal Bridge",
    "Skeletal Tower",
    "Sorrow's Peak",
    "Soul-less Spire",
    "Soulrend",
    "The Damned",
    "The Forsaken",
    "The Unspoken",
    "Tiriel's Fall",
    "Tomb of Angels",
    "Twisted Spire",
    "Twilight's End",
    "Whisper's Hold",
    "Wyrm's Gate",
    "Zadkiel's Fall",
    "Zephyra's Rest",
    "Zosimus's End",
    "Aethelric's Fall",
    "Aethelwulf's End",
    "Alabaster's End",
    "Argentum's End",
    "Aurelian's Fall",
    "Baelora's End",
    "Cassia's Fall",
    "Chryseis's End",
    "Corinthia's Fall",
    "Demetrios's End",
    "Elysian's End",
    "Hadriana's Fall",
    "Helia's End",
    "Ignacia's Fall",
    "Icarus's End",
    "Junia's Fall",
    "Lyrae's End",
    "Maelor's End",
    "Michael's Fall",
    "Nerea's Fall",
    "Persephone's End",
    "Phoebe's Fall",
    "Rhea's End",
    "Sabina's Fall",
    "Serenata's End",
    "Solara's Fall",
    "Stellara's End",
    "Tarquinia's Fall",
    "Theodora's End",
    "Valentina's Fall",
    "Virgilia's End",
    "Zosima's End",
    "Adonis's Fall",
    "Alaric's End",
    "Ambrose's Fall",
    "Anteros's End",
    "Bede's Fall",
    "Cuthbert's End",
    "Cyrus's Fall",
    "Dorian's Fall",
    "Elias's End",
    "Evander's Fall",
    "Ferdinand's End",
    "Horatio's Fall",
    "Ignatius's End",
    "Julius's Fall",
    "Laertes's End",
    "Lazarus's Fall",
    "Leander's End",
    "Lucian's Fall",
    "Maelor's End",
    "Marcellus's Fall",
    "Marius's End",
    "Mirt's Fall",
    "Mithras's End",
    "Nereus's Fall",
    "Octavius's End",
    "Orion's Fall",
    "Oswald's End",
    "Pericles's Fall",
    "Phineas's End",
    "Publius's Fall",
    "Quintus's End",
    "Remus's Fall",
    "Silvanus's End",
    "Sirius's Fall",
    "Solanus's End",
    "Tarquin's Fall",
    "Tiberius's End",
    "Titus's Fall",
    "Ulric's End",
    "Urbanus's Fall",
    "Valerian's End",
    "Virgil's Fall",
    "Vitus's End",
    "Xanthus's Fall",
    "Zephyr's End",
    "Aether's End",
    "Argentum's Fall",
    "Aurora's End",
    "Cadmus's Fall",
    "Cassian's End",
    "Chara's End",
    "Darius's Fall",
    "Eleos's End",
    "Faelar's Fall",
    "Faelan's End",
    "Haelen's Fall",
    "Icarus's End",
    "Lysander's Fall",
    "Metatron's End",
    "Odysseus's Fall",
    "Pollux's End",
    "Saelos's Fall",
    "Sirian's End",
    "Soleil's Fall",
    "Stella's End",
    "Stellara's Fall",
    "Theia's End",
    "Theophilus's Fall",
    "Urielis's End",
    "Zaphkiel's Fall",
    "Angel's Landing",
    "Angelus",
    "Aurelia",
    "Aurelius",
    "Avarice",
    "Benediction",
    "Celestia",
    "Celestius",
    "Daybreak",
    "Elysia",
    "Elysian Fields",
    "Empyrean",
    "Everbright",
    "Fairhaven",
    "Glorious Gate",
    "Glorious Spire",
    "Graceland",
    "Harmonia",
    "Hope's Harbor",
    "Innocence",
    "Jubilee",
    "Justitia",
    "Justice's Gate",
    "Luminos",
    "Lux",
    "Mercy's Watch",
    "Oasis of Light",
    "Paragon's Perch",
    "Purity's Peak",
    "Radiant's Rest",
    "Sancrosanct",
    "Sanctum of Souls",
    "Sanctuary",
    "Seraphim's Embrace",
    "Serenity",
    "Starlight",
    "Starfall",
    "Sun-Crowned",
    "Sunspire",
    "The Anointed",
    "The Beacon",
    "The Blessed",
    "The Divine",
    "The Exalted",
    "The Gilded",
    "The Hallowed",
    "The Luminous",
    "The Radiant",
    "The Righteous",
    "The Sacred",
    "The Sanctified",
    "The Silver Spire",
    "The Star-Touched",
    "The Sun-Kissed",
    "The Sun-Sourced",
    "The Unburnt",
    "The Unbroken",
    "The Unflinching",
    "The Vigilant",
    "Tranquility",
    "Uriel's Watch",
    "Valhalla",
    "Virtue",
    "Wisdom's End"
  ]
}