{
  "authors": [
    {
      "name": "munichjake",
      "email": "munichjake@dnd-session.de",
      "url": "https://dnd-session.de",
      "github": "https://github.com/munichjake"
    }
  ],
  "description": "Deutsche Aasimarnachnamen",
  "version": "1.0.0",
  "names": [
    "Aaronschild",
    "Abendglanz",
    "Abendstern",
    "Abendwind",
    "Adlerfeder",
    "Adlerschwinge",
    "Alabaster",
    "Albenfels",
    "Albussonn",
    "Ambrafels",
    "Ammiel",
    "Ätherblut",
    "Ätherborn",
    "Ätherstamm",
    "Ätherwacht",
    "Auroran",
    "Aureliusson",
    "Azurschild",
    "Barmherzig",
    "Bärenstolz",
    "Bethanien",
    "Blütenfried",
    "Blutmond",
    "Brandgluth",
    "Brennstahl",
    "Cael",
    "Celestian",
    "Corvusson",
    "Cygnus",
    "Dämmerlicht",
    "Diamantenborn",
    "Donnerschlag",
    "Drachenzahn",
    "Dunkelfeder",
    "Eberschild",
    "Ehrfurcht",
    "Eisenhand",
    "Eisenschmied",
    "Eisenschild",
    "Elfenlicht",
    "Engelsbote",
    "Engelsglanz",
    "Engelsherz",
    "Erlöser",
    "Erlöserblut",
    "Ewiglicht",
    "Ewigstein",
    "Falkenfels",
    "Falkenschwung",
    "Feuerglanz",
    "Feuerherz",
    "Feuerklinge",
    "Feuersturm",
    "Flügelhieb",
    "Flügelstolz",
    "Freudensang",
    "Friedensbringer",
    "Gabriel",
    "Geduld",
    "Gerechtsinn",
    "Gewissen",
    "Gnade",
    "Götterblut",
    "Götterbote",
    "Götterrufer",
    "Gottesfürst",
    "Gotteshand",
    "Gotteshauch",
    "Gottesschwert",
    "Graustein",
    "Grenzfels",
    "Glutborn",
    "Hagelsturm",
    "Hahnenkamm",
    "Himmelsbote",
    "Himmelsblut",
    "Himmelsglut",
    "Himmelsruf",
    "Himmelsschild",
    "Himmelsstrom",
    "Himmelszorn",
    "Hirschhorn",
    "Hoffnung",
    "Irinor",
    "Jubiläum",
    "Justitia",
    "Kardinal",
    "Keilerzahn",
    "Klosterstein",
    "Kranichflügel",
    "Kreuzritter",
    "Krone",
    "Lämmerstolz",
    "Lichtbringer",
    "Lichtglanz",
    "Lichtruf",
    "Lichtschwinge",
    "Lichtstrahl",
    "Löwenherz",
    "Löwenschwanz",
    "Lucius",
    "Lunaris",
    "Morgenröte",
    "Morgenwind",
    "Morgenstern",
    "Mundschau",
    "Nachtschwinge",
    "Nathaniel",
    "Neumond",
    "Nordwind",
    "Perlenfels",
    "Perlenkuss",
    "Phönixborn",
    "Phönixhieb",
    "Priesterstein",
    "Prinzess",
    "Ramiel",
    "Raphael",
    "Rechtsinn",
    "Reinhardsbrunn",
    "Reinherz",
    "Riesenzorn",
    "Rosenkranz",
    "Rosengarten",
    "Rostglanz",
    "Rubinschild",
    "Sabaoth",
    "Salomon",
    "Sanftmut",
    "Saphirborn",
    "Schwertarm",
    "Schwingen",
    "Seelenruf",
    "Seelenwacht",
    "Serafien",
    "Silberglanz",
    "Silberstrom",
    "Smaragdsee",
    "Sonnenborn",
    "Sonnenfeuer",
    "Sonnenruf",
    "Stahlglanz",
    "Sternenklang",
    "Sternenruf",
    "Sturmborn",
    "Sturmglanz",
    "Sturmkralle",
    "Tannenwald",
    "Trauerwacht",
    "Tugendlicht",
    "Tugendsonn",
    "Uriel",
    "Ursprung",
    "Viktoria",
    "Volksbote",
    "Vollmond",
    "Wahrheit",
    "Wellenkuss",
    "Weisheit",
    "Weißglanz",
    "Weißhand",
    "Westwind",
    "Widderhorn",
    "Winterblut",
    "Wolfsblut",
    "Wolfszahn",
    "Wohlmut",
    "Yoriel",
    "Zadkiel",
    "Zornblut",
    "Zionssohn",
    "Zuriel",
    "Zweifelsfall"
  ]
}