{
  "authors": [
    {
      "name": "munichjake",
      "email": "munichjake@dnd-session.de",
      "url": "https://dnd-session.de",
      "github": "https://github.com/munichjake"
    }
  ],
  "description": "Fictional settlements of the elf race",
  "version": "1.0.0",
  "settlements": [
    "Aeldris",
    "Aeldell",
    "Aeldor",
    "Aeldore",
    "Aelgrove",
    "Aelhaven",
    "Aelheart",
    "Aelhome",
    "Aellith",
    "Aelmere",
    "Aelmora",
    "Aelnor",
    "Aelpolis",
    "Aelquen",
    "Aelran",
    "Aelress",
    "Aelrium",
    "Aelsal",
    "Aelsan",
    "Aelser",
    "Aelshire",
    "Aelsor",
    "Aelthir",
    "Aelvale",
    "Aelvar",
    "Aelwood",
    "Amidris",
    "Amidell",
    "Amidor",
    "Amidore",
    "Amigrove",
    "Amihaven",
    "Amiheart",
    "Amihome",
    "Amilith",
    "Amimere",
    "Amimora",
    "Aminor",
    "Amipolis",
    "Amiquen",
    "Amiran",
    "Amiress",
    "Amirium",
    "Amisal",
    "Amisan",
    "Amiser",
    "Amishire",
    "Amisor",
    "Amithir",
    "Amivale",
    "Amivar",
    "Amiwood",
    "Aradris",
    "Aradell",
    "Arador",
    "Aradore",
    "Aragrove",
    "Arahaven",
    "Araheart",
    "Arahome",
    "Aralith",
    "Aramere",
    "Aramora",
    "Aranor",
    "Arapolis",
    "Araquen",
    "Araran",
    "Araress",
    "Ararium",
    "Arasal",
    "Arasan",
    "Araser",
    "Arashire",
    "Arasor",
    "Arathir",
    "Aravale",
    "Aravar",
    "Arawood",
    "Celedris",
    "Celedell",
    "Celedor",
    "Celedore",
    "Celegrove",
    "Celehaven",
    "Celeheart",
    "Celehome",
    "Celelith",
    "Celemere",
    "Celemora",
    "Celenor",
    "Celepolis",
    "Celequen",
    "Celeran",
    "Celeress",
    "Celerium",
    "Celesal",
    "Celesan",
    "Celeser",
    "Celeshire",
    "Celesor",
    "Celethir",
    "Celevale",
    "Celevar",
    "Celewood",
    "Elidris",
    "Elidell",
    "Elidor",
    "Elidore",
    "Eligrove",
    "Elihaven",
    "Eliheart",
    "Elihome",
    "Elilith",
    "Elimere",
    "Elimora",
    "Elinor",
    "Elipolis",
    "Eliquen",
    "Eliran",
    "Eliress",
    "Elirium",
    "Elisal",
    "Elisan",
    "Eliser",
    "Elishire",
    "Elisor",
    "Elithir",
    "Elivale",
    "Elivar",
    "Eliwood",
    "Faedris",
    "Faedell",
    "Faedor",
    "Faedore",
    "Faegrove",
    "Faehaven",
    "Faeheart",
    "Faehome",
    "Faelith",
    "Faemere",
    "Faemora",
    "Faenor",
    "Faepolis",
    "Faequen",
    "Faeran",
    "Faeress",
    "Faerium",
    "Faesal",
    "Faesan",
    "Faeser",
    "Faeshire",
    "Faesor",
    "Faethir",
    "Faevale",
    "Faevar",
    "Faewood",
    "Galadris",
    "Galadell",
    "Galador",
    "Galadore",
    "Galagrove",
    "Galahaven",
    "Galaheart",
    "Galahome",
    "Galalith",
    "Galamere",
    "Galamora",
    "Galanor",
    "Galapolis",
    "Galaquen",
    "Galaran",
    "Galaress",
    "Galarium",
    "Galasal",
    "Galasan",
    "Galaser",
    "Galashire",
    "Galasor",
    "Galathir",
    "Galavale",
    "Galavar",
    "Galawood",
    "Iridris",
    "Iridell",
    "Iridor",
    "Iridore",
    "Irigrove",
    "Irihaven",
    "Iriheart",
    "Irihome",
    "Irilith",
    "Irimere",
    "Irimora",
    "Irinor",
    "Iripolis",
    "Iriquen",
    "Iriran",
    "Iriress",
    "Iririum",
    "Irisal",
    "Irisan",
    "Iriser",
    "Irishire",
    "Irisor",
    "Irithir",
    "Irivale",
    "Irivar",
    "Iriwood",
    "Laidris",
    "Laidell",
    "Laidor",
    "Laidore",
    "Laigrove",
    "Laihaven",
    "Laiheart",
    "Laihome",
    "Lailith",
    "Laimere",
    "Laimora",
    "Lainor",
    "Laipolis",
    "Laiquen",
    "Lairan",
    "Lairess",
    "Lairium",
    "Laisal",
    "Laisan",
    "Laiser",
    "Laishire",
    "Laisor",
    "Laithir",
    "Laivale",
    "Laivar",
    "Laiwood",
    "Loridris",
    "Loridell",
    "Loridor",
    "Loridore",
    "Lorigrove",
    "Lorihaven",
    "Loriheart",
    "Lorihome",
    "Lorilith",
    "Lorimere",
    "Lorimora",
    "Lorinor",
    "Loripolis",
    "Loriquen",
    "Loriran",
    "Loriress",
    "Loririum",
    "Lorisal",
    "Lorisan",
    "Loriser",
    "Lorishire",
    "Lorisor",
    "Lorithir",
    "Lorivale",
    "Lorivar",
    "Loriwood",
    "Meridris",
    "Meridell",
    "Meridor",
    "Meridore",
    "Merigrove",
    "Merihaven",
    "Meriheart",
    "Merihome",
    "Merilith",
    "Merimere",
    "Merimora",
    "Merinor",
    "Meripolis",
    "Meriquen",
    "Meriran",
    "Meriress",
    "Meririum",
    "Merisal",
    "Merisan",
    "Meriser",
    "Merishire",
    "Merisor",
    "Merithir",
    "Merivale",
    "Merivar",
    "Meriwood",
    "Naedris",
    "Naedell",
    "Naedor",
    "Naedore",
    "Naegrove",
    "Naehaven",
    "Naeheart",
    "Naehome",
    "Naelith",
    "Naemere",
    "Naemora",
    "Naenor",
    "Naepolis",
    "Naequen",
    "Naeran",
    "Naeress",
    "Naerium",
    "Naesal",
    "Naesan",
    "Naeser",
    "Naeshire",
    "Naesor",
    "Naethir",
    "Naevale",
    "Naevar",
    "Naewood",
    "Oladris",
    "Oladell",
    "Olador",
    "Oladore",
    "Olagrove",
    "Olahaven",
    "Olaheart",
    "Olahome",
    "Olalith",
    "Olamere",
    "Olamora",
    "Olanor",
    "Olapolis",
    "Olaquen",
    "Olaran",
    "Olaress",
    "Olarium",
    "Olasal",
    "Olasan",
    "Olaser",
    "Olashire",
    "Olasor",
    "Olathir",
    "Olavale",
    "Olavar",
    "Olawood",
    "Phaedris",
    "Phaedell",
    "Phaedor",
    "Phaedore",
    "Phaegrove",
    "Phaehaven",
    "Phaeheart",
    "Phaehome",
    "Phaelith",
    "Phaemere",
    "Phaemora",
    "Phaenor",
    "Phaepolis",
    "Phaequen",
    "Phaeran",
    "Phaeress",
    "Phaerium",
    "Phaesal",
    "Phaesan",
    "Phaeser",
    "Phaeshire",
    "Phaesor",
    "Phaethir",
    "Phaevale",
    "Phaevar",
    "Phaewood",
    "Qualdris",
    "Qualdell",
    "Qualdor",
    "Qualdore",
    "Qualgrove",
    "Qualhaven",
    "Qualheart",
    "Qualhome",
    "Quallith",
    "Qualmere",
    "Qualmora",
    "Qualnor",
    "Qualpolis",
    "Qualquen",
    "Qualran",
    "Qualress",
    "Qualrium",
    "Qualsal",
    "Qualsan",
    "Qualser",
    "Qualshire",
    "Qualsor",
    "Qualthir",
    "Qualvale",
    "Qualvar",
    "Qualwood",
    "Raedris",
    "Raedell",
    "Raedor",
    "Raedore",
    "Raegrove",
    "Raehaven",
    "Raeheart",
    "Raehome",
    "Raelith",
    "Raemere",
    "Raemora",
    "Raenor",
    "Raepolis",
    "Raequen",
    "Raeran",
    "Raeress",
    "Raerium",
    "Raesal",
    "Raesan",
    "Raeser",
    "Raeshire",
    "Raesor",
    "Raethir",
    "Raevale",
    "Raevar",
    "Raewood",
    "Saedris",
    "Saedell",
    "Saedor",
    "Saedore",
    "Saegrove",
    "Saehaven",
    "Saeheart",
    "Saehome",
    "Saelith",
    "Saemere",
    "Saemora",
    "Saenor",
    "Saepolis",
    "Saequen",
    "Saeran",
    "Saeress",
    "Saerium",
    "Saesal",
    "Saesan",
    "Saeser",
    "Saeshire",
    "Saesor",
    "Saethir",
    "Saevale",
    "Saevar",
    "Saewood",
    "Taedris",
    "Taedell",
    "Taedor",
    "Taedore",
    "Taegrove",
    "Taehaven",
    "Taeheart",
    "Taehome",
    "Taelith",
    "Taemere",
    "Taemora",
    "Taenor",
    "Taepolis",
    "Taequen",
    "Taeran",
    "Taeress",
    "Taerium",
    "Taesal",
    "Taesan",
    "Taeser",
    "Taeshire",
    "Taesor",
    "Taethir",
    "Taevale",
    "Taevar",
    "Taewood",
    "Uladris",
    "Uladell",
    "Ulador",
    "Uladore",
    "Ulagrove",
    "Ulahaven",
    "Ulaheart",
    "Ulahome",
    "Ulalith",
    "Ulamere",
    "Ulamora",
    "Ulanor",
    "Ulapolis",
    "Ulaquen",
    "Ularan",
    "Ularess",
    "Ularium",
    "Ulasal",
    "Ulasan",
    "Ulaser",
    "Ulashire",
    "Ulasor",
    "Ulathir",
    "Ulavale",
    "Ulavar",
    "Ulawood",
    "Vaedris",
    "Vaedell",
    "Vaedor",
    "Vaedore",
    "Vaegrove",
    "Vaehaven",
    "Vaeheart",
    "Vaehome",
    "Vaelith",
    "Vaemere",
    "Vaemora",
    "Vaenor",
    "Vaepolis",
    "Vaequen",
    "Vaeran",
    "Vaeress",
    "Vaerium",
    "Vaesal",
    "Vaesan",
    "Vaeser",
    "Vaeshire",
    "Vaesor",
    "Vaethir",
    "Vaevale",
    "Vaevar",
    "Vaewood",
    "Wyndris",
    "Wyndell",
    "Wyndor",
    "Wyndore",
    "Wyngrove",
    "Wynhaven",
    "Wynheart",
    "Wynhome",
    "Wynlith",
    "Wynmere",
    "Wynmora",
    "Wynnor",
    "Wynpolis",
    "Wynquen",
    "Wynran",
    "Wynress",
    "Wynrium",
    "Wynsal",
    "Wynsan",
    "Wynser",
    "Wynshire",
    "Wynsor",
    "Wynthir",
    "Wynvale",
    "Wynvar",
    "Wynwood",
    "Xaedris",
    "Xaedell",
    "Xaedor",
    "Xaedore",
    "Xaegrove",
    "Xaehaven",
    "Xaeheart",
    "Xaehome",
    "Xaelith",
    "Xaemere",
    "Xaemora",
    "Xaenor",
    "Xaepolis",
    "Xaequen",
    "Xaeran",
    "Xaeress",
    "Xaerium",
    "Xaesal",
    "Xaesan",
    "Xaeser",
    "Xaeshire",
    "Xaesor",
    "Xaethir",
    "Xaevale",
    "Xaevar",
    "Xaewood",
    "Yladris",
    "Yladell",
    "Ylador",
    "Yladore",
    "Ylagrove",
    "Ylahaven",
    "Ylaheart",
    "Ylahome",
    "Ylalith",
    "Ylamere",
    "Ylamora",
    "Ylanor",
    "Ylapolis",
    "Ylaquen",
    "Ylaran",
    "Ylaress",
    "Ylarium",
    "Ylasal",
    "Ylasan",
    "Ylaser",
    "Ylashire",
    "Ylasor",
    "Ylathir",
    "Ylavale",
    "Ylavar",
    "Ylawood",
    "Zaedris",
    "Zaedell",
    "Zaedor",
    "Zaedore",
    "Zaegrove",
    "Zaehaven",
    "Zaeheart",
    "Zaehome",
    "Zaelith",
    "Zaemere",
    "Zaemora",
    "Zaenor",
    "Zaepolis",
    "Zaequen",
    "Zaeran",
    "Zaeress",
    "Zaerium",
    "Zaesal",
    "Zaesan",
    "Zaeser",
    "Zaeshire",
    "Zaesor",
    "Zaethir",
    "Zaevale",
    "Zaevar",
    "Zaewood",
    "Aeldrisdris",
    "Aeldrisdell",
    "Aeldrisdor",
    "Aeldrisdore",
    "Aeldrisgrove",
    "Aeldrishaven",
    "Aeldrisheart",
    "Aeldrishome",
    "Aeldrislith",
    "Aeldrismere",
    "Aeldrismora",
    "Aeldrisnor",
    "Aeldrispolis",
    "Aeldrisquen",
    "Aeldrisran",
    "Aeldrisress",
    "Aeldrisrium",
    "Aeldrissal",
    "Aeldrissan",
    "Aeldrisser",
    "Aeldrisshire",
    "Aeldrissor",
    "Aeldristhir",
    "Aeldrisvale",
    "Aeldrisvar",
    "Aeldriswood",
    "Aeldelldris",
    "Aeldelldell",
    "Aeldelldor",
    "Aeldelldore",
    "Aeldellgrove",
    "Aeldellhaven",
    "Aeldellheart",
    "Aeldellhome",
    "Aeldelllith",
    "Aeldellmere",
    "Aeldellmora",
    "Aeldellnor",
    "Aeldellpolis",
    "Aeldellquen",
    "Aeldellran",
    "Aeldellress",
    "Aeldellrium",
    "Aeldellsal",
    "Aeldellsan",
    "Aeldellser",
    "Aeldellshire",
    "Aeldellsor",
    "Aeldellthir",
    "Aeldellvale",
    "Aeldellvar",
    "Aeldellwood",
    "Aeldordris",
    "Aeldordell",
    "Aeldordor",
    "Aeldordore",
    "Aeldorgrove",
    "Aeldorhaven",
    "Aeldorheart",
    "Aeldorhome",
    "Aeldorlith",
    "Aeldormere",
    "Aeldormora",
    "Aeldornor",
    "Aeldorpolis",
    "Aeldorquen",
    "Aeldorran",
    "Aeldorress",
    "Aeldorrium",
    "Aeldorsal",
    "Aeldorsan",
    "Aeldorser",
    "Aeldorshire",
    "Aeldorsor",
    "Aeldorthir",
    "Aeldorvale",
    "Aeldorvar",
    "Aeldorwood",
    "Aeldoredris",
    "Aeldoredell",
    "Aeldoredor",
    "Aeldoredore",
    "Aeldoregrove",
    "Aeldorehaven",
    "Aeldoreheart",
    "Aeldorehome",
    "Aeldorelith",
    "Aeldoremere",
    "Aeldoremora",
    "Aeldorenor",
    "Aeldorepolis",
    "Aeldorequen",
    "Aeldoreran",
    "Aeldoreress",
    "Aeldorerium",
    "Aeldoresal",
    "Aeldoresan",
    "Aeldoreser",
    "Aeldoreshire",
    "Aeldoresor",
    "Aeldorethir",
    "Aeldorevale",
    "Aeldorevar",
    "Aeldorewood",
    "Aelgrovedris",
    "Aelgrovedell",
    "Aelgrovedor",
    "Aelgrovedore",
    "Aelgrovegrove",
    "Aelgrovehaven",
    "Aelgroveheart",
    "Aelgrovehome",
    "Aelgrovelith",
    "Aelgrovemere",
    "Aelgrovemora",
    "Aelgrovenor",
    "Aelgrovepolis",
    "Aelgrovequen",
    "Aelgroveran",
    "Aelgroveress",
    "Aelgroverium",
    "Aelgrovesal",
    "Aelgrovesan",
    "Aelgroveser",
    "Aelgroveshire",
    "Aelgrovesor",
    "Aelgrovethir",
    "Aelgrovevale",
    "Aelgrovevar",
    "Aelgrovewood",
    "Aelhavendris",
    "Aelhavendell",
    "Aelhavendor",
    "Aelhavendore",
    "Aelhavengrove",
    "Aelhavenhaven",
    "Aelhavenheart",
    "Aelhavenhome",
    "Aelhavenlith",
    "Aelhavenmere",
    "Aelhavenmora",
    "Aelhavennor",
    "Aelhavenpolis",
    "Aelhavenquen",
    "Aelhavenran",
    "Aelhavenress",
    "Aelhavenrium",
    "Aelhavensal",
    "Aelhavensan",
    "Aelhavenser",
    "Aelhavenshire",
    "Aelhavensor",
    "Aelhaventhir",
    "Aelhavenvale",
    "Aelhavenvar",
    "Aelhavenwood",
    "Aelheartdris",
    "Aelheartdell",
    "Aelheartdor",
    "Aelheartdore",
    "Aelheartgrove",
    "Aelhearthaven",
    "Aelheartheart",
    "Aelhearthome",
    "Aelheartlith",
    "Aelheartmere",
    "Aelheartmora",
    "Aelheartnor",
    "Aelheartpolis",
    "Aelheartquen",
    "Aelheartran",
    "Aelheartress",
    "Aelheartrium",
    "Aelheartsal",
    "Aelheartsan",
    "Aelheartser",
    "Aelheartshire",
    "Aelheartsor",
    "Aelheartthir",
    "Aelheartvale",
    "Aelheartvar",
    "Aelheartwood",
    "Aelhomedris",
    "Aelhomedell",
    "Aelhomedor",
    "Aelhomedore",
    "Aelhomegrove",
    "Aelhomehaven",
    "Aelhomeheart",
    "Aelhomehome",
    "Aelhomelith",
    "Aelhomemere",
    "Aelhomemora",
    "Aelhomenor",
    "Aelhomepolis",
    "Aelhomequen",
    "Aelhomeran",
    "Aelhomeress",
    "Aelhomerium",
    "Aelhomesal",
    "Aelhomesan",
    "Aelhomeser",
    "Aelhomeshire",
    "Aelhomesor",
    "Aelhomethir",
    "Aelhomevale",
    "Aelhomevar",
    "Aelhomewood",
    "Aellithdris",
    "Aellithdell",
    "Aellithdor",
    "Aellithdore",
    "Aellithgrove",
    "Aellithhaven",
    "Aellithheart",
    "Aellithhome",
    "Aellithlith",
    "Aellithmere",
    "Aellithmora",
    "Aellithnor",
    "Aellithpolis",
    "Aellithquen",
    "Aellithran",
    "Aellithress",
    "Aellithrium",
    "Aellithsal",
    "Aellithsan",
    "Aellithser",
    "Aellithshire",
    "Aellithsor",
    "Aelliththir",
    "Aellithvale",
    "Aellithvar",
    "Aellithwood",
    "Aelmeredris",
    "Aelmeredell",
    "Aelmeredor",
    "Aelmeredore",
    "Aelmeregrove",
    "Aelmerehaven",
    "Aelmereheart",
    "Aelmerehome",
    "Aelmerelith",
    "Aelmeremere",
    "Aelmeremora",
    "Aelmerenor",
    "Aelmerepolis",
    "Aelmerequen",
    "Aelmereran",
    "Aelmereress",
    "Aelmererium",
    "Aelmeresal",
    "Aelmeresan",
    "Aelmereser",
    "Aelmereshire",
    "Aelmeresor",
    "Aelmerethir",
    "Aelmerevale",
    "Aelmerevar",
    "Aelmerewood",
    "Aelmoradris",
    "Aelmoradell",
    "Aelmorador",
    "Aelmoradore",
    "Aelmoragrove",
    "Aelmorahaven",
    "Aelmoraheart",
    "Aelmorahome",
    "Aelmoralith",
    "Aelmoramere",
    "Aelmoramora",
    "Aelmoranor",
    "Aelmorapolis",
    "Aelmoraquen",
    "Aelmoraran",
    "Aelmoraress",
    "Aelmorarium",
    "Aelmorasal",
    "Aelmorasan",
    "Aelmoraser",
    "Aelmorashire",
    "Aelmorasor",
    "Aelmorathir",
    "Aelmoravale",
    "Aelmoravar",
    "Aelmorawood",
    "Aelnordris",
    "Aelnordell",
    "Aelnordor",
    "Aelnordore",
    "Aelnorgrove",
    "Aelnorhaven",
    "Aelnorheart",
    "Aelnorhome",
    "Aelnorlith",
    "Aelnormere",
    "Aelnormora",
    "Aelnornor",
    "Aelnorpolis",
    "Aelnorquen",
    "Aelnorran",
    "Aelnorress",
    "Aelnorrium",
    "Aelnorsal",
    "Aelnorsan",
    "Aelnorser",
    "Aelnorshire",
    "Aelnorsor",
    "Aelnorthir",
    "Aelnorvale",
    "Aelnorvar",
    "Aelnorwood",
    "Aelpolisdris",
    "Aelpolisdell",
    "Aelpolisdor",
    "Aelpolisdore",
    "Aelpolisgrove",
    "Aelpolishaven",
    "Aelpolisheart",
    "Aelpolishome",
    "Aelpolislith",
    "Aelpolismere",
    "Aelpolismora",
    "Aelpolisnor",
    "Aelpolispolis",
    "Aelpolisquen",
    "Aelpolisran",
    "Aelpolisress",
    "Aelpolisrium",
    "Aelpolissal",
    "Aelpolissan",
    "Aelpolisser",
    "Aelpolisshire",
    "Aelpolissor",
    "Aelpolisthir",
    "Aelpolisvale",
    "Aelpolisvar",
    "Aelpoliswood",
    "Aelquendris",
    "Aelquendell",
    "Aelquendor",
    "Aelquendore",
    "Aelquengrove",
    "Aelquenhaven",
    "Aelquenheart",
    "Aelquenhome",
    "Aelquenlith",
    "Aelquenmere",
    "Aelquenmora",
    "Aelquennor",
    "Aelquenpolis",
    "Aelquenquen",
    "Aelquenran",
    "Aelquenress",
    "Aelquenrium",
    "Aelquensal",
    "Aelquensan",
    "Aelquenser",
    "Aelquenshire",
    "Aelquensor",
    "Aelquenthir",
    "Aelquenvale",
    "Aelquenvar",
    "Aelquenwood",
    "Aelrandris",
    "Aelrandell",
    "Aelrandor",
    "Aelrandore",
    "Aelrangrove",
    "Aelranhaven",
    "Aelranheart",
    "Aelranhome",
    "Aelranlith",
    "Aelranmere",
    "Aelranmora",
    "Aelrannor",
    "Aelranpolis",
    "Aelranquen",
    "Aelranran",
    "Aelranress",
    "Aelranrium",
    "Aelransal",
    "Aelransan",
    "Aelranser",
    "Aelranshire",
    "Aelransor",
    "Aelranthir",
    "Aelranvale",
    "Aelranvar",
    "Aelranwood",
    "Aelressdris",
    "Aelressdell",
    "Aelressdor",
    "Aelressdore",
    "Aelressgrove",
    "Aelresshaven",
    "Aelressheart",
    "Aelresshome",
    "Aelresslith",
    "Aelressmere",
    "Aelressmora",
    "Aelressnor",
    "Aelresspolis",
    "Aelressquen",
    "Aelressran",
    "Aelressress",
    "Aelressrium",
    "Aelresssal",
    "Aelresssan",
    "Aelressser",
    "Aelressshire",
    "Aelresssor",
    "Aelressthir",
    "Aelressvale",
    "Aelressvar",
    "Aelresswood",
    "Aelriumdris",
    "Aelriumdell",
    "Aelriumdor",
    "Aelriumdore",
    "Aelriumgrove",
    "Aelriumhaven",
    "Aelriumheart",
    "Aelriumhome",
    "Aelriumlith",
    "Aelriummere",
    "Aelriummora",
    "Aelriumnor",
    "Aelriumpolis",
    "Aelriumquen",
    "Aelriumran",
    "Aelriumress",
    "Aelriumrium",
    "Aelriumsal",
    "Aelriumsan",
    "Aelriumser",
    "Aelriumshire",
    "Aelriumsor",
    "Aelriumthir",
    "Aelriumvale",
    "Aelriumvar",
    "Aelriumwood",
    "Aelsaldris",
    "Aelsaldell",
    "Aelsaldor",
    "Aelsaldore",
    "Aelsalgrove",
    "Aelsalhaven",
    "Aelsalheart",
    "Aelsalhome",
    "Aelsallith",
    "Aelsalmere",
    "Aelsalmora",
    "Aelsalnor",
    "Aelsalpolis",
    "Aelsalquen",
    "Aelsalran",
    "Aelsalress",
    "Aelsalrium",
    "Aelsalsal",
    "Aelsalsan",
    "Aelsalser",
    "Aelsalshire",
    "Aelsalsor",
    "Aelsalthir",
    "Aelsalvale",
    "Aelsalvar",
    "Aelsalwood",
    "Aelsandris",
    "Aelsandell",
    "Aelsandor",
    "Aelsandore",
    "Aelsangrove",
    "Aelsanhaven",
    "Aelsanheart",
    "Aelsanhome",
    "Aelsanlith",
    "Aelsanmere",
    "Aelsanmora",
    "Aelsannor",
    "Aelsanpolis",
    "Aelsanquen",
    "Aelsanran",
    "Aelsanress",
    "Aelsanrium",
    "Aelsansal",
    "Aelsansan",
    "Aelsanser",
    "Aelsanshire",
    "Aelsansor",
    "Aelsanthir",
    "Aelsanvale",
    "Aelsanvar",
    "Aelsanwood",
    "Aelserdris",
    "Aelserdell",
    "Aelserdor",
    "Aelserdore",
    "Aelsergrove",
    "Aelserhaven",
    "Aelserheart",
    "Aelserhome",
    "Aelserlith",
    "Aelsermere",
    "Aelsermora",
    "Aelsernor",
    "Aelserpolis",
    "Aelserquen",
    "Aelserran",
    "Aelserress",
    "Aelserrium",
    "Aelsersal",
    "Aelsersan",
    "Aelserser",
    "Aelsershire",
    "Aelsersor",
    "Aelserthir",
    "Aelservale",
    "Aelservar",
    "Aelserwood",
    "Aelshiredris",
    "Aelshiredell",
    "Aelshiredor",
    "Aelshiredore",
    "Aelshiregrove",
    "Aelshirehaven",
    "Aelshireheart",
    "Aelshirehome",
    "Aelshirelith",
    "Aelshiremere",
    "Aelshiremora",
    "Aelshirenor",
    "Aelshirepolis",
    "Aelshirequen",
    "Aelshireran",
    "Aelshireress",
    "Aelshirerium",
    "Aelshiresal",
    "Aelshiresan",
    "Aelshireser",
    "Aelshireshire",
    "Aelshiresor",
    "Aelshirethir",
    "Aelshirevale",
    "Aelshirevar",
    "Aelshirewood",
    "Aelsordris",
    "Aelsordell",
    "Aelsordor",
    "Aelsordore",
    "Aelsorgrove",
    "Aelsorhaven",
    "Aelsorheart",
    "Aelsorhome",
    "Aelsorlith",
    "Aelsormere",
    "Aelsormora",
    "Aelsornor",
    "Aelsorpolis",
    "Aelsorquen",
    "Aelsorran",
    "Aelsorress",
    "Aelsorrium",
    "Aelsorsal",
    "Aelsorsan",
    "Aelsorser",
    "Aelsorshire",
    "Aelsorsor",
    "Aelsorthir",
    "Aelsorvale",
    "Aelsorvar",
    "Aelsorwood",
    "Aelthirdris",
    "Aelthirdell",
    "Aelthirdor",
    "Aelthirdore",
    "Aelthirgrove",
    "Aelthirhaven",
    "Aelthirheart",
    "Aelthirhome",
    "Aelthirlith",
    "Aelthirmere",
    "Aelthirmora",
    "Aelthirnor",
    "Aelthirpolis",
    "Aelthirquen",
    "Aelthirran",
    "Aelthirress",
    "Aelthirrium",
    "Aelthirsal",
    "Aelthirsan",
    "Aelthirser",
    "Aelthirshire",
    "Aelthirsor",
    "Aelthirthir",
    "Aelthirvale",
    "Aelthirvar",
    "Aelthirwood",
    "Aelvaledris",
    "Aelvaledell",
    "Aelvaledor",
    "Aelvaledore",
    "Aelvalegrove",
    "Aelvalehaven",
    "Aelvaleheart",
    "Aelvalehome",
    "Aelvalelith",
    "Aelvalemere",
    "Aelvalemora",
    "Aelvalenor",
    "Aelvalepolis",
    "Aelvalequen",
    "Aelvaleran",
    "Aelvaleress",
    "Aelvalerium",
    "Aelvalesal",
    "Aelvalesan",
    "Aelvaleser",
    "Aelvaleshire",
    "Aelvalesor",
    "Aelvalethir",
    "Aelvalevale",
    "Aelvalevar",
    "Aelvalewood",
    "Aelvardris",
    "Aelvardell",
    "Aelvardor",
    "Aelvardore",
    "Aelvargrove",
    "Aelvarhaven",
    "Aelvarheart",
    "Aelvarhome",
    "Aelvarlith",
    "Aelvarmere",
    "Aelvarmora",
    "Aelvarnor",
    "Aelvarpolis",
    "Aelvarquen",
    "Aelvarran",
    "Aelvarress",
    "Aelvarrium",
    "Aelvarsal",
    "Aelvarsan",
    "Aelvarser",
    "Aelvarshire",
    "Aelvarsor",
    "Aelvarthir",
    "Aelvarvale",
    "Aelvarvar",
    "Aelvarwood",
    "Aelwooddris",
    "Aelwooddell",
    "Aelwooddor",
    "Aelwooddore",
    "Aelwoodgrove",
    "Aelwoodhaven",
    "Aelwoodheart",
    "Aelwoodhome",
    "Aelwoodlith",
    "Aelwoodmere",
    "Aelwoodmora",
    "Aelwoodnor",
    "Aelwoodpolis",
    "Aelwoodquen",
    "Aelwoodran",
    "Aelwoodress",
    "Aelwoodrium",
    "Aelwoodsal",
    "Aelwoodsan",
    "Aelwoodser",
    "Aelwoodshire",
    "Aelwoodsor",
    "Aelwoodthir",
    "Aelwoodvale",
    "Aelwoodvar",
    "Aelwoodwood",
    "Amidrisdris",
    "Amidrisdell",
    "Amidrisdor",
    "Amidrisdore",
    "Amidrisgrove",
    "Amidrishaven",
    "Amidrisheart",
    "Amidrishome",
    "Amidrislith",
    "Amidrismere",
    "Amidrismora",
    "Amidrisnor",
    "Amidrispolis",
    "Amidrisquen",
    "Amidrisran",
    "Amidrisress",
    "Amidrisrium",
    "Amidrissal"
  ]
}