{
  "authors": [
    {
      "name": "munichjake",
      "email": "munichjake@dnd-session.de",
      "url": "https://dnd-session.de",
      "github": "https://github.com/munichjake"
    }
  ],
  "description": "Deutsche Nachnamen",
  "version": "1.0.0",
  "names": [
    "Adlerberg",
    "Adlerfelder",
    "Adlerheimer",
    "Adlerhof",
    "Adlerholzer",
    "Adlerknecht",
    "Adlerlaufer",
    "Adlerstein",
    "Adlerweber",
    "Albrecht",
    "Barth",
    "Bauer",
    "Baumann",
    "Beck",
    "Becker",
    "Bergberg",
    "Bergbrand",
    "Berger",
    "Bergfeste",
    "Bergheimer",
    "Berghofer",
    "Berginger",
    "Bergkamp",
    "Bergmann",
    "Bergner",
    "Bergstein",
    "Bergweber",
    "Birkeberger",
    "Birkebrand",
    "Birkeer",
    "Birkefelder",
    "Birkehardt",
    "Birkehof",
    "Birkehofer",
    "Birkeinger",
    "Birkekamp",
    "Birkemann",
    "Birkerich",
    "Birkewald",
    "Birkeweber",
    "Blaubrand",
    "Blauhardt",
    "Blauholzer",
    "Blaulaufer",
    "Blaurich",
    "Blauwald",
    "Blitzader",
    "Blitzbach",
    "Blitzberg",
    "Blitzbrand",
    "Blitzfall",
    "Blitzfang",
    "Blitzfaust",
    "Blitzgang",
    "Blitzhain",
    "Blitzhauch",
    "Blitzherz",
    "Blitzkamm",
    "Blitzlicht",
    "Blitzläufer",
    "Blitzschild",
    "Blitztal",
    "Blum",
    "Blutader",
    "Blutberg",
    "Blutblick",
    "Blutbrand",
    "Blutfang",
    "Blutfaust",
    "Blutkamm",
    "Blutklau",
    "Blutmut",
    "Blutpelz",
    "Blutreiter",
    "Blutsang",
    "Blutschild",
    "Blutstein",
    "Bluttal",
    "Braun",
    "Braunberger",
    "Braundorf",
    "Braunfelder",
    "Braunhardt",
    "Braunholzer",
    "Brauninger",
    "Braunknecht",
    "Braunner",
    "Braunrich",
    "Brockmann",
    "Brunner",
    "Bärbacher",
    "Bärbauer",
    "Bärdorf",
    "Bärenbach",
    "Bärenbrand",
    "Bärenfang",
    "Bärenklau",
    "Bärenmut",
    "Bärensang",
    "Bärenschild",
    "Bärenstein",
    "Bärental",
    "Bärer",
    "Bärfelder",
    "Bärhardt",
    "Bärholzer",
    "Bärlaufer",
    "Bärrich",
    "Bärstein",
    "Bärweber",
    "Dietrich",
    "Donnerberg",
    "Donnerbrand",
    "Donnerhof",
    "Donnerhofer",
    "Donnerholzer",
    "Donnerkamm",
    "Donnerkamp",
    "Donnerknecht",
    "Donnerläufer",
    "Donnermann",
    "Donnermut",
    "Donnerpelz",
    "Donnerrich",
    "Donnersang",
    "Donnerschrei",
    "Donnerseher",
    "Donnerstein",
    "Donnerstimme",
    "Donnerwald",
    "Donnerzeiger",
    "Drachenbach",
    "Drachenblick",
    "Drachenfall",
    "Drachenfang",
    "Drachenhain",
    "Drachenkamm",
    "Drachenklinge",
    "Drachenlicht",
    "Drachenmut",
    "Drachenpelz",
    "Drachenreiter",
    "Drachenschild",
    "Drachenstieg",
    "Drachental",
    "Drachentanz",
    "Drachentöter",
    "Drachenzeiger",
    "Ebel",
    "Eichebauer",
    "Eichehardt",
    "Eichekamp",
    "Eichemann",
    "Eichener",
    "Eichewald",
    "Eicheweber",
    "Eichhorn",
    "Eisenader",
    "Eisenbach",
    "Eisenberg",
    "Eisenbrand",
    "Eisenfall",
    "Eisenfang",
    "Eisenfaust",
    "Eisenhain",
    "Eisenhardt",
    "Eisenhauch",
    "Eisenheimer",
    "Eisenhof",
    "Eiseninger",
    "Eisenklinge",
    "Eisenlaufer",
    "Eisenmann",
    "Eisenner",
    "Eisenpelz",
    "Eisensang",
    "Eisenseher",
    "Eisenstein",
    "Eisental",
    "Engel",
    "Falkenader",
    "Falkenbrand",
    "Falkenfall",
    "Falkenfang",
    "Falkengang",
    "Falkenhain",
    "Falkenherz",
    "Falkenklau",
    "Falkenlicht",
    "Falkenläufer",
    "Falkenreiter",
    "Falkenschild",
    "Falkenschrei",
    "Falkenseher",
    "Falkenstein",
    "Falkentanz",
    "Falkenwind",
    "Faust",
    "Feldberg",
    "Feldbrand",
    "Feldfelder",
    "Feldhardt",
    "Feldhof",
    "Feldhofer",
    "Feldholzer",
    "Feldinger",
    "Feldkamp",
    "Feldrich",
    "Felsbrecher",
    "Feuerbach",
    "Feuerberg",
    "Feuerblick",
    "Feuerbrand",
    "Feuerhauch",
    "Feuerklinge",
    "Feuermut",
    "Feuerpelz",
    "Feuerschild",
    "Feuerschrei",
    "Feuerseher",
    "Feuertal",
    "Fiedler",
    "Fischer",
    "Flammenbach",
    "Flammenberg",
    "Flammenfall",
    "Flammenfang",
    "Flammengang",
    "Flammenhauch",
    "Flammenklinge",
    "Flammenpelz",
    "Flammenreiter",
    "Flammenschild",
    "Flammenseher",
    "Flammentanz",
    "Flussberger",
    "Flussbrand",
    "Flussdorf",
    "Flussfelder",
    "Flussheimer",
    "Flusshof",
    "Flusshofer",
    "Flussholzer",
    "Flussknecht",
    "Flussrich",
    "Flussstein",
    "Flusswald",
    "Flussweber",
    "Frank",
    "Franke",
    "Freund",
    "Fritsch",
    "Frostberg",
    "Frostfall",
    "Frostklau",
    "Frostklinge",
    "Frostläufer",
    "Frostmut",
    "Frostreiter",
    "Frostsang",
    "Frostschild",
    "Frostschrei",
    "Frostseher",
    "Froststieg",
    "Frosttal",
    "Fuchs",
    "Fuchsbacher",
    "Fuchsberger",
    "Fuchsbrand",
    "Fuchsdorf",
    "Fuchsheimer",
    "Fuchshofer",
    "Fuchsholzer",
    "Fuchskamp",
    "Fuchslaufer",
    "Fuchsner",
    "Gerber",
    "Glutblick",
    "Glutbrand",
    "Gluthauch",
    "Glutherz",
    "Glutkamm",
    "Glutklinge",
    "Glutmut",
    "Glutreiter",
    "Glutschild",
    "Glutseher",
    "Glutstieg",
    "Gluttanz",
    "Glutzeiger",
    "Goldbach",
    "Goldbacher",
    "Goldberg",
    "Goldberger",
    "Goldblick",
    "Goldbrand",
    "Goldfang",
    "Goldfelder",
    "Goldhain",
    "Goldhauch",
    "Goldheimer",
    "Goldhof",
    "Goldhofer",
    "Goldholzer",
    "Goldkamm",
    "Goldklau",
    "Goldklinge",
    "Goldknecht",
    "Goldlaufer",
    "Goldreiter",
    "Goldrich",
    "Goldsang",
    "Goldschild",
    "Goldschrei",
    "Goldstein",
    "Goldstieg",
    "Goldtal",
    "Goldtanz",
    "Goldwald",
    "Goldweber",
    "Gottschalk",
    "Graf",
    "Gruber",
    "Grundbacher",
    "Grundberger",
    "Grundhardt",
    "Grundheimer",
    "Grundholzer",
    "Grundinger",
    "Grundlaufer",
    "Grundmann",
    "Grundner",
    "Grundstein",
    "Grundwald",
    "Grünbauer",
    "Gründorf",
    "Grüner",
    "Grünhardt",
    "Grünheimer",
    "Grünhof",
    "Grünhofer",
    "Grünholzer",
    "Grünkamp",
    "Grünknecht",
    "Grünmann",
    "Grünner",
    "Grünrich",
    "Grünwald",
    "Hafenbacher",
    "Hafenberger",
    "Hafenbrand",
    "Hafenhardt",
    "Hafenheimer",
    "Hafenlaufer",
    "Hafenmann",
    "Hafenner",
    "Hafenrich",
    "Hafenweber",
    "Hansen",
    "Hartmann",
    "Heidebacher",
    "Heidebrand",
    "Heidedorf",
    "Heidefelder",
    "Heidehardt",
    "Heideheimer",
    "Heidehof",
    "Heidehofer",
    "Heideinger",
    "Heidelaufer",
    "Heiderich",
    "Heideweber",
    "Heinrich",
    "Heldenarm",
    "Herrmann",
    "Himmelader",
    "Himmelbacher",
    "Himmelberg",
    "Himmelbrand",
    "Himmeldorf",
    "Himmeler",
    "Himmelfall",
    "Himmelfang",
    "Himmelfaust",
    "Himmelgang",
    "Himmelhauch",
    "Himmelhof",
    "Himmelholzer",
    "Himmelinger",
    "Himmellaufer",
    "Himmelmut",
    "Himmelpelz",
    "Himmelreiter",
    "Himmelrich",
    "Himmelschild",
    "Himmelsspeer",
    "Himmelstein",
    "Himmelstieg",
    "Himmeltal",
    "Himmeltanz",
    "Himmelweber",
    "Himmelzeiger",
    "Hirschbach",
    "Hirschbacher",
    "Hirschberg",
    "Hirschblick",
    "Hirschfaust",
    "Hirschhain",
    "Hirschherz",
    "Hirschkamm",
    "Hirschkamp",
    "Hirschmut",
    "Hirschner",
    "Hirschpelz",
    "Hirschrich",
    "Hirschsang",
    "Hirschschrei",
    "Hirschstein",
    "Hirschtal",
    "Hirschweber",
    "Hirschzeiger",
    "Hoffmann",
    "Hofmann",
    "Huber",
    "Hubert",
    "Jung",
    "Keller",
    "Kiefer",
    "Kieselbacher",
    "Kieselbauer",
    "Kieselberg",
    "Kieselhardt",
    "Kieselhof",
    "Kieselhofer",
    "Kieselholzer",
    "Kieselinger",
    "Kieselknecht",
    "Kiesellaufer",
    "Kieselstein",
    "Klein",
    "Koch",
    "Kopp",
    "Kornbrand",
    "Korndorf",
    "Korner",
    "Kornhardt",
    "Kornhof",
    "Kornhofer",
    "Kornholzer",
    "Kornknecht",
    "Kornlaufer",
    "Kornmann",
    "Kornwald",
    "Krause",
    "Kuntz",
    "Kupferader",
    "Kupferbach",
    "Kupferberg",
    "Kupferblick",
    "Kupferbrand",
    "Kupferdorf",
    "Kupferer",
    "Kupferfaust",
    "Kupferhain",
    "Kupferhardt",
    "Kupferhauch",
    "Kupferhofer",
    "Kupferholzer",
    "Kupferkamm",
    "Kupferkamp",
    "Kupferlaufer",
    "Kupfersang",
    "Kupferschrei",
    "Kupferseher",
    "Kupfertal",
    "Kupferweber",
    "Kupferzeiger",
    "Kurz",
    "Köhler",
    "König",
    "Kühn",
    "Lange",
    "Lehmann",
    "Lichtbach",
    "Lichtbauer",
    "Lichtberg",
    "Lichtberger",
    "Lichtbrand",
    "Lichtbringer",
    "Lichter",
    "Lichtheimer",
    "Lichthof",
    "Lichtinger",
    "Lichtkamp",
    "Lichtklau",
    "Lichtklinge",
    "Lichtlaufer",
    "Lichtläufer",
    "Lichtner",
    "Lichtpelz",
    "Lichtrich",
    "Lichtschild",
    "Lichtschrei",
    "Lichtstieg",
    "Lichttal",
    "Lichttanz",
    "Lichtzeiger",
    "Lindebacher",
    "Lindeberg",
    "Lindeberger",
    "Lindefelder",
    "Lindehardt",
    "Lindeheimer",
    "Lindehofer",
    "Lindeholzer",
    "Lindeinger",
    "Lindekamp",
    "Lindestein",
    "Lindeweber",
    "Lorenz",
    "Löweberg",
    "Löwehardt",
    "Löwehofer",
    "Löweholzer",
    "Löwekamp",
    "Löweknecht",
    "Löwelaufer",
    "Löwenberg",
    "Löwenbrand",
    "Löwenhain",
    "Löwenmut",
    "Löwenpelz",
    "Löwenreiter",
    "Löwenschrei",
    "Löwenseher",
    "Löwenstein",
    "Löwerich",
    "Maier",
    "Martin",
    "Meyer",
    "Mondader",
    "Mondbacher",
    "Mondbauer",
    "Mondfall",
    "Mondfang",
    "Mondfaust",
    "Mondgang",
    "Mondhardt",
    "Mondherz",
    "Mondhofer",
    "Mondholzer",
    "Mondinger",
    "Mondklau",
    "Mondlaufer",
    "Mondläufer",
    "Mondmut",
    "Mondrich",
    "Mondschein",
    "Mondschrei",
    "Mondstein",
    "Mondtal",
    "Mondwind",
    "Mondzeiger",
    "Moorbacher",
    "Moorbauer",
    "Moorberger",
    "Moorbrand",
    "Moordorf",
    "Moorer",
    "Moorhardt",
    "Moorhofer",
    "Moormann",
    "Moorner",
    "Moorrich",
    "Moorstein",
    "Moorwald",
    "Morgenberger",
    "Morgenbrand",
    "Morgenfaust",
    "Morgengang",
    "Morgenhain",
    "Morgenhardt",
    "Morgenheimer",
    "Morgenhof",
    "Morgenholzer",
    "Morgenkamp",
    "Morgenklau",
    "Morgenklinge",
    "Morgenknecht",
    "Morgenrich",
    "Morgensang",
    "Morgenschrei",
    "Morgenstein",
    "Morgenstern",
    "Morgentanz",
    "Märtens",
    "Möller",
    "Müller",
    "Nachtader",
    "Nachtberg",
    "Nachtbrand",
    "Nachtfall",
    "Nachtgang",
    "Nachthain",
    "Nachthauch",
    "Nachtklau",
    "Nachtklinge",
    "Nachtlicht",
    "Nachtmut",
    "Nachtstieg",
    "Nebelader",
    "Nebelblick",
    "Nebelbrand",
    "Nebelfang",
    "Nebelgang",
    "Nebelhain",
    "Nebelhauch",
    "Nebelklau",
    "Nebelstieg",
    "Nebeltal",
    "Nebelzeiger",
    "Neumann",
    "Oswald",
    "Peters",
    "Rabeberger",
    "Rabedorf",
    "Rabeer",
    "Rabehof",
    "Rabeknecht",
    "Rabelaufer",
    "Rabenader",
    "Rabenberg",
    "Rabenblick",
    "Rabener",
    "Rabenfang",
    "Rabenklau",
    "Rabensang",
    "Rabenschild",
    "Rabenschrei",
    "Rabenseher",
    "Rabenstieg",
    "Rabenwind",
    "Rabestein",
    "Regenader",
    "Regenberg",
    "Regenbrand",
    "Regenfang",
    "Regenhauch",
    "Regenherz",
    "Regenkamm",
    "Regenklau",
    "Regenmut",
    "Regenpelz",
    "Regensang",
    "Regenseher",
    "Regentanz",
    "Regenwind",
    "Reinhold",
    "Richter",
    "Rosenbauer",
    "Rosendorf",
    "Rosenfelder",
    "Rosenhardt",
    "Rosenhof",
    "Rosenhofer",
    "Roseninger",
    "Rosenknecht",
    "Rosenmann",
    "Rosenrich",
    "Rosenwald",
    "Rosenweber",
    "Rotbauer",
    "Roter",
    "Roth",
    "Rothardt",
    "Rotheimer",
    "Rothofer",
    "Rotholzer",
    "Rotinger",
    "Rotkamp",
    "Rotknecht",
    "Rotlaufer",
    "Rotwald",
    "Schattenberg",
    "Schattenblick",
    "Schattener",
    "Schattenfall",
    "Schattenfang",
    "Schattenfelder",
    "Schattenhain",
    "Schattenhardt",
    "Schattenheimer",
    "Schattenherz",
    "Schattenhofer",
    "Schatteninger",
    "Schattenlicht",
    "Schattenreiter",
    "Schattenrich",
    "Schattensang",
    "Schattenschild",
    "Schattenschrei",
    "Schattenstieg",
    "Schattentanz",
    "Schattenweber",
    "Schattenwind",
    "Schild",
    "Schmidt",
    "Schmidtke",
    "Schneeberger",
    "Schneeblick",
    "Schneeer",
    "Schneefaust",
    "Schneehardt",
    "Schneeherz",
    "Schneehof",
    "Schneehofer",
    "Schneeinger",
    "Schneekamm",
    "Schneeklau",
    "Schneener",
    "Schneepelz",
    "Schneerich",
    "Schneeschild",
    "Schneestein",
    "Schneestieg",
    "Schneewald",
    "Schneewind",
    "Schneezeiger",
    "Schneider",
    "Scholz",
    "Schreiber",
    "Schröder",
    "Schubert",
    "Schulz",
    "Schumacher",
    "Schuster",
    "Schwarz",
    "Schwarzbacher",
    "Schwarzbart",
    "Schwarzberg",
    "Schwarzblick",
    "Schwarzdorf",
    "Schwarzhauch",
    "Schwarzhof",
    "Schwarzhofer",
    "Schwarzholzer",
    "Schwarzklau",
    "Schwarzlaufer",
    "Schwarzlicht",
    "Schwarzmut",
    "Schwarzner",
    "Schwarzrich",
    "Schwarzschrei",
    "Schwarzweber",
    "Schwarzwind",
    "Schwarzzeiger",
    "Schäfer",
    "Seeberg",
    "Seeberger",
    "Seebrand",
    "Seefelder",
    "Seehardt",
    "Seehof",
    "Seehofer",
    "Seeinger",
    "Seekamp",
    "Seener",
    "Seeweber",
    "Seidel",
    "Seifert",
    "Siegfried",
    "Silberbauer",
    "Silberberg",
    "Silberbrand",
    "Silberfall",
    "Silberfaust",
    "Silberfelder",
    "Silberhain",
    "Silberhardt",
    "Silberhauch",
    "Silberhofer",
    "Silberholzer",
    "Silberinger",
    "Silberklau",
    "Silberknecht",
    "Silberlaufer",
    "Silberläufer",
    "Silberrich",
    "Silbersang",
    "Silberschild",
    "Silberschrei",
    "Silberseher",
    "Silberstein",
    "Silbertal",
    "Silbertanz",
    "Silberwind",
    "Silberzeiger",
    "Sommer",
    "Sommerberger",
    "Sommerbrand",
    "Sommerdorf",
    "Sommerfelder",
    "Sommerhof",
    "Sommerholzer",
    "Sommeringer",
    "Sommerner",
    "Sommerstein",
    "Sommerwald",
    "Steinbacher",
    "Steinberg",
    "Steinbock",
    "Steindorf",
    "Steiner",
    "Steinhardt",
    "Steininger",
    "Steinlaufer",
    "Steinner",
    "Steinrich",
    "Steinstein",
    "Steinwall",
    "Steinweber",
    "Sternader",
    "Sternbacher",
    "Sternberg",
    "Sternberger",
    "Sternblick",
    "Sterndorf",
    "Sternfelder",
    "Sterngang",
    "Sternhain",
    "Sternhardt",
    "Sternhauch",
    "Sternherz",
    "Sternhofer",
    "Sternholzer",
    "Sterninger",
    "Sternkamm",
    "Sternklau",
    "Sternklinge",
    "Sternknecht",
    "Sternlaufer",
    "Sternläufer",
    "Sternmut",
    "Sternner",
    "Sternpelz",
    "Sternrich",
    "Sternstein",
    "Sterntal",
    "Sternwald",
    "Sternzeiger",
    "Sturmbauer",
    "Sturmberg",
    "Sturmberger",
    "Sturmblick",
    "Sturmdorf",
    "Sturmer",
    "Sturmfaust",
    "Sturmgang",
    "Sturmhardt",
    "Sturmhauch",
    "Sturmherz",
    "Sturmkamm",
    "Sturmkamp",
    "Sturmklau",
    "Sturmknecht",
    "Sturmlaufer",
    "Sturmmann",
    "Sturmner",
    "Sturmpelz",
    "Sturmreiter",
    "Sturmsang",
    "Sturmwald",
    "Sturmweber",
    "Sturmwind",
    "Sturmzeiger",
    "Talbauer",
    "Talberg",
    "Taler",
    "Talhardt",
    "Talheimer",
    "Talhof",
    "Talhofer",
    "Talkamp",
    "Talknecht",
    "Tallaufer",
    "Talmann",
    "Talrich",
    "Talwald",
    "Ulmbacher",
    "Ulmberger",
    "Ulmbrand",
    "Ulmer",
    "Ulmhardt",
    "Ulmheimer",
    "Ulmhof",
    "Ulmholzer",
    "Ulminger",
    "Ulmstein",
    "Ulrich",
    "Unger",
    "Urban",
    "Vogel",
    "Wagner",
    "Waldbacher",
    "Waldbauer",
    "Waldberger",
    "Walddorf",
    "Walder",
    "Waldhardt",
    "Waldheimer",
    "Waldhofer",
    "Waldinger",
    "Waldknecht",
    "Waldstein",
    "Waldwald",
    "Waldweber",
    "Walter",
    "Weber",
    "Weigel",
    "Weiß",
    "Weißberg",
    "Weißdorf",
    "Weißfelder",
    "Weißheimer",
    "Weißhofer",
    "Weißmann",
    "Wellenberg",
    "Wellengang",
    "Wellenhain",
    "Wellenhauch",
    "Wellenherz",
    "Wellenklau",
    "Wellenklinge",
    "Wellenlicht",
    "Wellenläufer",
    "Wellenmut",
    "Wellenpelz",
    "Wellenschild",
    "Wellenschrei",
    "Wellental",
    "Wellentanz",
    "Werner",
    "Windader",
    "Windbach",
    "Windbacher",
    "Windbauer",
    "Windberg",
    "Windblick",
    "Windbrand",
    "Winddorf",
    "Winder",
    "Windfaust",
    "Windfelder",
    "Windheimer",
    "Windkamm",
    "Windknecht",
    "Windpelz",
    "Windrich",
    "Windsang",
    "Windschild",
    "Windschrei",
    "Windseher",
    "Windstieg",
    "Windwald",
    "Windzeiger",
    "Winkler",
    "Winter",
    "Winterberg",
    "Winterfelder",
    "Winterhardt",
    "Winterhof",
    "Winterhofer",
    "Winterholzer",
    "Winteringer",
    "Wintermann",
    "Winterrich",
    "Winterwald",
    "Winterweber",
    "Wolf",
    "Wolfblick",
    "Wolfbrand",
    "Wolfdorf",
    "Wolffang",
    "Wolfhain",
    "Wolfhardt",
    "Wolfherz",
    "Wolfhof",
    "Wolfklinge",
    "Wolflicht",
    "Wolfner",
    "Wolfpelz",
    "Wolfreiter",
    "Wolfsang",
    "Wolfschild",
    "Wolfseher",
    "Wolfsherz",
    "Wolfstein",
    "Ziegler",
    "Zimmer",
    "Zimmermann"
  ]
}
