{
  "authors": [
    {
      "name": "munichjake",
      "email": "munichjake@dnd-session.de",
      "url": "https://dnd-session.de",
      "github": "https://github.com/munichjake"
    }
  ],
  "description": "English male elf first names",
  "version": "1.0.0",
  "names": [
    "Aeion",
    "Alaion",
    "Araion",
    "Celeion",
    "Elaion",
    "Elaeion",
    "Faeion",
    "Galaion",
    "Iliion",
    "Liaion",
    "Loraion",
    "Melaion",
    "Naion",
    "Olaion",
    "Phaeion",
    "Quaion",
    "Raeion",
    "Sylaion",
    "Talaion",
    "Ulaion",
    "Valaion",
    "Wynion",
    "Xaeion",
    "Ylaion",
    "Zeaion",
    "Aemir",
    "Alamir",
    "Aramir",
    "Celemir",
    "Elamir",
    "Elaemir",
    "Faemir",
    "Galamir",
    "Ilimir",
    "Liamir",
    "Loramir",
    "Melamir",
    "Namir",
    "Olamir",
    "Phaemir",
    "Quamir",
    "Raemir",
    "Sylamir",
    "Talamir",
    "Ulamir",
    "Valamir",
    "Wynmir",
    "Xaemir",
    "Ylamir",
    "Zeamir",
    "Aenor",
    "Alanor",
    "Aranor",
    "Celenor",
    "Elanor",
    "Elaenor",
    "Faenor",
    "Galanor",
    "Ilinor",
    "Lianor",
    "Loranor",
    "Melanor",
    "Nanor",
    "Olanor",
    "Phaenor",
    "Quanor",
    "Raenor",
    "Sylanor",
    "Talanor",
    "Ulanor",
    "Valanor",
    "Wynnor",
    "Xaenor",
    "Ylanor",
    "Zeanor",
    "Aemon",
    "Alamon",
    "Aramon",
    "Celemon",
    "Elamon",
    "Elaemon",
    "Faemon",
    "Galamon",
    "Ilimon",
    "Liamon",
    "Loramon",
    "Melamon",
    "Namon",
    "Olamon",
    "Phaemon",
    "Quamon",
    "Raemon",
    "Sylamon",
    "Talamon",
    "Ulamon",
    "Valamon",
    "Wynmon",
    "Xaemon",
    "Ylamon",
    "Zeamon",
    "Aedrin",
    "Aladrin",
    "Aradrin",
    "Celedrin",
    "Eladrin",
    "Elaedrin",
    "Faedrin",
    "Galadrin",
    "Ilidrin",
    "Liadrin",
    "Loradrin",
    "Meladrin",
    "Nadrin",
    "Oladrin",
    "Phaedrin",
    "Quadrin",
    "Raedrin",
    "Syladrin",
    "Taladrin",
    "Uladrin",
    "Valadrin",
    "Wyndrin",
    "Xaedrin",
    "Yladrin",
    "Zeadrin",
    "Aedil",
    "Aladil",
    "Aradil",
    "Celedil",
    "Eladil",
    "Elaedil",
    "Faedil",
    "Galadil",
    "Ilidil",
    "Liadil",
    "Loradil",
    "Meladil",
    "Nadil",
    "Oladil",
    "Phaedil",
    "Quadil",
    "Raedil",
    "Syladil",
    "Taladil",
    "Uladil",
    "Valadil",
    "Wyndil",
    "Xaedil",
    "Yladil",
    "Zeadil",
    "Aerion",
    "Alarion",
    "Ararion",
    "Celerion",
    "Elarion",
    "Elaerion",
    "Faerion",
    "Galarion",
    "Ilirion",
    "Liarion",
    "Lorarion",
    "Melarion",
    "Narion",
    "Olarion",
    "Phaerion",
    "Quarion",
    "Raerion",
    "Sylarion",
    "Talarion",
    "Ularion",
    "Valarion",
    "Wynrion",
    "Xaerion",
    "Ylarion",
    "Zearion",
    "Aethir",
    "Alathir",
    "Arathir",
    "Celethir",
    "Elathir",
    "Elaethir",
    "Faethir",
    "Galathir",
    "Ilithir",
    "Liathir",
    "Lorathir",
    "Melathir",
    "Nathir",
    "Olathir",
    "Phaethir",
    "Quathir",
    "Raethir",
    "Sylathir",
    "Talathir",
    "Ulathir",
    "Valathir",
    "Wynthir",
    "Xaethir",
    "Ylathir",
    "Zeathir",
    "Aevyn",
    "Alavyn",
    "Aravyn",
    "Celevyn",
    "Elavyn",
    "Elaevyn",
    "Faevyn",
    "Galavyn",
    "Ilivyn",
    "Liavyn",
    "Loravyn",
    "Melavyn",
    "Navyn",
    "Olavyn",
    "Phaevyn",
    "Quavyn",
    "Raevyn",
    "Sylavyn",
    "Talavyn",
    "Ulavyn",
    "Valavyn",
    "Wynvyn",
    "Xaevyn",
    "Ylavyn",
    "Zeavyn",
    "Aedrinion",
    "Aedrielion",
    "Aelianion",
    "Aelithion",
    "Aemirion",
    "Aemonion",
    "Aenanion",
    "Aenelion",
    "Aenorion",
    "Aeraion",
    "Aerielion",
    "Aeriaion",
    "Aerionion",
    "Aerinion",
    "Aerosion",
    "Aesilion",
    "Aesirion",
    "Aethaion",
    "Aethirion",
    "Aethorion",
    "Aevynion",
    "Aewynion",
    "Aeweion",
    "Aeianaion",
    "Aladrinion",
    "Aladrielion",
    "Alalianion",
    "Alalithion",
    "Alamirion",
    "Alamonion",
    "Alananion",
    "Alanelion",
    "Alanorion",
    "Alaraion",
    "Alarielion",
    "Alariaion",
    "Alarionion",
    "Alarinion",
    "Alarosion",
    "Alasilion",
    "Alasirion",
    "Alathaion",
    "Alathirion",
    "Alathorion",
    "Alavynion",
    "Alawynion",
    "Alaweion",
    "Alaianaion",
    "Aradrinion",
    "Aradrielion",
    "Aralianion",
    "Aralithion",
    "Aramirion",
    "Aramonion",
    "Arananion",
    "Aranelion",
    "Aranorion",
    "Araraion",
    "Ararielion",
    "Arariaion",
    "Ararionion",
    "Ararinion",
    "Ararosion",
    "Arasilion",
    "Arasirion",
    "Arathaion",
    "Arathirion",
    "Arathorion",
    "Aravynion",
    "Arawynion",
    "Araweion",
    "Araianaion",
    "Celedrinion",
    "Celedrielion",
    "Celelianion",
    "Celelithion",
    "Celemirion",
    "Celemonion",
    "Celenanion",
    "Celenelion",
    "Celenorion",
    "Celeraion",
    "Celerielion",
    "Celeriaion",
    "Celerionion",
    "Celerinion",
    "Celerosion",
    "Celesilion",
    "Celesirion",
    "Celethaion",
    "Celethirion",
    "Celethorion",
    "Celevynion",
    "Celewynion",
    "Celeweion",
    "Celeianaion",
    "Eladrinion",
    "Eladrielion",
    "Elalianion",
    "Elalithion",
    "Elamirion",
    "Elamonion",
    "Elananion",
    "Elanelion",
    "Elanorion",
    "Elaraion",
    "Elarielion",
    "Elariaion",
    "Elarionion",
    "Elarinion",
    "Elarosion",
    "Elasilion",
    "Elasirion",
    "Elathaion",
    "Elathirion",
    "Elathorion",
    "Elavynion",
    "Elawynion",
    "Elaweion",
    "Elaianaion",
    "Elaedrinion",
    "Elaedrielion",
    "Elaelianion",
    "Elaelithion",
    "Elaemirion",
    "Elaemonion",
    "Elaenanion",
    "Elaenelion",
    "Elaenorion",
    "Elaeraion",
    "Elaerielion",
    "Elaeriaion",
    "Elaerionion",
    "Elaerinion",
    "Elaerosion",
    "Elaesilion",
    "Elaesirion",
    "Elaethaion",
    "Elaethirion",
    "Elaethorion",
    "Elaevynion",
    "Elaewynion",
    "Elaeweion",
    "Elaeianaion",
    "Faedrinion",
    "Faedrielion",
    "Faelianion",
    "Faelithion",
    "Faemirion",
    "Faemonion",
    "Faenanion",
    "Faenelion",
    "Faenorion",
    "Faeraion",
    "Faerielion",
    "Faeriaion",
    "Faerionion",
    "Faerinion",
    "Faerosion",
    "Faesilion",
    "Faesirion",
    "Faethaion",
    "Faethirion",
    "Faethorion",
    "Faevynion",
    "Faewynion",
    "Faeweion",
    "Faeianaion",
    "Galadrinion",
    "Galadrielion",
    "Galalianion",
    "Galalithion",
    "Galamirion",
    "Galamonion",
    "Galananion",
    "Galanelion",
    "Galanorion",
    "Galaraion",
    "Galarielion",
    "Galariaion",
    "Galarionion",
    "Galarinion",
    "Galarosion",
    "Galasilion",
    "Galasirion",
    "Galathaion",
    "Galathirion",
    "Galathorion",
    "Galavynion",
    "Galawynion",
    "Galaweion",
    "Galaianaion",
    "Ilidrinion",
    "Ilidrielion",
    "Ililianion",
    "Ililithion",
    "Ilimirion",
    "Ilimonion",
    "Ilinanion",
    "Ilinelion",
    "Ilinorion",
    "Iliraion",
    "Ilirielion",
    "Iliriaion",
    "Ilirionion",
    "Ilirinion",
    "Ilirosion",
    "Ilisilion",
    "Ilisirion",
    "Ilithaion",
    "Ilithirion",
    "Ilithorion",
    "Ilivynion",
    "Iliwynion",
    "Iliweion",
    "Iliianaion",
    "Liadrinion",
    "Liadrielion",
    "Lialianion",
    "Lialithion",
    "Liamirion",
    "Liamonion",
    "Liananion",
    "Lianelion",
    "Lianorion",
    "Liaraion",
    "Liarielion",
    "Liariaion",
    "Liarionion",
    "Liarinion",
    "Liarosion",
    "Liasilion",
    "Liasirion",
    "Liathaion",
    "Liathirion",
    "Liathorion",
    "Liavynion",
    "Liawynion",
    "Liaweion",
    "Liaianaion",
    "Loradrinion",
    "Loradrielion",
    "Loralianion",
    "Loralithion",
    "Loramirion",
    "Loramonion",
    "Lorananion",
    "Loranelion",
    "Loranorion",
    "Loraraion",
    "Lorarielion",
    "Lorariaion",
    "Lorarionion",
    "Lorarinion",
    "Lorarosion",
    "Lorasilion",
    "Lorasirion",
    "Lorathaion",
    "Lorathirion",
    "Lorathorion",
    "Loravynion",
    "Lorawynion",
    "Loraweion",
    "Loraianaion",
    "Meladrinion",
    "Meladrielion",
    "Melalianion",
    "Melalithion",
    "Melamirion",
    "Melamonion",
    "Melananion",
    "Melanelion",
    "Melanorion",
    "Melaraion",
    "Melarielion",
    "Melariaion",
    "Melarionion",
    "Melarinion",
    "Melarosion",
    "Melasilion",
    "Melasirion",
    "Melathaion",
    "Melathirion",
    "Melathorion",
    "Melavynion",
    "Melawynion",
    "Melaweion",
    "Melaianaion",
    "Nadrinion",
    "Nadrielion",
    "Nalianion",
    "Nalithion",
    "Namirion",
    "Namonion",
    "Nananion",
    "Nanelion",
    "Nanorion",
    "Naraion",
    "Narielion",
    "Nariaion",
    "Narionion",
    "Narinion",
    "Narosion",
    "Nasilion",
    "Nasirion",
    "Nathaion",
    "Nathirion",
    "Nathorion",
    "Navynion",
    "Nawynion",
    "Naweion",
    "Naianaion",
    "Oladrinion",
    "Oladrielion",
    "Olalianion",
    "Olalithion",
    "Olamirion",
    "Olamonion",
    "Olananion",
    "Olanelion",
    "Olanorion",
    "Olaraion",
    "Olarielion",
    "Olariaion",
    "Olarionion",
    "Olarinion",
    "Olarosion",
    "Olasilion",
    "Olasirion",
    "Olathaion",
    "Olathirion",
    "Olathorion",
    "Olavynion",
    "Olawynion",
    "Olaweion",
    "Olaianaion",
    "Phaedrinion",
    "Phaedrielion",
    "Phaelianion",
    "Phaelithion",
    "Phaemirion",
    "Phaemonion",
    "Phaenanion",
    "Phaenelion",
    "Phaenorion",
    "Phaeraion",
    "Phaerielion",
    "Phaeriaion",
    "Phaerionion",
    "Phaerinion",
    "Phaerosion",
    "Phaesilion",
    "Phaesirion",
    "Phaethaion",
    "Phaethirion",
    "Phaethorion",
    "Phaevynion",
    "Phaewynion",
    "Phaeweion",
    "Phaeianaion",
    "Quadrinion",
    "Quadrielion",
    "Qualianion",
    "Qualithion",
    "Quamirion",
    "Quamonion",
    "Quananion",
    "Quanelion",
    "Quanorion",
    "Quaraion",
    "Quarielion",
    "Quariaion",
    "Quarionion",
    "Quarinion",
    "Quarosion",
    "Quasilion",
    "Quasirion",
    "Quathaion",
    "Quathirion",
    "Quathorion",
    "Quavynion",
    "Quawynion",
    "Quaweion",
    "Quaianaion",
    "Raedrinion",
    "Raedrielion",
    "Raelianion",
    "Raelithion",
    "Raemirion",
    "Raemonion",
    "Raenanion",
    "Raenelion",
    "Raenorion",
    "Raeraion",
    "Raerielion",
    "Raeriaion",
    "Raerionion",
    "Raerinion",
    "Raerosion",
    "Raesilion",
    "Raesirion",
    "Raethaion",
    "Raethirion",
    "Raethorion",
    "Raevynion",
    "Raewynion",
    "Raeweion",
    "Raeianaion",
    "Syladrinion",
    "Syladrielion",
    "Sylalianion",
    "Sylalithion",
    "Sylamirion",
    "Sylamonion",
    "Sylananion",
    "Sylanelion",
    "Sylanorion",
    "Sylaraion",
    "Sylarielion",
    "Sylariaion",
    "Sylarionion",
    "Sylarinion",
    "Sylarosion",
    "Sylasilion",
    "Sylasirion",
    "Sylathaion",
    "Sylathirion",
    "Sylathorion",
    "Sylavynion",
    "Sylawynion",
    "Sylaweion",
    "Sylaianaion",
    "Taladrinion",
    "Taladrielion",
    "Talalianion",
    "Talalithion",
    "Talamirion",
    "Talamonion",
    "Talananion",
    "Talanelion",
    "Talanorion",
    "Talaraion",
    "Talarielion",
    "Talariaion",
    "Talarionion",
    "Talarinion",
    "Talarosion",
    "Talasilion",
    "Talasirion",
    "Talathaion",
    "Talathirion",
    "Talathorion",
    "Talavynion",
    "Talawynion",
    "Talaweion",
    "Talaianaion",
    "Uladrinion",
    "Uladrielion",
    "Ulalianion",
    "Ulalithion",
    "Ulamirion",
    "Ulamonion",
    "Ulananion",
    "Ulanelion",
    "Ulanorion",
    "Ularaion",
    "Ularielion",
    "Ulariaion",
    "Ularionion",
    "Ularinion",
    "Ularosion",
    "Ulasilion",
    "Ulasirion",
    "Ulathaion",
    "Ulathirion",
    "Ulathorion",
    "Ulavynion",
    "Ulawynion",
    "Ulaweion",
    "Ulaianaion",
    "Valadrinion",
    "Valadrielion",
    "Valalianion",
    "Valalithion",
    "Valamirion",
    "Valamonion",
    "Valananion",
    "Valanelion",
    "Valanorion",
    "Valaraion",
    "Valarielion",
    "Valariaion",
    "Valarionion",
    "Valarinion",
    "Valarosion",
    "Valasilion",
    "Valasirion",
    "Valathaion",
    "Valathirion",
    "Valathorion",
    "Valavynion",
    "Valawynion",
    "Valaweion",
    "Valaianaion",
    "Wyndrinion",
    "Wyndrielion",
    "Wynlianion",
    "Wynlithion",
    "Wynmirion",
    "Wynmonion",
    "Wynnanion",
    "Wynnelion",
    "Wynnorion",
    "Wynraion",
    "Wynrielion",
    "Wynriaion",
    "Wynrionion",
    "Wynrinion",
    "Wynrosion",
    "Wynsilion",
    "Wynsirion",
    "Wynthaion",
    "Wynthirion",
    "Wynthorion",
    "Wynvynion",
    "Wynwynion",
    "Wynweion",
    "Wynianaion",
    "Xaedrinion",
    "Xaedrielion",
    "Xaelianion",
    "Xaelithion",
    "Xaemirion",
    "Xaemonion",
    "Xaenanion",
    "Xaenelion",
    "Xaenorion",
    "Xaeraion",
    "Xaerielion",
    "Xaeriaion",
    "Xaerionion",
    "Xaerinion",
    "Xaerosion",
    "Xaesilion",
    "Xaesirion",
    "Xaethaion",
    "Xaethirion",
    "Xaethorion",
    "Xaevynion",
    "Xaewynion",
    "Xaeweion",
    "Xaeianaion",
    "Yladrinion",
    "Yladrielion",
    "Ylalianion",
    "Ylalithion",
    "Ylamirion",
    "Ylamonion",
    "Ylananion",
    "Ylanelion",
    "Ylanorion",
    "Ylaraion",
    "Ylarielion",
    "Ylariaion",
    "Ylarionion",
    "Ylarinion",
    "Ylarosion",
    "Ylasilion",
    "Ylasirion",
    "Ylathaion",
    "Ylathirion",
    "Ylathorion",
    "Ylavynion",
    "Ylawynion",
    "Ylaweion",
    "Ylaianaion",
    "Zeadrinion",
    "Zeadrielion",
    "Zealianion",
    "Zealithion",
    "Zeamirion",
    "Zeamonion",
    "Zeananion",
    "Zeanelion",
    "Zeanorion",
    "Zearaion",
    "Zearielion",
    "Zeariaion",
    "Zearionion",
    "Zearinion",
    "Zearosion",
    "Zeasilion",
    "Zeasirion",
    "Zeathaion",
    "Zeathirion",
    "Zeathorion",
    "Zeavynion",
    "Zeawynion",
    "Zeaweion",
    "Zeaianaion",
    "Aedrinmir",
    "Aedrielmir",
    "Aelianmir",
    "Aelithmir",
    "Aemirmir",
    "Aemonmir",
    "Aenanmir",
    "Aenelmir",
    "Aenormir",
    "Aeramir",
    "Aerielmir",
    "Aeriamir",
    "Aerionmir",
    "Aerinmir",
    "Aerosmir",
    "Aesilmir",
    "Aesirmir",
    "Aethamir",
    "Aethirmir",
    "Aethormir",
    "Aevynmir",
    "Aewynmir",
    "Aewemir",
    "Aeianamir",
    "Aladrinmir",
    "Aladrielmir",
    "Alalianmir",
    "Alalithmir",
    "Alamirmir",
    "Alamonmir",
    "Alananmir",
    "Alanelmir",
    "Alanormir",
    "Alaramir",
    "Alarielmir",
    "Alariamir",
    "Alarionmir",
    "Alarinmir",
    "Alarosmir",
    "Alasilmir",
    "Alasirmir",
    "Alathamir",
    "Alathirmir",
    "Alathormir",
    "Alavynmir",
    "Alawynmir",
    "Alawemir",
    "Alaianamir",
    "Aradrinmir",
    "Aradrielmir",
    "Aralianmir",
    "Aralithmir",
    "Aramirmir",
    "Aramonmir",
    "Arananmir",
    "Aranelmir",
    "Aranormir",
    "Araramir",
    "Ararielmir",
    "Arariamir",
    "Ararionmir",
    "Ararinmir",
    "Ararosmir",
    "Arasilmir",
    "Arasirmir",
    "Arathamir",
    "Arathirmir",
    "Arathormir",
    "Aravynmir",
    "Arawynmir",
    "Arawemir",
    "Araianamir",
    "Celedrinmir",
    "Celedrielmir",
    "Celelianmir",
    "Celelithmir",
    "Celemirmir",
    "Celemonmir",
    "Celenanmir",
    "Celenelmir",
    "Celenormir",
    "Celeramir",
    "Celerielmir",
    "Celeriamir",
    "Celerionmir",
    "Celerinmir",
    "Celerosmir",
    "Celesilmir",
    "Celesirmir",
    "Celethamir",
    "Celethirmir",
    "Celethormir",
    "Celevynmir",
    "Celewynmir",
    "Celewemir",
    "Celeianamir",
    "Eladrinmir",
    "Eladrielmir",
    "Elalianmir",
    "Elalithmir",
    "Elamirmir",
    "Elamonmir",
    "Elananmir",
    "Elanelmir",
    "Elanormir",
    "Elaramir",
    "Elarielmir",
    "Elariamir",
    "Elarionmir",
    "Elarinmir",
    "Elarosmir",
    "Elasilmir",
    "Elasirmir",
    "Elathamir",
    "Elathirmir",
    "Elathormir",
    "Elavynmir",
    "Elawynmir",
    "Elawemir",
    "Elaianamir",
    "Elaedrinmir",
    "Elaedrielmir",
    "Elaelianmir",
    "Elaelithmir",
    "Elaemirmir",
    "Elaemonmir",
    "Elaenanmir",
    "Elaenelmir",
    "Elaenormir",
    "Elaeramir",
    "Elaerielmir",
    "Elaeriamir",
    "Elaerionmir",
    "Elaerinmir",
    "Elaerosmir",
    "Elaesilmir",
    "Elaesirmir",
    "Elaethamir",
    "Elaethirmir",
    "Elaethormir",
    "Elaevynmir",
    "Elaewynmir",
    "Elaewemir",
    "Elaeianamir",
    "Faedrinmir",
    "Faedrielmir",
    "Faelianmir",
    "Faelithmir",
    "Faemirmir",
    "Faemonmir",
    "Faenanmir",
    "Faenelmir",
    "Faenormir",
    "Faeramir",
    "Faerielmir",
    "Faeriamir",
    "Faerionmir",
    "Faerinmir",
    "Faerosmir",
    "Faesilmir",
    "Faesirmir",
    "Faethamir",
    "Faethirmir",
    "Faethormir",
    "Faevynmir",
    "Faewynmir",
    "Faewemir",
    "Faeianamir",
    "Galadrinmir",
    "Galadrielmir",
    "Galalianmir",
    "Galalithmir",
    "Galamirmir",
    "Galamonmir",
    "Galananmir",
    "Galanelmir",
    "Galanormir",
    "Galaramir",
    "Galarielmir",
    "Galariamir",
    "Galarionmir",
    "Galarinmir",
    "Galarosmir",
    "Galasilmir",
    "Galasirmir",
    "Galathamir",
    "Galathirmir",
    "Galathormir",
    "Galavynmir",
    "Galawynmir",
    "Galawemir",
    "Galaianamir",
    "Ilidrinmir",
    "Ilidrielmir",
    "Ililianmir",
    "Ililithmir",
    "Ilimirmir",
    "Ilimonmir",
    "Ilinanmir",
    "Ilinelmir",
    "Ilinormir",
    "Iliramir",
    "Ilirielmir",
    "Iliriamir"
  ]
}