{
  "authors": [
    {
      "name": "munichjake",
      "email": "munichjake@dnd-session.de",
      "url": "https://dnd-session.de",
      "github": "https://github.com/munichjake"
    }
  ],
  "description": "Fictional settlements of the dwarf race",
  "version": "1.0.0",
  "settlements": [
    "Khazdum",
    "Khazdin",
    "Khazdun",
    "Khazhammar",
    "Khazhold",
    "Khazhalls",
    "Khazforge",
    "Khazkarak",
    "Khazmount",
    "Khazreach",
    "Khazdelve",
    "Khazkeep",
    "Khazpeak",
    "Khazspire",
    "Khazvault",
    "Khazgate",
    "Khazstone",
    "Khazpass",
    "Khazdeep",
    "Khazmine",
    "Durdum",
    "Durdin",
    "Durdun",
    "Durhammar",
    "Durhold",
    "Durhalls",
    "Durforge",
    "Durkarak",
    "Durmount",
    "Durreach",
    "Durdelve",
    "Durkeep",
    "Durpeak",
    "Durspire",
    "Durvault",
    "Durgate",
    "Durstone",
    "Durpass",
    "Durdeep",
    "Durmine",
    "Bardum",
    "Bardin",
    "Bardun",
    "Barhammar",
    "Barhold",
    "Barhalls",
    "Barforge",
    "Barkarak",
    "Barmount",
    "Barreach",
    "Bardelve",
    "Barkeep",
    "Barpeak",
    "Barspire",
    "Barvault",
    "Bargate",
    "Barstone",
    "Barpass",
    "Bardeep",
    "Barmine",
    "Balindum",
    "Balindin",
    "Balindun",
    "Balinhammar",
    "Balinhold",
    "Balinhalls",
    "Balinforge",
    "Balinkarak",
    "Balinmount",
    "Balinreach",
    "Balindelve",
    "Balinkeep",
    "Balinpeak",
    "Balinspire",
    "Balinvault",
    "Balingate",
    "Balinstone",
    "Balinpass",
    "Balindeep",
    "Balinmine",
    "Bordum",
    "Bordin",
    "Bordun",
    "Borhammar",
    "Borhold",
    "Borhalls",
    "Borforge",
    "Borkarak",
    "Bormount",
    "Borreach",
    "Bordelve",
    "Borkeep",
    "Borpeak",
    "Borspire",
    "Borvault",
    "Borgate",
    "Borstone",
    "Borpass",
    "Bordeep",
    "Bormine",
    "Dumdum",
    "Dumdin",
    "Dumdun",
    "Dumhammar",
    "Dumhold",
    "Dumhalls",
    "Dumforge",
    "Dumkarak",
    "Dummount",
    "Dumreach",
    "Dumdelve",
    "Dumkeep",
    "Dumpeak",
    "Dumspire",
    "Dumvault",
    "Dumgate",
    "Dumstone",
    "Dumpass",
    "Dumdeep",
    "Dummine",
    "Khardum",
    "Khardin",
    "Khardun",
    "Kharhammar",
    "Kharhold",
    "Kharhalls",
    "Kharforge",
    "Kharkarak",
    "Kharmount",
    "Kharreach",
    "Khardelve",
    "Kharkeep",
    "Kharpeak",
    "Kharspire",
    "Kharvault",
    "Khargate",
    "Kharstone",
    "Kharpass",
    "Khardeep",
    "Kharmine",
    "Zuldum",
    "Zuldin",
    "Zuldun",
    "Zulhammar",
    "Zulhold",
    "Zulhalls",
    "Zulforge",
    "Zulkarak",
    "Zulmount",
    "Zulreach",
    "Zuldelve",
    "Zulkeep",
    "Zulpeak",
    "Zulspire",
    "Zulvault",
    "Zulgate",
    "Zulstone",
    "Zulpass",
    "Zuldeep",
    "Zulmine",
    "Throdum",
    "Throdin",
    "Throdun",
    "Throhammar",
    "Throhold",
    "Throhalls",
    "Throforge",
    "Throkarak",
    "Thromount",
    "Throreach",
    "Throdelve",
    "Throkeep",
    "Thropeak",
    "Throspire",
    "Throvault",
    "Throgate",
    "Throstone",
    "Thropass",
    "Throdeep",
    "Thromine",
    "Gimdum",
    "Gimdin",
    "Gimdun",
    "Gimhammar",
    "Gimhold",
    "Gimhalls",
    "Gimforge",
    "Gimkarak",
    "Gimmount",
    "Gimreach",
    "Gimdelve",
    "Gimkeep",
    "Gimpeak",
    "Gimspire",
    "Gimvault",
    "Gimgate",
    "Gimstone",
    "Gimpass",
    "Gimdeep",
    "Gimmine",
    "Gardum",
    "Gardin",
    "Gardun",
    "Garhammar",
    "Garhold",
    "Garhalls",
    "Garforge",
    "Garkarak",
    "Garmount",
    "Garreach",
    "Gardelve",
    "Garkeep",
    "Garpeak",
    "Garspire",
    "Garvault",
    "Gargate",
    "Garstone",
    "Garpass",
    "Gardeep",
    "Garmine",
    "Thordum",
    "Thordin",
    "Thordun",
    "Thorhammar",
    "Thorhold",
    "Thorhalls",
    "Thorforge",
    "Thorkarak",
    "Thormount",
    "Thorreach",
    "Thordelve",
    "Thorkeep",
    "Thorpeak",
    "Thorspire",
    "Thorvault",
    "Thorgate",
    "Thorstone",
    "Thorpass",
    "Thordeep",
    "Thormine",
    "Kazdum",
    "Kazdin",
    "Kazdun",
    "Kazhammar",
    "Kazhold",
    "Kazhalls",
    "Kazforge",
    "Kazkarak",
    "Kazmount",
    "Kazreach",
    "Kazdelve",
    "Kazkeep",
    "Kazpeak",
    "Kazspire",
    "Kazvault",
    "Kazgate",
    "Kazstone",
    "Kazpass",
    "Kazdeep",
    "Kazmine",
    "Mordum",
    "Mordin",
    "Mordun",
    "Morhammar",
    "Morhold",
    "Morhalls",
    "Morforge",
    "Morkarak",
    "Mormount",
    "Morreach",
    "Mordelve",
    "Morkeep",
    "Morpeak",
    "Morspire",
    "Morvault",
    "Morgate",
    "Morstone",
    "Morpass",
    "Mordeep",
    "Mormine",
    "Nordum",
    "Nordin",
    "Nordun",
    "Norhammar",
    "Norhold",
    "Norhalls",
    "Norforge",
    "Norkarak",
    "Normount",
    "Norreach",
    "Nordelve",
    "Norkeep",
    "Norpeak",
    "Norspire",
    "Norvault",
    "Norgate",
    "Norstone",
    "Norpass",
    "Nordeep",
    "Normine",
    "Gulddum",
    "Gulddin",
    "Gulddun",
    "Guldhammar",
    "Guldhold",
    "Guldhalls",
    "Guldforge",
    "Guldkarak",
    "Guldmount",
    "Guldreach",
    "Gulddelve",
    "Guldkeep",
    "Guldpeak",
    "Guldspire",
    "Guldvault",
    "Guldgate",
    "Guldstone",
    "Guldpass",
    "Gulddeep",
    "Guldmine",
    "Falddum",
    "Falddin",
    "Falddun",
    "Faldhammar",
    "Faldhold",
    "Faldhalls",
    "Faldforge",
    "Faldkarak",
    "Faldmount",
    "Faldreach",
    "Falddelve",
    "Faldkeep",
    "Faldpeak",
    "Faldspire",
    "Faldvault",
    "Faldgate",
    "Faldstone",
    "Faldpass",
    "Falddeep",
    "Faldmine",
    "Grunddum",
    "Grunddin",
    "Grunddun",
    "Grundhammar",
    "Grundhold",
    "Grundhalls",
    "Grundforge",
    "Grundkarak",
    "Grundmount",
    "Grundreach",
    "Grunddelve",
    "Grundkeep",
    "Grundpeak",
    "Grundspire",
    "Grundvault",
    "Grundgate",
    "Grundstone",
    "Grundpass",
    "Grunddeep",
    "Grundmine",
    "Kragdum",
    "Kragdin",
    "Kragdun",
    "Kraghammar",
    "Kraghold",
    "Kraghalls",
    "Kragforge",
    "Kragkarak",
    "Kragmount",
    "Kragreach",
    "Kragdelve",
    "Kragkeep",
    "Kragpeak",
    "Kragspire",
    "Kragvault",
    "Kraggate",
    "Kragstone",
    "Kragpass",
    "Kragdeep",
    "Kragmine",
    "Ragdum",
    "Ragdin",
    "Ragdun",
    "Raghammar",
    "Raghold",
    "Raghalls",
    "Ragforge",
    "Ragkarak",
    "Ragmount",
    "Ragreach",
    "Ragdelve",
    "Ragkeep",
    "Ragpeak",
    "Ragspire",
    "Ragvault",
    "Raggate",
    "Ragstone",
    "Ragpass",
    "Ragdeep",
    "Ragmine",
    "Stendum",
    "Stendin",
    "Stendun",
    "Stenhammar",
    "Stenhold",
    "Stenhalls",
    "Stenforge",
    "Stenkarak",
    "Stenmount",
    "Stenreach",
    "Stendelve",
    "Stenkeep",
    "Stenpeak",
    "Stenspire",
    "Stenvault",
    "Stengate",
    "Stenstone",
    "Stenpass",
    "Stendeep",
    "Stenmine",
    "Vuldum",
    "Vuldin",
    "Vuldun",
    "Vulhammar",
    "Vulhold",
    "Vulhalls",
    "Vulforge",
    "Vulkarak",
    "Vulmount",
    "Vulreach",
    "Vuldelve",
    "Vulkeep",
    "Vulpeak",
    "Vulspire",
    "Vulvault",
    "Vulgate",
    "Vulstone",
    "Vulpass",
    "Vuldeep",
    "Vulmine",
    "Zardum",
    "Zardin",
    "Zardun",
    "Zarhammar",
    "Zarhold",
    "Zarhalls",
    "Zarforge",
    "Zarkarak",
    "Zarmount",
    "Zarreach",
    "Zardelve",
    "Zarkeep",
    "Zarpeak",
    "Zarspire",
    "Zarvault",
    "Zargate",
    "Zarstone",
    "Zarpass",
    "Zardeep",
    "Zarmine",
    "Khazdumdum",
    "Khazdumdin",
    "Khazdumdun",
    "Khazdumhammar",
    "Khazdumhold",
    "Khazdumhalls",
    "Khazdumforge",
    "Khazdumkarak",
    "Khazdummount",
    "Khazdumreach",
    "Khazdumdelve",
    "Khazdumkeep",
    "Khazdumpeak",
    "Khazdumspire",
    "Khazdumvault",
    "Khazdumgate",
    "Khazdumstone",
    "Khazdumpass",
    "Khazdumdeep",
    "Khazdummine",
    "Khazdindum",
    "Khazdindin",
    "Khazdindun",
    "Khazdinhammar",
    "Khazdinhold",
    "Khazdinhalls",
    "Khazdinforge",
    "Khazdinkarak",
    "Khazdinmount",
    "Khazdinreach",
    "Khazdindelve",
    "Khazdinkeep",
    "Khazdinpeak",
    "Khazdinspire",
    "Khazdinvault",
    "Khazdingate",
    "Khazdinstone",
    "Khazdinpass",
    "Khazdindeep",
    "Khazdinmine",
    "Khazdundum",
    "Khazdundin",
    "Khazdundun",
    "Khazdunhammar",
    "Khazdunhold",
    "Khazdunhalls",
    "Khazdunforge",
    "Khazdunkarak",
    "Khazdunmount",
    "Khazdunreach",
    "Khazdundelve",
    "Khazdunkeep",
    "Khazdunpeak",
    "Khazdunspire",
    "Khazdunvault",
    "Khazdungate",
    "Khazdunstone",
    "Khazdunpass",
    "Khazdundeep",
    "Khazdunmine",
    "Khazhammardum",
    "Khazhammardin",
    "Khazhammardun",
    "Khazhammarhammar",
    "Khazhammarhold",
    "Khazhammarhalls",
    "Khazhammarforge",
    "Khazhammarkarak",
    "Khazhammarmount",
    "Khazhammarreach",
    "Khazhammardelve",
    "Khazhammarkeep",
    "Khazhammarpeak",
    "Khazhammarspire",
    "Khazhammarvault",
    "Khazhammargate",
    "Khazhammarstone",
    "Khazhammarpass",
    "Khazhammardeep",
    "Khazhammarmine",
    "Khazholddum",
    "Khazholddin",
    "Khazholddun",
    "Khazholdhammar",
    "Khazholdhold",
    "Khazholdhalls",
    "Khazholdforge",
    "Khazholdkarak",
    "Khazholdmount",
    "Khazholdreach",
    "Khazholddelve",
    "Khazholdkeep",
    "Khazholdpeak",
    "Khazholdspire",
    "Khazholdvault",
    "Khazholdgate",
    "Khazholdstone",
    "Khazholdpass",
    "Khazholddeep",
    "Khazholdmine",
    "Khazhallsdum",
    "Khazhallsdin",
    "Khazhallsdun",
    "Khazhallshammar",
    "Khazhallshold",
    "Khazhallshalls",
    "Khazhallsforge",
    "Khazhallskarak",
    "Khazhallsmount",
    "Khazhallsreach",
    "Khazhallsdelve",
    "Khazhallskeep",
    "Khazhallspeak",
    "Khazhallsspire",
    "Khazhallsvault",
    "Khazhallsgate",
    "Khazhallsstone",
    "Khazhallspass",
    "Khazhallsdeep",
    "Khazhallsmine",
    "Khazforgedum",
    "Khazforgedin",
    "Khazforgedun",
    "Khazforgehammar",
    "Khazforgehold",
    "Khazforgehalls",
    "Khazforgeforge",
    "Khazforgekarak",
    "Khazforgemount",
    "Khazforgereach",
    "Khazforgedelve",
    "Khazforgekeep",
    "Khazforgepeak",
    "Khazforgespire",
    "Khazforgevault",
    "Khazforgegate",
    "Khazforgestone",
    "Khazforgepass",
    "Khazforgedeep",
    "Khazforgemine",
    "Khazkarakdum",
    "Khazkarakdin",
    "Khazkarakdun",
    "Khazkarakhammar",
    "Khazkarakhold",
    "Khazkarakhalls",
    "Khazkarakforge",
    "Khazkarakkarak",
    "Khazkarakmount",
    "Khazkarakreach",
    "Khazkarakdelve",
    "Khazkarakkeep",
    "Khazkarakpeak",
    "Khazkarakspire",
    "Khazkarakvault",
    "Khazkarakgate",
    "Khazkarakstone",
    "Khazkarakpass",
    "Khazkarakdeep",
    "Khazkarakmine",
    "Khazmountdum",
    "Khazmountdin",
    "Khazmountdun",
    "Khazmounthammar",
    "Khazmounthold",
    "Khazmounthalls",
    "Khazmountforge",
    "Khazmountkarak",
    "Khazmountmount",
    "Khazmountreach",
    "Khazmountdelve",
    "Khazmountkeep",
    "Khazmountpeak",
    "Khazmountspire",
    "Khazmountvault",
    "Khazmountgate",
    "Khazmountstone",
    "Khazmountpass",
    "Khazmountdeep",
    "Khazmountmine",
    "Khazreachdum",
    "Khazreachdin",
    "Khazreachdun",
    "Khazreachhammar",
    "Khazreachhold",
    "Khazreachhalls",
    "Khazreachforge",
    "Khazreachkarak",
    "Khazreachmount",
    "Khazreachreach",
    "Khazreachdelve",
    "Khazreachkeep",
    "Khazreachpeak",
    "Khazreachspire",
    "Khazreachvault",
    "Khazreachgate",
    "Khazreachstone",
    "Khazreachpass",
    "Khazreachdeep",
    "Khazreachmine",
    "Khazdelvedum",
    "Khazdelvedin",
    "Khazdelvedun",
    "Khazdelvehammar",
    "Khazdelvehold",
    "Khazdelvehalls",
    "Khazdelveforge",
    "Khazdelvekarak",
    "Khazdelvemount",
    "Khazdelvereach",
    "Khazdelvedelve",
    "Khazdelvekeep",
    "Khazdelvepeak",
    "Khazdelvespire",
    "Khazdelvevault",
    "Khazdelvegate",
    "Khazdelvestone",
    "Khazdelvepass",
    "Khazdelvedeep",
    "Khazdelvemine",
    "Khazkeepdum",
    "Khazkeepdin",
    "Khazkeepdun",
    "Khazkeephammar",
    "Khazkeephold",
    "Khazkeephalls",
    "Khazkeepforge",
    "Khazkeepkarak",
    "Khazkeepmount",
    "Khazkeepreach",
    "Khazkeepdelve",
    "Khazkeepkeep",
    "Khazkeeppeak",
    "Khazkeepspire",
    "Khazkeepvault",
    "Khazkeepgate",
    "Khazkeepstone",
    "Khazkeeppass",
    "Khazkeepdeep",
    "Khazkeepmine",
    "Khazpeakdum",
    "Khazpeakdin",
    "Khazpeakdun",
    "Khazpeakhammar",
    "Khazpeakhold",
    "Khazpeakhalls",
    "Khazpeakforge",
    "Khazpeakkarak",
    "Khazpeakmount",
    "Khazpeakreach",
    "Khazpeakdelve",
    "Khazpeakkeep",
    "Khazpeakpeak",
    "Khazpeakspire",
    "Khazpeakvault",
    "Khazpeakgate",
    "Khazpeakstone",
    "Khazpeakpass",
    "Khazpeakdeep",
    "Khazpeakmine",
    "Khazspiredum",
    "Khazspiredin",
    "Khazspiredun",
    "Khazspirehammar",
    "Khazspirehold",
    "Khazspirehalls",
    "Khazspireforge",
    "Khazspirekarak",
    "Khazspiremount",
    "Khazspirereach",
    "Khazspiredelve",
    "Khazspirekeep",
    "Khazspirepeak",
    "Khazspirespire",
    "Khazspirevault",
    "Khazspiregate",
    "Khazspirestone",
    "Khazspirepass",
    "Khazspiredeep",
    "Khazspiremine",
    "Khazvaultdum",
    "Khazvaultdin",
    "Khazvaultdun",
    "Khazvaulthammar",
    "Khazvaulthold",
    "Khazvaulthalls",
    "Khazvaultforge",
    "Khazvaultkarak",
    "Khazvaultmount",
    "Khazvaultreach",
    "Khazvaultdelve",
    "Khazvaultkeep",
    "Khazvaultpeak",
    "Khazvaultspire",
    "Khazvaultvault",
    "Khazvaultgate",
    "Khazvaultstone",
    "Khazvaultpass",
    "Khazvaultdeep",
    "Khazvaultmine",
    "Khazgatedum",
    "Khazgatedin",
    "Khazgatedun",
    "Khazgatehammar",
    "Khazgatehold",
    "Khazgatehalls",
    "Khazgateforge",
    "Khazgatekarak",
    "Khazgatemount",
    "Khazgatereach",
    "Khazgatedelve",
    "Khazgatekeep",
    "Khazgatepeak",
    "Khazgatespire",
    "Khazgatevault",
    "Khazgategate",
    "Khazgatestone",
    "Khazgatepass",
    "Khazgatedeep",
    "Khazgatemine",
    "Khazstonedum",
    "Khazstonedin",
    "Khazstonedun",
    "Khazstonehammar",
    "Khazstonehold",
    "Khazstonehalls",
    "Khazstoneforge",
    "Khazstonekarak",
    "Khazstonemount",
    "Khazstonereach",
    "Khazstonedelve",
    "Khazstonekeep",
    "Khazstonepeak",
    "Khazstonespire",
    "Khazstonevault",
    "Khazstonegate",
    "Khazstonestone",
    "Khazstonepass",
    "Khazstonedeep",
    "Khazstonemine",
    "Khazpassdum",
    "Khazpassdin",
    "Khazpassdun",
    "Khazpasshammar",
    "Khazpasshold",
    "Khazpasshalls",
    "Khazpassforge",
    "Khazpasskarak",
    "Khazpassmount",
    "Khazpassreach",
    "Khazpassdelve",
    "Khazpasskeep",
    "Khazpasspeak",
    "Khazpassspire",
    "Khazpassvault",
    "Khazpassgate",
    "Khazpassstone",
    "Khazpasspass"
  ]
}