{
  "authors": [
    {
      "name": "munichjake",
      "email": "munichjake@dnd-session.de",
      "url": "https://dnd-session.de",
      "github": "https://github.com/munichjake"
    }
  ],
  "description": "Deutsche Beinamen",
  "version": "1.0.1",
  "names": [
    "der Stein",
    "der Segler",
    "der Zornige",
    "der Hammer",
    "der Felsen",
    "der Eisenfaust",
    "der Bergschmied",
    "der Zwergenkönig",
    "der Grubenmeister",
    "der Schildwall",
    "der Blutbart",
    "der Goldgräber",
    "der Runenwächter",
    "der Dunkelste",
    "der Tiefenjäger",
    "der Grobschmied",
    "der Steinkeil",
    "der Feuerbart",
    "der Stahlsinn",
    "der Axtmeister",
    "der Schreckliche",
    "der Erzknecht",
    "der Grollenherz",
    "der Spaltkopf",
    "der Runenbinder",
    "der Schimmernde",
    "der Graubart",
    "der Silberader",
    "der Tunnelbohrer",
    "der Schieferknecht",
    "der Gluthand",
    "der Eichenstamm",
    "der Donnerfaust",
    "der Berggeist",
    "der Höhlenwächter",
    "der Scharfseher",
    "der Eisenschild",
    "der Tiefenschmied",
    "der Geröllmann",
    "der Knochenbrecher",
    "der Felsspalter",
    "der Grollhammer",
    "der Eiserne",
    "der Wächter",
    "der Gesteinige",
    "der Schreckensmann",
    "der Goldfinger",
    "der Hauer",
    "der Schmied",
    "der Grubenmeister",
    "der Tunnelwächter",
    "der Schieferklaue",
    "der Bergfluch",
    "der Axtwerfer",
    "der Zwergenzorn",
    "der Steinmetz",
    "der Bergmann",
    "der Grubenlord",
    "der Schildmeister",
    "der Zwergenherz",
    "der Felsenhauer",
    "der Eichenhieb",
    "der Grauschmied",
    "der Stahlbart",
    "der Runenfaust",
    "der Erdfaust",
    "der Hufschmied",
    "der Blutstein",
    "der Tiefenschlag",
    "der Axt",
    "der Bergbär",
    "der Tunnelkönig",
    "der Felsenwächter",
    "der Steinwall",
    "der Eichenbart",
    "der Feuerfluch",
    "der Stahlsplitter",
    "der Gräber",
    "der Runenwut",
    "der Eisenknecht",
    "der Blutbrecher",
    "der Grobian",
    "der Stahlschild",
    "der Felsenhieb",
    "der Zornbart",
    "der Schieferschlag",
    "der Bergkamm",
    "der Goldfinger",
    "der Zwergenklinge",
    "der Tunnelhieb",
    "der Felsenbrecher",
    "der Bergkristall",
    "der Zwergenschlag",
    "der Stahlschmied",
    "der Grauberg",
    "der Grollenbrecher",
    "der Steinwall",
    "der Felsenhauer",
    "der Zwergenwut",
    "der Bergfluch",
    "der Axtschmied",
    "der Goldbart",
    "der Schieferschmied",
    "der Runenfaust",
    "der Eichenklaue",
    "der Blutklaue",
    "der Felsenhieb",
    "der Grubensturm",
    "der Steinmetz",
    "der Bergzorn",
    "der Tiefenmeister",
    "der Runenklinge",
    "der Eisenbrecher",
    "der Goldhieb",
    "der Tunnelklaue",
    "der Eichenfaust",
    "der Blutschmied",
    "der Felsenzorn",
    "der Grauhauer",
    "der Stahlfaust",
    "der Bergklinge",
    "der Grubenwächter",
    "der Zwergenschmied",
    "der Schieferhieb",
    "der Runenbrecher",
    "der Steinhauer",
    "der Bergklaue",
    "der Tiefenhieb",
    "der Zwergenkönig",
    "der Blutfaust",
    "der Felsenhieb",
    "der Goldbrecher",
    "der Schieferfaust",
    "der Runenschmied",
    "der Eichenhieb",
    "der Stahlschlag",
    "der Tiefenwächter",
    "der Grubenbrecher",
    "der Felsenklinge",
    "der Zwergenschlag",
    "der Bergfaust",
    "der Goldklaue",
    "der Runenhammer",
    "der Schieferschlag",
    "der Eichenbrecher",
    "der Blutklinge",
    "der Stahlhieb",
    "der Tiefenbrecher",
    "der Grubenfaust",
    "der Felsenbrecher",
    "der Zwergenklaue",
    "der Bergklinge",
    "der Goldklinge",
    "der Runenhieb",
    "der Schieferbrecher",
    "der Eichenklinge",
    "der Blutbrecher",
    "der Stahlschmied",
    "der Tiefenklaue",
    "der Grubenwächter",
    "der Felsenwut",
    "der Zwergenhammer",
    "der Bergsturm",
    "der Goldsturm",
    "der Runenklaue",
    "der Schieferwut",
    "der Eichensturm",
    "der Blutwut",
    "der Stahlwut",
    "der Tiefenwut",
    "der Grubenwut",
    "der Felsenhieb",
    "der Zwergenfluch",
    "der Bergfluch",
    "der Goldfluch",
    "der Runenfluch",
    "der Schieferfluch",
    "der Eichenfluch",
    "der Blutfluch",
    "der Stahlfluch",
    "der Tiefenfluch",
    "der Grubenfluch",
    "der Felsenzorn",
    "der Zwergenzorn",
    "der Bergzorn",
    "der Goldzorn",
    "der Runenzorn",
    "der Schieferzorn",
    "der Eichenzorn",
    "der Blutzorn",
    "der Stahlzorn",
    "der Tiefenzorn",
    "der Grubenzorn",
    "der Felsenklaue",
    "der Zwergenklinge",
    "der Bergklinge",
    "der Goldklinge",
    "der Runenklinge",
    "der Schieferklinge",
    "der Eichenklinge",
    "der Blutklinge",
    "der Stahlklinge",
    "der Tiefenklinge",
    "der Grubensturm",
    "der Felsensturm",
    "der Zwergensturm",
    "der Bergsturm",
    "der Goldsturm",
    "der Runensturm",
    "der Schiefersturm",
    "der Eichensturm",
    "der Blutsturm",
    "der Stahlsturm",
    "der Tiefensturm",
    "der Grubenhieb",
    "der Felsenhieb",
    "der Zwergenhieb",
    "der Berglehre",
    "der Goldlehrling",
    "der Runenlehrling",
    "der Schieferlehrling",
    "der Eichenlehrling",
    "der Blutlehrling",
    "der Stahllehrling",
    "der Tiefenlehrling",
    "der Grubenlehrling",
    "der Felsenkünstler",
    "der Zwergenkünstler",
    "der Bergkünstler",
    "der Goldkünstler",
    "der Runenkünstler",
    "der Schieferkünstler",
    "der Eichenkünstler",
    "der Blutkünstler",
    "der Stahlkünstler",
    "der Tiefenkünstler",
    "der Grubenwächter",
    "der Felsenhüter",
    "der Zwergenhüter",
    "der Berghüter",
    "der Goldhüter",
    "der Runenhüter",
    "der Schieferhüter",
    "der Eichenhüter",
    "der Bluthüter",
    "der Stahlschlange",
    "der Tiefenschlange",
    "der Grubenschlange",
    "der Felsenschlange",
    "der Zwergenschlange",
    "der Bergschlange",
    "der Goldschlange",
    "der Runenschlange",
    "der Schieferschlange",
    "der Eichenschlange",
    "der Blutschlange",
    "der Stahlschild",
    "der Tiefenschild",
    "der Grubenschild",
    "der Felsenschild",
    "der Zwergenschild",
    "der Bergschild",
    "der Goldschild",
    "der Runenschild",
    "der Schieferschild",
    "der Eichenschild",
    "der Blutschild",
    "der Stahlfaust",
    "der Tiefenfaust",
    "der Grubenfaust",
    "der Felsenfaust",
    "der Zwergenfaust",
    "der Bergfaust",
    "der Goldfaust",
    "der Runenfaust",
    "der Schieferfaust",
    "der Eichenfaust",
    "der Blutfaust",
    "der Stahlhammmer",
    "der Tiefenhammmer",
    "der Grubenhammmer",
    "der Felsenhammmer",
    "der Zwergenhammmer",
    "der Berggeröll",
    "der Goldgeröll",
    "der Runengeröll",
    "der Schiefergeröll",
    "der Eichengeröll",
    "der Blutgeröll",
    "der Stahlnadel",
    "der Tiefennadel",
    "der Grubennadel",
    "der Felsennadel",
    "der Zwergennadel",
    "der Bergnadel",
    "der Goldnadel",
    "der Runennadel",
    "der Schiefernadel",
    "der Eichennadel",
    "der Bladnadel",
    "der Stahlhieb",
    "der Tiefenhieb",
    "der Grubenhieb",
    "der Felsenhieb",
    "der Zwergenhieb",
    "der Berghieb",
    "der Goldhieb",
    "der Runenhieb",
    "der Schieferhieb",
    "der Eichenhieb",
    "der Bluthieb",
    "der Stahlschmied",
    "der Tiefenschmied",
    "der Grubenschmied",
    "der Felsenschmied",
    "der Zwergenschmied",
    "der Bergschmied",
    "der Goldschmied",
    "der Runenschmied",
    "der Schieferschmied",
    "der Eichenschmied",
    "der Blutschmied",
    "der Stahlklinge",
    "der Tiefenklinge",
    "der Grubenklinge",
    "der Felsenklinge",
    "der Zwergenklinge",
    "der Bergklinge",
    "der Goldklinge",
    "der Runenklinge",
    "der Schieferklinge",
    "der Eichenklinge",
    "der Blutklinge",
    "der Stahlschlag",
    "der Tiefenschlag",
    "der Grubenschlag",
    "der Felsenschlag",
    "der Zwergenschlag",
    "der Bergschlag",
    "der Goldschlag",
    "der Runenschlag",
    "der Schieferschlag",
    "der Eichenschlag",
    "der Blutschlag",
    "der Stahlbrecher",
    "der Tiefenbrecher",
    "der Grubenbrecher",
    "der Felsenbrecher",
    "der Zwergenbrecher",
    "der Bergbrecher",
    "der Goldbrecher",
    "der Runenbrecher",
    "der Schieferbrecher",
    "der Eichenbrecher",
    "der Blutbrecher",
    "der Stahlzorn",
    "der Tiefenzorn",
    "der Grubenzorn",
    "der Felsenzorn",
    "der Zwergenzorn",
    "der Bergzorn",
    "der Goldzorn",
    "der Runenzorn",
    "der Schieferzorn",
    "der Eichenzorn",
    "der Blutzorn",
    "der Stahlschwung",
    "der Tiefenschwung",
    "der Grubenschwung",
    "der Felsenschwung",
    "der Zwergenschwung",
    "der Bergschwung",
    "der Goldschwung",
    "der Runenschwung",
    "der Schieferschwung",
    "der Eichenschwung",
    "der Blutschwung",
    "der Stahlklaue",
    "der Tiefenklaue",
    "der Grubenklave",
    "der Felsenklave",
    "der Zwergenklave",
    "der Bergklave",
    "der Goldklave",
    "der Runenklave",
    "der Schieferklave",
    "der Eichenklave",
    "der Blutklave",
    "der Stahlspitz",
    "der Tiefenspitz",
    "der Grubenspitz",
    "der Felsenspitz",
    "der Zwergenspitz",
    "der Bergspitz",
    "der Goldspitz",
    "der Runenspitz",
    "der Schieferspitz",
    "der Eichenspitz",
    "der Blutspitz",
    "der Stahlhauer",
    "der Tiefenhauer",
    "der Grubenhauer",
    "der Felsenhauer",
    "der Zwergenhauer",
    "der Berghauer",
    "der Goldhauer",
    "der Runenhauer",
    "der Schieferhauer",
    "der Eichenhauer",
    "der Bluthauer",
    "der Stahlfaust",
    "der Tiefenfaust",
    "der Grubenfaust",
    "der Felsenfaust",
    "der Zwergenfaust",
    "der Bergfaust",
    "der Goldfaust",
    "der Runenfaust",
    "der Schieferfaust",
    "der Eichenfaust",
    "der Blutfaust",
    "der Stahlhieb",
    "der Tiefenhieb",
    "der Grubenhieb",
    "der Felsenhieb",
    "der Zwergenhieb",
    "der Berghieb",
    "der Goldhieb",
    "der Runenhieb",
    "der Schieferhieb",
    "der Eichenhieb",
    "der Bluthieb",
    "der Stahlklaue",
    "der Tiefenklaue",
    "der Grubenklave",
    "der Felsenklave",
    "der Zwergenklave",
    "der Bergklave",
    "der Goldklave",
    "der Runenklave",
    "der Schieferklave",
    "der Eichenklave",
    "der Blutklave",
    "der Stahlschild",
    "der Tiefenschild",
    "der Grubenschild",
    "der Felsenschild",
    "der Zwergenschild",
    "der Bergschild",
    "der Goldschild",
    "der Runenschild",
    "der Schieferschild",
    "der Eichenschild",
    "der Blutschild",
    "der Stahlschwung",
    "der Tiefenschwung",
    "der Grubenschwung",
    "der Felsenschwung",
    "der Zwergenschwung",
    "der Bergschwung",
    "der Goldschwung",
    "der Runenschwung",
    "der Schieferschwung",
    "der Eichenschwung",
    "der Blutschwung",
    "der Stahlzorn",
    "der Tiefenzorn",
    "der Grubenzorn",
    "der Felsenzorn",
    "der Zwergenzorn",
    "der Bergzorn",
    "der Goldzorn",
    "der Runenzorn",
    "der Schieferzorn",
    "der Eichenzorn",
    "der Blutzorn",
    "der Stahlbrecher",
    "der Tiefenbrecher",
    "der Grubenbrecher",
    "der Felsenbrecher",
    "der Zwergenbrecher",
    "der Bergbrecher",
    "der Goldbrecher",
    "der Runenbrecher",
    "der Schieferbrecher",
    "der Eichenbrecher",
    "der Blutbrecher",
    "der Stahlschlag",
    "der Tiefenschlag",
    "der Grubenschlag",
    "der Felsenschlag",
    "der Zwergenschlag",
    "der Bergschlag",
    "der Goldschlag",
    "der Runenschlag",
    "der Schieferschlag",
    "der Eichenschlag",
    "der Blutschlag",
    "der Stahlklinge",
    "der Tiefenklinge",
    "der Grubenklinge",
    "der Felsenklinge",
    "der Zwergenklinge",
    "der Bergklinge",
    "der Goldklinge",
    "der Runenklinge",
    "der Schieferklinge",
    "der Eichenklinge",
    "der Blutklinge",
    "der Stahlschmied",
    "der Tiefenschmied",
    "der Grubenschmied",
    "der Felsenschmied",
    "der Zwergenschmied",
    "der Bergschmied",
    "der Goldschmied",
    "der Runenschmied",
    "der Schieferschmied",
    "der Eichenschmied",
    "der Blutschmied",
    "der Stahlhieb",
    "der Tiefenhieb",
    "der Grubenhieb",
    "der Felsenhieb",
    "der Zwergenhieb",
    "der Berghieb",
    "der Goldhieb",
    "der Runenhieb",
    "der Schieferhieb",
    "der Eichenhieb",
    "der Bluthieb",
    "der Stahlnadel",
    "der Tiefennadel",
    "der Grubennadel",
    "der Felsennadel",
    "der Zwergennadel",
    "der Bergnadel",
    "der Goldnadel",
    "der Runennadel",
    "der Schiefernadel",
    "der Eichennadel",
    "der Bladnadel",
    "der Stahlgeröll",
    "der Tiefengeröll",
    "der Grubenbrocken",
    "der Felsenbrocken",
    "der Zwergenbrocken",
    "der Bergbär",
    "der Goldbär",
    "der Runenbär",
    "der Schieferbär",
    "der Eichenbär",
    "der Blutfels",
    "der Stahlfels",
    "der Tiefenfels",
    "der Grubenmann",
    "der Felsmann",
    "der Zwergenmann",
    "der Bergmann",
    "der Goldmann",
    "der Runenmann",
    "der Schiefermann",
    "der Eichenmann",
    "der Blutmann",
    "der Stahlmann",
    "der Tiefenmann",
    "der Grubenfalke",
    "der Felsenfalke",
    "der Zwergenfalke",
    "der Bergfalke",
    "der Goldfalke",
    "der Runenfalke",
    "der Schieferfalke",
    "der Eichenfalke",
    "der Blutfalke",
    "der Stahlfalke",
    "der Tiefenfalke",
    "der Grubenherr",
    "der Felsenherr",
    "der Zwergenherr",
    "der Berggeist",
    "der Goldgeist",
    "der Runengeist",
    "der Schiefergeist",
    "der Eichengeist",
    "der Blutgeist",
    "der Stahlgeist",
    "der Tiefengeist",
    "der Grubenwächter",
    "der Felsenkämpfer",
    "der Zwergenkämpfer",
    "der Bergkämpfer",
    "der Goldkämpfer",
    "der Runenkämpfer",
    "der Schieferkämpfer",
    "der Eichenkämpfer",
    "der Blutkämpfer",
    "der Stahlkämpfer",
    "der Tiefenkämpfer",
    "der Grubenreißer",
    "der Felsenreißer",
    "der Zwergenreißer",
    "der Bergreißer",
    "der Goldreißer",
    "der Runenreißer",
    "der Schieferreißer",
    "der Eichenreißer",
    "der Blutschlitzer",
    "der Stahlschlitzer",
    "der Tiefenschlitzer",
    "der Grubenschlitzer",
    "der Felsenschlitzer",
    "der Zwergenschlitzer",
    "der Bergschlitzer",
    "der Goldschlitzer",
    "der Runenschlitzer",
    "der Schieferschlitzer",
    "der Eichenschlitzer",
    "der Blutschlitzer",
    "der Stahlkönig",
    "der Tiefenkönig",
    "der Grubenkönig",
    "der Felsenkönig",
    "der Zwergenkönig",
    "der Bergkönig",
    "der Goldkönig",
    "der Runenkönig",
    "der Schieferkönig",
    "der Eichenkönig",
    "der Blutkönig",
    "der Stahlschatten",
    "der Tiefenschatten",
    "der Grubenschatten",
    "der Felsenschatten",
    "der Zwergenschatten",
    "der Bergschatten",
    "der Goldschatten",
    "der Runenschatten",
    "der Schieferschatten",
    "der Eichenschatten",
    "der Blutschatten",
    "der Stahlmeister",
    "der Tiefenmeister",
    "der Grubenmeister",
    "der Felsenmeister",
    "der Zwergenmeister",
    "der Bergmeister",
    "der Goldmeister",
    "der Runenmeister",
    "der Schiefermeister",
    "der Eichenmeister",
    "der Blutmeister",
    "der Stahlsucher",
    "der Tiefensucher",
    "der Grubensucher",
    "der Felsensucher",
    "der Zwergensucher",
    "der Bergsucher",
    "der Goldsucher",
    "der Runensucher",
    "der Schiefersucher",
    "der Eichensucher",
    "der Blutsucher",
    "der Stahlwächter",
    "der Tiefenwächter",
    "der Grubenwächter",
    "der Felsenwächter",
    "der Zwergenwächter",
    "der Bergwächter",
    "der Goldwächter",
    "der Runenwächter",
    "der Schieferwächter",
    "der Eichenwächter",
    "der Blutwächter",
    "der Stahlsturm",
    "der Tiefensturm",
    "der Grubensturm",
    "der Felsensturm",
    "der Zwergensturm",
    "der Bergsturm",
    "der Goldsturm",
    "der Runensturm",
    "der Schiefersturm",
    "der Eichensturm",
    "der Blutsturm",
    "der Stahldrachen",
    "der Tiefendrachen",
    "der Grubendrachen",
    "der Felsendrachen",
    "der Zwergendrachen",
    "der Bergdrachen",
    "der Golddrachen",
    "der Runendrachen",
    "der Schieferdrachen",
    "der Eichendrachen",
    "der Blutdrachen",
    "der Stahlschmied",
    "der Tiefenschmied",
    "der Grubenschmied",
    "der Felsenschmied",
    "der Zwergenschmied",
    "der Bergschmied",
    "der Goldschmied",
    "der Runenschmied",
    "der Schieferschmied",
    "der Eichenschmied",
    "der Blutschmied",
    "der Stahlfresser",
    "der Tiefenfresser",
    "der Grubenfresser",
    "der Felsenfresser",
    "der Zwergenfresser",
    "der Bergfresser",
    "der Goldfresser",
    "der Runenfresser",
    "der Schieferfresser",
    "der Eichenfresser",
    "der Blutfresser",
    "der Stahlfluch",
    "der Tiefenfluch",
    "der Grubenfluch",
    "der Felsenfluch",
    "der Zwergenfluch",
    "der Bergfluch",
    "der Goldfluch",
    "der Runenfluch",
    "der Schieferfluch",
    "der Eichenfluch",
    "der Blutfluch",
    "der Stahlgeborene",
    "der Tiefengeborene",
    "der Grubengeborene",
    "der Felsengeborene",
    "der Zwergengeborene",
    "der Berggeborene",
    "der Goldgeborene",
    "der Runengeborene",
    "der Schiefergeborene",
    "der Eichengeborene",
    "der Blutgeborene",
    "der Stahlreißer",
    "der Tiefenreißer",
    "der Grubenreißer",
    "der Felsenreißer",
    "der Zwergenreißer",
    "der Bergreißer",
    "der Goldreißer",
    "der Runenreißer",
    "der Schieferreißer",
    "der Eichenreißer",
    "der Blutreißer",
    "der Stahlwut",
    "der Tiefenwut",
    "der Grubenwut",
    "der Felsenwut",
    "der Zwergenwut",
    "der Bergwut",
    "der Goldwut",
    "der Runenwut",
    "der Schieferwut",
    "der Eichenwut",
    "der Blutwut",
    "der Stahlklang",
    "der Tiefenklang",
    "der Grubenklang",
    "der Felsenklang",
    "der Zwergenklang",
    "der Bergklang",
    "der Goldklang",
    "der Runenklang",
    "der Schieferklang",
    "der Eichenklang",
    "der Blutklang",
    "der Stahlharter",
    "der Tiefenharte",
    "der Grubenharte",
    "der Felsenharte",
    "der Zwergenharte",
    "der Bergharte",
    "der Goldharte",
    "der Runenharte",
    "der Schieferharte",
    "der Eichenharte",
    "der Blutharte",
    "der Stahlkrone",
    "der Tiefenkrone",
    "der Grubenkrone",
    "der Felsenkrone",
    "der Zwergenkrone",
    "der Bergkrone",
    "der Goldkrone",
    "der Runenkrone",
    "der Schieferkrone",
    "der Eichenkrone",
    "der Blutkrone",
    "der Stahlgeister",
    "der Tiefengeister",
    "der Grubengeister",
    "der Felsengeister",
    "der Zwergengeister",
    "der Berggeister",
    "der Goldgeister",
    "der Runengeister",
    "der Schiefergeister",
    "der Eichengeister",
    "der Blutgeister",
    "der Stahlgebieter",
    "der Tiefengebieter",
    "der Grubengebieter",
    "der Felsengebieter",
    "der Zwergengebieter",
    "der Berggebieter",
    "der Goldgebieter",
    "der Runengebieter",
    "der Schiefergebieter",
    "der Eichengebieter",
    "der Blutgebieter",
    "der Stahlherr",
    "der Tiefenherr",
    "der Grubenherr",
    "der Felsenherr",
    "der Zwergenherr",
    "der Bergherr",
    "der Goldherr",
    "der Runenherr",
    "der Schieferherr",
    "der Eichenherr",
    "der Blutherr",
    "der Stahlsippe",
    "der Tiefensippe",
    "der Grubensippe",
    "der Felsensippe",
    "der Zwergensippe",
    "der Bergsippe",
    "der Goldsippe",
    "der Runensippe",
    "der Schiefersippe",
    "der Eichensfippe",
    "der Blutsfippe",
    "der Stahlblut",
    "der Tiefenblut",
    "der Grubenblut",
    "der Felsenblut",
    "der Zwergenblut",
    "der Bergblut",
    "der Goldblut",
    "der Runenblut",
    "der Schieferblut",
    "der Eichenblut",
    "der Blutblut",
    "der Stahldorn",
    "der Tiefendorn",
    "der Grubendorn",
    "der Felsendorn",
    "der Zwergendorn",
    "der Bergdorn",
    "der Golddorn",
    "der Runendorn",
    "der Schieferdrache",
    "der Eichendorn",
    "der Blutdorn",
    "der Stahlhuf",
    "der Tiefenhuf",
    "der Grubenhuf",
    "der Felsenhuf",
    "der Zwergenhuf",
    "der Berghuf",
    "der Goldhuf",
    "der Runenhuf",
    "der Schieferhuf",
    "der Eichenhuf",
    "der Bluthuf",
    "der Stahlstein",
    "der Tiefenstein",
    "der Grubenstein",
    "der Felsenstein",
    "der Zwergenstein",
    "der Bergstein",
    "der Goldstein",
    "der Runenstein",
    "der Schieferstein",
    "der Eichenstein",
    "der Blutstein",
    "der Stahlbaum",
    "der Tiefenbaum",
    "der Grubenbaum",
    "der Felsenbaum",
    "der Zwergenbaum",
    "der Bergbaum",
    "der Goldbaum",
    "der Runenbaum",
    "der Schieferbaum",
    "der Eichenbaum",
    "der Blutbaum",
    "der Stahlerz",
    "der Tiefenerz",
    "der Grubenerz",
    "der Felsenerz",
    "der Zwergenerz",
    "der Bergarz",
    "der Golderz",
    "der Runenerz",
    "der Schiefererz",
    "der Eichenerz",
    "der Bluterz",
    "der Stahlwind",
    "der Tiefenwind",
    "der Grubenwind",
    "der Felsenwind",
    "der Zwergenwind",
    "der Bergwind",
    "der Goldwind",
    "der Runenwind",
    "der Schieferwind",
    "der Eichenwind",
    "der Blutwind",
    "der Stahlschädel",
    "der Tiefenschädel",
    "der Grubenschädel",
    "der Felsenschädel",
    "der Zwergenschädel",
    "der Bergschädel",
    "der Goldschädel",
    "der Runenschädel",
    "der Schieferschädel",
    "der Eichenschädel",
    "der Blutschädel",
    "der Stahlkratzer",
    "der Tiefenkratzer",
    "der Grubenzerstörer",
    "der Felsenkratzer",
    "der Zwergenkratzer",
    "der Bergkratzer",
    "der Goldkratzer",
    "der Runenkratzer",
    "der Schieferkratzer",
    "der Eichenkratzer",
    "der Blutkratzer",
    "der Stahlfeste",
    "der Tiefenfeste",
    "der Grubenfeste",
    "der Felsenfeste",
    "der Zwergenfeste",
    "der Bergfeste",
    "der Goldfeste",
    "der Runenfeste",
    "der Schieferfeste",
    "der Eichenfeste",
    "der Blutfeste",
    "der Stahlgrube",
    "der Tiefengrube",
    "der Grubengrube",
    "der Felsengrube",
    "der Zwergengrube",
    "der Berggrube",
    "der Goldgrube",
    "der Runengrube",
    "der Schiefergrube",
    "der Eichengrube",
    "der Blutgrube",
    "der Stahlspeer",
    "der Tiefenspeer",
    "der Grubenspeer",
    "der Felsenspeer",
    "der Zwergenspeer",
    "der Bergspeer",
    "der Goldspeer",
    "der Runenspeer",
    "der Schieferspeer",
    "der Eichenspeer",
    "der Blutspeer",
    "der Stahlhelm",
    "der Tiefenhelm",
    "der Grubenhelm",
    "der Felsenhelm",
    "der Zwergenhelm",
    "der Berghelm",
    "der Goldhelm",
    "der Runenhelm",
    "der Schieferhelm",
    "der Eichenhelm",
    "der Bluthelm",
    "der Stahlschild",
    "der Tiefenschild",
    "der Grubenschild",
    "der Felsenschild",
    "der Zwergenschild",
    "der Bergschild",
    "der Goldschild",
    "der Runenschild",
    "der Schieferschild",
    "der Eichenschild",
    "der Blutsiegel",
    "der Stahlsiegel",
    "der Tiefensiegel",
    "der Grubensiegel",
    "der Felsensiegel",
    "der Zwergensiegel",
    "der Bergsiegel",
    "der Goldsiegel",
    "der Runensiegel",
    "der Schiefersiegel",
    "der Eichensiegel",
    "der Blutsiegel",
    "der Stahlschmied",
    "der Tiefenschmied",
    "der Grubenschmied",
    "der Felsenschmied",
    "der Zwergenschmied",
    "der Bergschmied",
    "der Goldschmied",
    "der Runenschmied",
    "der Schieferschmied",
    "der Eichenschmied",
    "der Blutschmied",
    "der Stahlspeer",
    "der Tiefenspeer",
    "der Grubenspeer",
    "der Felsenspeer",
    "der Zwergenspeer",
    "der Bergspeer",
    "der Goldspeer",
    "der Runenspeer",
    "der Schieferspeer",
    "der Eichenspeer",
    "der Blutspeer",
    "der Stahlhieb",
    "der Tiefenhieb",
    "der Grubenhieb",
    "der Felsenhieb",
    "der Zwergenhieb",
    "der Berghieb",
    "der Goldhieb",
    "der Runenhieb",
    "der Schieferhieb",
    "der Eichenhieb",
    "der Bluthieb",
    "der Stahldorn",
    "der Tiefendorn",
    "der Grubendorn",
    "der Felsendorn",
    "der Zwergendorn",
    "der Bergdorn",
    "der Golddorn",
    "der Runendorn",
    "der Schieferdrache",
    "der Eichendorn",
    "der Blutdorn",
    "der Stahlklaue",
    "der Tiefenklaue",
    "der Grubenklave",
    "der Felsenklave",
    "der Zwergenklave",
    "der Bergklave",
    "der Goldklave",
    "der Runenklave",
    "der Schieferklave",
    "der Eichenklave",
    "der Blutklave",
    "der Stahlschild",
    "der Tiefenschild",
    "der Grubenschild",
    "der Felsenschild",
    "der Zwergenschild",
    "der Bergschild",
    "der Goldschild",
    "der Runenschild",
    "der Schieferschild",
    "der Eichenschild",
    "der Blutsiegel",
    "der Stahlsiegel",
    "der Tiefensiegel",
    "der Grubensiegel",
    "der Felsensiegel",
    "der Zwergensiegel",
    "der Bergsiegel",
    "der Goldsiegel",
    "der Runensiegel",
    "der Schiefersiegel",
    "der Eichensiegel",
    "der Blutsiegel",
    "der Stahlbaum",
    "der Tiefenbaum",
    "der Grubenbaum",
    "der Felsenbaum",
    "der Zwergenbaum",
    "der Bergbaum",
    "der Goldbaum",
    "der Runenbaum",
    "der Schieferbaum",
    "der Eichenbaum",
    "der Blutbaum",
    "der Stahlwolf",
    "der Tiefenwolf",
    "der Grubenwolf",
    "der Felsenwolf",
    "der Zwergenwolf",
    "der Bergwolf",
    "der Goldwolf",
    "der Runenwolf",
    "der Schieferwolf",
    "der Eichenwolf",
    "der Blutwolf",
    "der Stahlbär",
    "der Tiefenbär",
    "der Grubenbär",
    "der Felsenbär",
    "der Zwergenbär",
    "der Bergbär",
    "der Goldbär",
    "der Runenbär",
    "der Schieferbär",
    "der Eichenbär",
    "der Blutbär",
    "der Stahlkäfer",
    "der Tiefenkäfer",
    "der Grubenbiest",
    "der Felsenkäfer",
    "der Zwergenkäfer",
    "der Bergkäfer",
    "der Goldkäfer",
    "der Runenkäfer",
    "der Schieferkäfer",
    "der Eichenkäfer",
    "der Blutkäfer",
    "der Stahlspitz",
    "der Tiefenspitz",
    "der Grubenspitz",
    "der Felsenspitz",
    "der Zwergenspitz",
    "der Bergspitz",
    "der Goldspitz",
    "der Runenspitz",
    "der Schieferspitz",
    "der Eichenspitz",
    "der Blutspecht",
    "der Stahlspecht",
    "der Tiefenspecht",
    "der Grubenspecht",
    "der Felsenspecht",
    "der Zwergenspecht",
    "der Bergspecht",
    "der Goldspecht",
    "der Runenspecht",
    "der Schieferspecht",
    "der Eichenspecht",
    "der Blutspecht",
    "der Stahlnarr",
    "der Tiefennarr",
    "der Grubennarr",
    "der Felsennarr",
    "der Zwergennarr",
    "der Bergnarr",
    "der Goldnarr",
    "der Runennarr",
    "der Schiefernarr",
    "der Eichennarr",
    "der Bläutling",
    "der Stahllieb",
    "der Tiefenliebling",
    "der Grubenliebling",
    "der Felsenliebling",
    "der Zwergenliebling",
    "der Bergdachs",
    "der Golddachs",
    "der Runendachs",
    "der Schieferdachs",
    "der Eichendachs",
    "der Blutdachs",
    "der Stahldachs",
    "der Tiefendachs",
    "der Grubendachs",
    "der Felsendachs",
    "der Zwergendachs",
    "der Bergdachs",
    "der Golddachs",
    "der Runendachs",
    "der Schieferdachs",
    "der Eichendachs",
    "der Blutdachs",
    "der Stahlzunge",
    "der Tiefenzunge",
    "der Grubenzunge",
    "der Felsenzunge",
    "der Zwergenzunge",
    "der Bergzunge",
    "der Goldzunge",
    "der Runenzunge",
    "der Schieferzunge",
    "der Eichenzunge",
    "der Blutzunge",
    "der Stahlklinge",
    "der Tiefenklinge",
    "der Grubenklinge",
    "der Felsenklinge",
    "der Zwergenklinge",
    "der Bergklinge",
    "der Goldklinge",
    "der Runenklinge",
    "der Schieferklinge",
    "der Eichenklinge",
    "der Blutklinge",
    "der Stahlscherbe",
    "der Tiefenscherbe",
    "der Grubenscherbe",
    "der Felsenscherbe",
    "der Zwergenschere",
    "der Bergscherbe",
    "der Goldscherbe",
    "der Runenscherbe",
    "der Schieferscherbe",
    "der Eichenscherbe",
    "der Blutscherbe",
    "der Stahlzahn",
    "der Tiefenzahn",
    "der Grubenzahn",
    "der Felsenzahn",
    "der Zwergenzahn",
    "der Bergzahn",
    "der Goldzahn",
    "der Runenzahn",
    "der Schieferzahn",
    "der Eichenzahn",
    "der Blutzahn",
    "der Stahlbart",
    "der Tiefenbart",
    "der Grubenbart",
    "der Felsenbart",
    "der Zwergenbart",
    "der Bergwächter",
    "der Goldwächter",
    "der Runenwächter",
    "der Schieferwächter",
    "der Eichenwächter",
    "der Blutwächter",
    "der Stahlschwinger",
    "der Tiefenschwinger",
    "der Grubenschwinger",
    "der Felsenschwinger",
    "der Zwergenschwinger",
    "der Bergschwinger",
    "der Goldschwinger",
    "der Runenschwinger",
    "der Schieferschwinger",
    "der Eichenschwinger",
    "der Blutschwinger",
    "der Stahlmeister",
    "der Tiefenmeister",
    "der Grubenmeister",
    "der Felsenmeister",
    "der Zwergenmeister",
    "der Bergmeister",
    "der Goldmeister",
    "der Runenmeister",
    "der Schiefermeister",
    "der Eichenmeister",
    "der Blutmeister",
    "der Stahlharter",
    "der Tiefenharte",
    "der Grubenharte",
    "der Felsenharte",
    "der Zwergenharte",
    "der Bergharte",
    "der Goldharte",
    "der Runenharte",
    "der Schieferharte",
    "der Eichenharte",
    "der Blutharte",
    "der Stahlgebieter",
    "der Tiefengebieter",
    "der Grubengebieter",
    "der Felsengebieter",
    "der Zwergengebieter",
    "der Berggebieter",
    "der Goldgebieter",
    "der Runengebieter",
    "der Schiefergebieter",
    "der Eichengebieter",
    "der Blutgebieter",
    "der Stahldachs",
    "der Tiefendachs",
    "der Grubendachs",
    "der Felsendachs",
    "der Zwergendachs",
    "der Bergdachs",
    "der Golddachs",
    "der Runendachs",
    "der Schieferdachs",
    "der Eichendachs",
    "der Blutdachs"
  ]
}