{
  "authors": [
    {
      "name": "munichjake",
      "email": "munichjake@dnd-session.de",
      "url": "https://dnd-session.de",
      "github": "https://github.com/munichjake"
    }
  ],
  "description": "English human surnames",
  "version": "1.0.1",
  "names": [
    "Abernathy",
    "Albrechtson",
    "Albright",
    "Alden",
    "Aldridge",
    "Aldwin",
    "Alistair",
    "Allerton",
    "Amesbury",
    "Ancel",
    "Anson",
    "Archer",
    "Arden",
    "Argyle",
    "Arnott",
    "Atherton",
    "Audley",
    "August",
    "Baines",
    "Baird",
    "Baldwin",
    "Balfour",
    "Ballantine",
    "Barclay",
    "Barnaby",
    "Barnes",
    "Barrett",
    "Barrington",
    "Barrow",
    "Barton",
    "Baxter",
    "Beauregard",
    "Bedford",
    "Belgrave",
    "Bellingham",
    "Benedict",
    "Bennett",
    "Benson",
    "Bentley",
    "Bernard",
    "Berwick",
    "Billings",
    "Bishop",
    "Blackwood",
    "Blake",
    "Blount",
    "Boddington",
    "Bolingbroke",
    "Bolton",
    "Booth",
    "Bradford",
    "Brady",
    "Bramwell",
    "Branford",
    "Braithwaite",
    "Bremner",
    "Brewster",
    "Bridgewater",
    "Bristow",
    "Broadhurst",
    "Bromfield",
    "Brooke",
    "Broom",
    "Browning",
    "Buchanan",
    "Burford",
    "Burgess",
    "Burke",
    "Burrows",
    "Burton",
    "Byfield",
    "Byron",
    "Caine",
    "Caldwell",
    "Calloway",
    "Calvert",
    "Camden",
    "Campbell",
    "Cantor",
    "Carlisle",
    "Carrington",
    "Carroll",
    "Carson",
    "Carter",
    "Cartwright",
    "Cavendish",
    "Cecil",
    "Chadwick",
    "Chambers",
    "Chandler",
    "Chapman",
    "Charlton",
    "Cheswick",
    "Cholmondeley",
    "Claiborne",
    "Clarkson",
    "Claymore",
    "Clayton",
    "Clement",
    "Clifford",
    "Cobb",
    "Coburn",
    "Cochrane",
    "Cody",
    "Coleman",
    "Collier",
    "Collins",
    "Compton",
    "Connolly",
    "Conway",
    "Corbin",
    "Cordell",
    "Coventry",
    "Cowell",
    "Crawford",
    "Cresswell",
    "Croft",
    "Crowley",
    "Cullen",
    "Cunnings",
    "Curtis",
    "Dalton",
    "Darby",
    "Darcey",
    "Davenport",
    "Davies",
    "Dawson",
    "Day",
    "Deacon",
    "Devereux",
    "Dexter",
    "Digby",
    "Dixon",
    "Dodson",
    "Donovan",
    "Dorchester",
    "Douglas",
    "Downing",
    "Dudley",
    "Duffield",
    "Dunbar",
    "Duncan",
    "Dunning",
    "Durham",
    "Dwight",
    "Eardley",
    "Eastman",
    "Eaton",
    "Eccles",
    "Edwards",
    "Egerton",
    "Eldridge",
    "Ellesmere",
    "Elliott",
    "Ellis",
    "Ellison",
    "Elmsley",
    "Elton",
    "Endicott",
    "Erskine",
    "Essex",
    "Evans",
    "Everard",
    "Eversley",
    "Ewing",
    "Fairfax",
    "Fairchild",
    "Farnsworth",
    "Farrell",
    "Faulkner",
    "Fenton",
    "Finch",
    "Findlay",
    "Finch",
    "Fisher",
    "Fitzwilliam",
    "Fletcher",
    "Flint",
    "Floyd",
    "Foley",
    "Forbes",
    "Forrester",
    "Forsyth",
    "Foster",
    "Fowler",
    "Fox",
    "Francis",
    "Franklyn",
    "Fraser",
    "Freeman",
    "Fuller",
    "Fulton",
    "Furnival",
    "Gage",
    "Gainsborough",
    "Galloway",
    "Gardiner",
    "Garrett",
    "Garroway",
    "Gates",
    "Gaunt",
    "Geddes",
    "Gerrard",
    "Gibson",
    "Gifford",
    "Gilbert",
    "Gilchrist",
    "Gillam",
    "Gladstone",
    "Glenville",
    "Gower",
    "Graham",
    "Grant",
    "Graves",
    "Gray",
    "Greene",
    "Greenwood",
    "Gregory",
    "Greystone",
    "Griffith",
    "Groom",
    "Grove",
    "Gunn",
    "Guthrie",
    "Hackney",
    "Hadley",
    "Haines",
    "Halstead",
    "Hampton",
    "Hancock",
    "Hanford",
    "Harding",
    "Hargrave",
    "Harper",
    "Harrington",
    "Harris",
    "Harrison",
    "Hart",
    "Hartley",
    "Harvey",
    "Hastings",
    "Haverford",
    "Hayes",
    "Haywood",
    "Healy",
    "Heathcote",
    "Hemsley",
    "Henderson",
    "Hendry",
    "Henley",
    "Henson",
    "Herbert",
    "Hereford",
    "Herne",
    "Hewett",
    "Hicks",
    "Higgins",
    "Hill",
    "Hilton",
    "Hobbs",
    "Hobson",
    "Holden",
    "Hollingworth",
    "Holbrook",
    "Holmes",
    "Hooper",
    "Hornsby",
    "Horton",
    "Hoskins",
    "Howard",
    "Howland",
    "Hudson",
    "Hughes",
    "Hume",
    "Humphrey",
    "Hunt",
    "Hunter",
    "Huntingdon",
    "Hurley",
    "Hurst",
    "Hutton",
    "Hyde",
    "Iddleson",
    "Ingoldsby",
    "Innes",
    "Inverleigh",
    "Ireland",
    "Ironside",
    "Irving",
    "Irwin",
    "Ives",
    "Jackson",
    "James",
    "Jameson",
    "Jardine",
    "Jarrett",
    "Jarvis",
    "Jefferson",
    "Jenkins",
    "Jennings",
    "Jensen",
    "Jenson",
    "Jerome",
    "Jessop",
    "Jocelyn",
    "Johnson",
    "Johnstone",
    "Jones",
    "Jordan",
    "Joyce",
    "Judson",
    "Kane",
    "Keating",
    "Kendall",
    "Kennedy",
    "Kent",
    "Kerr",
    "Kilpatrick",
    "Kimber",
    "King",
    "Kingston",
    "Kirby",
    "Kirk",
    "Knight",
    "Knox",
    "Kyle",
    "Lacy",
    "Laird",
    "Lake",
    "Lambert",
    "Lancaster",
    "Landen",
    "Landon",
    "Langdon",
    "Langford",
    "Langley",
    "Lathrop",
    "Laurence",
    "Lawson",
    "Layton",
    "Leary",
    "Lennox",
    "Leonard",
    "Levens",
    "Lewis",
    "Lincoln",
    "Lindon",
    "Lindsay",
    "Linton",
    "Livingston",
    "Lockwood",
    "Logan",
    "Lombard",
    "Lomax",
    "Longfellow",
    "Lowndes",
    "Lucas",
    "Lumley",
    "Lynn",
    "Lyons",
    "Maitland",
    "Malcolm",
    "Mallory",
    "Manning",
    "Mansfield",
    "Marbury",
    "Markham",
    "Marlo",
    "Marsden",
    "Marshall",
    "Martin",
    "Massey",
    "Maxwell",
    "Mayfair",
    "McCullen",
    "McDermott",
    "McDonald",
    "McKenzie",
    "McKnight",
    "Meadows",
    "Melton",
    "Melville",
    "Mercer",
    "Meredith",
    "Merton",
    "Middleton",
    "Miller",
    "Mills",
    "Mitford",
    "Monroe",
    "Montague",
    "Montgomery",
    "Moore",
    "Morland",
    "Morrell",
    "Morris",
    "Morrison",
    "Mortimer",
    "Morton",
    "Murdoch",
    "Murphy",
    "Murray",
    "Musgrave",
    "Myers",
    "Napier",
    "Nash",
    "Naylor",
    "Neale",
    "Needham",
    "Nelson",
    "Nesbitt",
    "Neville",
    "Newton",
    "Nicholson",
    "Nield",
    "Nightingale",
    "Nixon",
    "Norris",
    "North",
    "Norton",
    "Nutter",
    "Oakes",
    "Oakley",
    "Oban",
    "O'Connell",
    "O'Donnell",
    "Ogilvy",
    "Oldham",
    "O'Malley",
    "O'Neil",
    "Osborn",
    "Osborne",
    "Oswald",
    "Owens",
    "Oxley",
    "Page",
    "Palmer",
    "Pargrave",
    "Parker",
    "Parkinson",
    "Parsons",
    "Partridge",
    "Paterson",
    "Pearson",
    "Peck",
    "Pendleton",
    "Penhaligon",
    "Pennington",
    "Percy",
    "Perivale",
    "Perkins",
    "Perry",
    "Peters",
    "Peterson",
    "Peyton",
    "Phelps",
    "Phillips",
    "Pindar",
    "Piper",
    "Pitt",
    "Pollard",
    "Porter",
    "Powell",
    "Prentiss",
    "Preston",
    "Price",
    "Pritchard",
    "Proctor",
    "Pyle",
    "Quain",
    "Quartermaine",
    "Quinn",
    "Quintrell",
    "Radcliffe",
    "Radford",
    "Ramsey",
    "Randall",
    "Randolph",
    "Rawlins",
    "Redmond",
    "Reed",
    "Reeves",
    "Reid",
    "Remington",
    "Renfrew",
    "Reynard",
    "Reynolds",
    "Rhodes",
    "Rhys",
    "Rich",
    "Richards",
    "Richardson",
    "Richmond",
    "Rigg",
    "Ripley",
    "Rivers",
    "Roberts",
    "Robertson",
    "Robinson",
    "Roche",
    "Rodgers",
    "Rogers",
    "Roland",
    "Rolleston",
    "Rose",
    "Ross",
    "Rothwell",
    "Rowland",
    "Rowley",
    "Royle",
    "Rumsford",
    "Russell",
    "Rutherford",
    "Ryland",
    "Sadler",
    "St. Clair",
    "St. John",
    "Salisbury",
    "Sampson",
    "Sanders",
    "Sandford",
    "Sanderson",
    "Sandison",
    "Sanford",
    "Saunders",
    "Sawyer",
    "Scofield",
    "Scott",
    "Selby",
    "Seymour",
    "Shannon",
    "Sharp",
    "Sharpe",
    "Shaw",
    "Sheldon",
    "Shepard",
    "Shepherd",
    "Sherman",
    "Shippen",
    "Shirley",
    "Siddons",
    "Simmons",
    "Simpson",
    "Sinclair",
    "Singleton",
    "Skinner",
    "Slade",
    "Smedley",
    "Smith",
    "Smythe",
    "Snowdon",
    "Sommers",
    "Southey",
    "Sparks",
    "Spencer",
    "Spooner",
    "Stables",
    "Stafford",
    "Stanhope",
    "Stanley",
    "Stanton",
    "Stapleton",
    "Stark",
    "Steadman",
    "Stephens",
    "Sterling",
    "Stevenson",
    "Stewart",
    "Stiles",
    "Stone",
    "Strickland",
    "Stubbs",
    "Summers",
    "Sutton",
    "Swann",
    "Swift",
    "Swinburne",
    "Sykes",
    "Talbot",
    "Tanner",
    "Tarrant",
    "Tate",
    "Taylor",
    "Templeton",
    "Tennison",
    "Thackery",
    "Thayer",
    "Thompson",
    "Thomson",
    "Thorne",
    "Thornton",
    "Thorpe",
    "Thurston",
    "Tidswell",
    "Tilton",
    "Todd",
    "Townsend",
    "Travers",
    "Travis",
    "Trellis",
    "Trevor",
    "Truesdale",
    "Tucker",
    "Tudor",
    "Turnbull",
    "Turner",
    "Twiss",
    "Twyman",
    "Tyrrell",
    "Tyson",
    "Underwood",
    "Unwin",
    "Upton",
    "Urquhart",
    "Vance",
    "Vane",
    "Vaughan",
    "Venables",
    "Verrall",
    "Vincent",
    "Vivian",
    "Vokes",
    "Waddell",
    "Wade",
    "Wagner",
    "Wainwright",
    "Waite",
    "Walden",
    "Waldron",
    "Walker",
    "Wall",
    "Wallace",
    "Walsh",
    "Walton",
    "Ward",
    "Warfield",
    "Warwick",
    "Washington",
    "Watkins",
    "Watson",
    "Watts",
    "Weaver",
    "Webb",
    "Webster",
    "Wells",
    "Wentworth",
    "Wesley",
    "West",
    "Westbrook",
    "Weston",
    "Wheeler",
    "Whetstone",
    "Whitaker",
    "Whitbread",
    "White",
    "Whitefield",
    "Whitehead",
    "Whiteman",
    "Whittington",
    "Wicker",
    "Wiggins",
    "Wilde",
    "Wilding",
    "Wilkins",
    "Wilkinson",
    "Williams",
    "Williamson",
    "Willis",
    "Willoughby",
    "Wilmot",
    "Wilson",
    "Winchester",
    "Winder",
    "Windham",
    "Windsor",
    "Winston",
    "Winter",
    "Winterbourne",
    "Winton",
    "Wood",
    "Woodburn",
    "Woodford",
    "Woods",
    "Woodward",
    "Worthington",
    "Wylie",
    "Wyndham",
    "Yardley",
    "Yarwood",
    "Yates",
    "Young",
    "Yule",
    "Adair",
    "Alistair",
    "Arden",
    "Aris",
    "Audric",
    "Beren",
    "Blackwood",
    "Bramble",
    "Briar",
    "Brynn",
    "Caldwell",
    "Calder",
    "Caine",
    "Callan",
    "Caron",
    "Cassian",
    "Cinder",
    "Coen",
    "Cullen",
    "Darian",
    "Dane",
    "Darien",
    "Devereaux",
    "Dunhill",
    "Emrys",
    "Fenris",
    "Finn",
    "Gawain",
    "Gideon",
    "Glynn",
    "Grayson",
    "Griffin",
    "Hadrian",
    "Hawthorn",
    "Hemlock",
    "Holden",
    "Isen",
    "Jareth",
    "Jaskier",
    "Jorah",
    "Kael",
    "Kellan",
    "Kendrick",
    "Kendry",
    "Larkin",
    "Lennox",
    "Lorien",
    "Lucan",
    "Mael",
    "Malachi",
    "Merric",
    "Morwen",
    "Nevin",
    "Oberon",
    "Orion",
    "Orrin",
    "Padraig",
    "Peregrine",
    "Rael",
    "Rafe",
    "Raven",
    "Roan",
    "Ryker",
    "Seraphina",
    "Sorin",
    "Taran",
    "Thane",
    "Torvin",
    "Uther",
    "Valerius",
    "Veridian",
    "Vesper",
    "Weston",
    "Whitlock",
    "Wyld",
    "Wulfric",
    "Zane",
    "Zephyr",
    "Ashwood",
    "Blackbriar",
    "Blackstone",
    "Broadfoot",
    "Brook",
    "Cole",
    "Cooper",
    "Cross",
    "Field",
    "Fletcher",
    "Forrest",
    "Grey",
    "Hadley",
    "Hall",
    "Hartley",
    "Haven",
    "Heath",
    "Hemlock",
    "Ironforge",
    "Ironwood",
    "Lancaster",
    "Longbow",
    "Longbottom",
    "Longstride",
    "Northwood",
    "Oakhart",
    "Oakwood",
    "Rivers",
    "Rosewood",
    "Shadowmere",
    "Silverhand",
    "Silverwood",
    "Stone",
    "Stonewall",
    "Thorne",
    "Thornhill",
    "Thistletop",
    "Trueheart",
    "West",
    "Whitewater",
    "Windfield",
    "Winterwood",
    "Wood",
    "Woods",
    "Woodsworth",
    "Woodwick",
    "Wright",
    "Barrow",
    "Beck",
    "Belden",
    "Bingham",
    "Bristow",
    "Carden",
    "Charlton",
    "Colby",
    "Corby",
    "Cray",
    "Drayton",
    "Elms",
    "Endicott",
    "Fallow",
    "Gables",
    "Hawes",
    "Holbrook",
    "Holcombe",
    "Ingalls",
    "Langley",
    "Leyton",
    "Marsden",
    "Morley",
    "Northrup",
    "Paddock",
    "Prescott",
    "Rayner",
    "Redpath",
    "Redding",
    "Rycroft",
    "Saffron",
    "Sedgewick",
    "Stables",
    "Stanton",
    "Sutton",
    "Trowbridge",
    "Welling",
    "Westcott",
    "Wharton",
    "Wicker",
    "Winstanley",
    "Yarborough",
    "Yelverton",
    "Arden",
    "Avery",
    "Baker",
    "Baldwin",
    "Baxter",
    "Birch",
    "Black",
    "Bolton",
    "Bowman",
    "Bridges",
    "Brooks",
    "Brown",
    "Burns",
    "Burton",
    "Carter",
    "Carver",
    "Chambers",
    "Chapman",
    "Clarke",
    "Collier",
    "Cooper",
    "Crowley",
    "Davies",
    "Davis",
    "Day",
    "Doyle",
    "Drake",
    "Dyer",
    "Edmonds",
    "Edwards",
    "Elliott",
    "Ellis",
    "Evans",
    "Fisher",
    "Foley",
    "Ford",
    "Foster",
    "Fox",
    "Francis",
    "Franklin",
    "Freeman",
    "Garner",
    "Gibson",
    "Graham",
    "Gray",
    "Green",
    "Gregory",
    "Hale",
    "Hall",
    "Harding",
    "Harper",
    "Harris",
    "Harrison",
    "Hart",
    "Harvey",
    "Hawkins",
    "Hayes",
    "Henderson",
    "Hill",
    "Holmes",
    "Howard",
    "Hughes",
    "Hunt",
    "Hunter",
    "Jackson",
    "Jacobs",
    "James",
    "Jefferson",
    "Jenkins",
    "Johnson",
    "Jones",
    "Kelly",
    "King",
    "Knight",
    "Lee",
    "Lewis",
    "Long",
    "Martin",
    "Mason",
    "Miller",
    "Mills",
    "Moore",
    "Morgan",
    "Morris",
    "Nelson",
    "Newman",
    "Norton",
    "Owens",
    "Parker",
    "Patterson",
    "Payne",
    "Pearson",
    "Perkins",
    "Perry",
    "Phillips",
    "Price",
    "Randall",
    "Reed",
    "Reynolds",
    "Richards",
    "Richardson",
    "Roberts",
    "Robinson",
    "Rose",
    "Russell",
    "Sanders",
    "Scott",
    "Shaw",
    "Simpson",
    "Smith",
    "Spencer",
    "Stephens",
    "Stevenson",
    "Stewart",
    "Stone",
    "Sutton",
    "Taylor",
    "Thomas",
    "Thompson",
    "Thorpe",
    "Townsend",
    "Turner",
    "Walker",
    "Wallace",
    "Ward",
    "Warren",
    "Webb",
    "West",
    "White",
    "Williams",
    "Wilson",
    "Wood",
    "Wright",
    "Wyatt",
    "Young",
    "Abbot",
    "Ashton",
    "Banks",
    "Bell",
    "Bennett"
  ]
}