{
  "authors": [
    {
      "name": "munichjake",
      "email": "munichjake@dnd-session.de",
      "url": "https://dnd-session.de",
      "github": "https://github.com/munichjake"
    }
  ],
  "description": "Deutsche Beinamen",
  "version": "1.0.0",
  "names": [
    "der Gerechte",
    "der Segensreiche",
    "der Leuchtende",
    "der Strahlende",
    "der Glänzende",
    "der Erleuchtete",
    "der Hehre",
    "der Himmlische",
    "der Gesegnete",
    "der Erhabene",
    "der Gütige",
    "der Reine",
    "der Goldene",
    "der Helle",
    "der Ewigwachende",
    "der Unbefleckte",
    "der Fromme",
    "der Friedvolle",
    "der Sanftmütige",
    "der Sanfte",
    "der Stille",
    "der Schützende",
    "der Wächter",
    "der Richter",
    "der Rechtschaffene",
    "der Anführer",
    "der Führende",
    "der Führer der Götter",
    "der Erstgeborene",
    "der Erstlingsbote",
    "der Letzte",
    "der Älteste",
    "der Jüngste",
    "der Siebzehnte",
    "der Elfte",
    "der Zwölfte",
    "der Erste",
    "der Ewige",
    "der Unsterbliche",
    "der Unbesiegbare",
    "der Standhafte",
    "der Beständige",
    "der Unbeirrbare",
    "der Aufrechte",
    "der Ungebrochene",
    "der Lichtbringer",
    "der Morgenstern",
    "der Abendstern",
    "der Sternenfürst",
    "der Sternenläufer",
    "der Wächter des Lichts",
    "der Hüter des Friedens",
    "der Verkünder der Gnade",
    "der Herold des Himmels",
    "der Bote",
    "der Seher",
    "der Prophet",
    "der Wahrhaftige",
    "der Unfehlbare",
    "der Gewisse",
    "der Gekrönte",
    "der Gesalbte",
    "der Heilige",
    "der Geweihte",
    "der Paladin",
    "der Ritter des Lichts",
    "der Kreuzfahrer",
    "der Kreuzritter",
    "der Schwertarm des Himmels",
    "der Hammer der Gerechtigkeit",
    "der Schild des Rechts",
    "der Klinge der Hoffnung",
    "der Pfeil der Rache",
    "der Engel des Zorns",
    "der Richter der Sterblichen",
    "der Hüter der Wahrheit",
    "der Sprecher der Tugend",
    "der Stimme der Gottheit",
    "der Flüsterer der Weisheit",
    "der Träger des Glaubens",
    "der Apostel",
    "der Jünger",
    "der Pilger",
    "der Wanderer",
    "der Reisende",
    "der Abenteurer",
    "der Sucher",
    "der Bewahrer",
    "der Sammler",
    "der Chronist",
    "der Historiker",
    "der Bibliothekar",
    "der Gelehrte",
    "der Weise",
    "der Lehrer",
    "der Meister",
    "der Lehrmeister",
    "der Mentor",
    "der Baumeister",
    "der Architekt",
    "der Bildhauer",
    "der Sänger",
    "der Dichter",
    "der Komponist",
    "der Geschichtenerzähler",
    "der Träumer",
    "der Visionär",
    "der Philosoph",
    "der Denker",
    "der Unabhängige",
    "der Einzelgänger",
    "der Einsame",
    "der Verstoßene",
    "der Gefallene",
    "der Sünder",
    "der Büßer",
    "der Gezeichnete",
    "der Zerbrochene",
    "der Verwundete",
    "der Gepeinigte",
    "der Schattentänzer",
    "der Schattenläufer",
    "der Schweigsame",
    "der Lautlose",
    "der Unbekannte",
    "der Namenlose",
    "der Schicksalslenker",
    "der Schicksalsweber",
    "der Seelenschmied",
    "der Flammenrufer",
    "der Sturmbringer",
    "der Wolkenwandler",
    "der Sonnenkuss",
    "der Sternenhauch",
    "der Silberne",
    "der Saphir",
    "der Smaragd",
    "der Diamant",
    "der Achat",
    "der Onyx",
    "der Rubin",
    "der Beryll",
    "der Jaspis",
    "der Malachit",
    "der Perlmutt",
    "der Marmor",
    "der Guss",
    "der Schmied",
    "der Gießer",
    "der Zerstörer",
    "der Schöpfer",
    "der Erbauer",
    "der Ordner",
    "der Zügler",
    "der Erlöser",
    "der Retter",
    "der Beschützer",
    "der Gefährte",
    "der Begleiter",
    "der Freund",
    "der Bruder",
    "der Vater",
    "der Sohn",
    "der Soldat",
    "der General",
    "der Kommandant",
    "der Feldherr",
    "der Hauptmann",
    "der Streiter",
    "der Recke",
    "der Kämpfer",
    "der Unbeugsame",
    "der Wilde",
    "der Zornige",
    "der Stürmische",
    "der Unbändige",
    "der Ungezähmte",
    "der Falke",
    "der Adler",
    "der Löwe",
    "der Phönix",
    "der Drache",
    "der Greif",
    "der Pegasus",
    "der Einhorn",
    "der Riese",
    "der Zwerg",
    "der Elf",
    "der Mensch",
    "der Bär",
    "der Wolf",
    "der Hirsch",
    "der Kranich",
    "der Schwan",
    "der Nachtigall",
    "der Rabe",
    "der Fuchs",
    "der Luchs",
    "der Schneeleopard",
    "der Silberfuchs",
    "der Morgenwind",
    "der Nordwind",
    "der Abendwind",
    "der Südwind",
    "der Wanderer der Winde",
    "der Wächter der See",
    "der Meister der Wellen",
    "der Herr der Fluten",
    "der Erforscher der Tiefe",
    "der Taucher",
    "der Segler",
    "der Fischer",
    "der Landstreicher",
    "der Landvogt",
    "der Jäger",
    "der Tierbändiger",
    "der Tierfreund",
    "der Tierrufer",
    "der Heiler",
    "der Arzt",
    "der Wundarzt",
    "der Kräuterkundige",
    "der Alchemist",
    "der Magier",
    "der Zauberer",
    "der Hexer",
    "der Kleriker",
    "der Priester",
    "der Hohepriester",
    "der Gottgeweihte",
    "der Prediger",
    "der Gläubige",
    "der Zweifler",
    "der Ketzer",
    "der Blinde",
    "der Taube",
    "der Stumme",
    "der Lahme",
    "der Verräter",
    "der Gefolgsmann",
    "der Diener",
    "der Sklave",
    "der Bettler",
    "der Dieb",
    "der Räuber",
    "der Mörder",
    "der Henker",
    "der Inquisitor",
    "der Scharfrichter",
    "der Spion",
    "der Abtrünnige",
    "der Unheilvolle",
    "der Unheilsbringer",
    "der Graue",
    "der Schwarze",
    "der Finstere",
    "der Düstere",
    "der Todbringer",
    "der Trauernde",
    "der Einsame",
    "der Melancholiker",
    "der Nostalgiker",
    "der Unbekannte",
    "der Namenlose",
    "der Unbeachtete",
    "der Vergessene",
    "der Besonnene",
    "der Bedachte",
    "der Geduldige",
    "der Vorausschauende",
    "der Einsichtige",
    "der Klarblick",
    "der Hoffnungsvolle",
    "der Optimist",
    "der Träumer",
    "der Realist",
    "der Skeptiker",
    "der Zyniker",
    "der Pragmatiker",
    "der Unerschrockene",
    "der Kühne",
    "der Tapfere",
    "der Mutige",
    "der Held",
    "der Champion",
    "der Sieger",
    "der Unbesiegte",
    "der Victor",
    "der Triumphator",
    "der Eroberer",
    "der Bezwinger",
    "der Überwinder",
    "der Beherrscher",
    "der Herrscher",
    "der König",
    "der Fürst",
    "der Prinz",
    "der Herzog",
    "der Graf",
    "der Baron",
    "der Lord",
    "der Edelmann",
    "der Reiche",
    "der Arme",
    "der Händler",
    "der Kaufmann",
    "der Bauer",
    "der Handwerker",
    "der Geselle",
    "der Lehrling",
    "der Wächter",
    "der Torwächter",
    "der Hüter",
    "der Schilder",
    "der Beschützer",
    "der Ritter",
    "der Ehrenhafte",
    "der Treue",
    "der Aufrechte",
    "der Ehrliche",
    "der Flecklose",
    "der Makellose",
    "der Wandelnde",
    "der Schreitende",
    "der Laufende",
    "der Fliegende",
    "der Schwebende",
    "der Schwebende im Licht",
    "der Segler der Sterne",
    "der Windrufer",
    "der Sturmschritt",
    "der Donnerschlag",
    "der Blitz",
    "der Fackelträger",
    "der Leuchtturm",
    "der Glanz",
    "der Schimmer",
    "der Funke",
    "der Funkenflug",
    "der Feuerodem",
    "der Asche",
    "der Glut",
    "der Fels",
    "der Stein",
    "der Berg",
    "der Gipfel",
    "der Talbewohner",
    "der Fluss",
    "der Bach",
    "der See",
    "der Teich",
    "der Ozean",
    "der Wellenschlag",
    "der Koralle",
    "der Perlentaucher",
    "der Schatzsucher",
    "der Schatzfinder",
    "der Entdecker",
    "der Kartograf",
    "der Wegweiser",
    "der Wegbereiter",
    "der Gründer",
    "der Erbauer",
    "der Siedler",
    "der Farmer",
    "der Gärtner",
    "der Hirt",
    "der Schäfer",
    "der Hirte",
    "der Führer",
    "der König",
    "der Kaiser",
    "der Imperator",
    "der Monarch",
    "der Tyrann",
    "der Despot",
    "der Usurpator",
    "der Revoltierende",
    "der Rebell",
    "der Gesetzgeber",
    "der Vollstrecker",
    "der Rächer",
    "der Strafende",
    "der Zorn",
    "der Zerstörer",
    "der Vernichter",
    "der Auslöscher",
    "der Dunkle",
    "der Graue",
    "der Schwarze",
    "der Farblose",
    "der Tote",
    "der Lebende",
    "der Wanderer der Toten",
    "der Seelenführer",
    "der Überbringer",
    "der Bote des Todes",
    "der Bote des Lebens",
    "der Spender",
    "der Gebende",
    "der Nehmende",
    "der Taker",
    "der Sammler",
    "der Eremit",
    "der Mönch",
    "der Klosterbruder",
    "der Einsiedler",
    "der Wüstling",
    "der Trinker",
    "der Spieler",
    "der Gelehrte",
    "der Bibliothekar",
    "der Buchhalter",
    "der Schreiber",
    "der Erzähler",
    "der Barde",
    "der Musikant",
    "der Künstler",
    "der Maler",
    "der Dichter",
    "der Philosoph",
    "der Träumer",
    "der Idealist",
    "der Realist",
    "der Skeptiker",
    "der Pragmatiker",
    "der Visionär",
    "der Prophet",
    "der Seher",
    "der Weise",
    "der Alte",
    "der Junge",
    "der Kindliche",
    "der Jester",
    "der Spaßvogel",
    "der Clown",
    "der Narr",
    "der Narr des Königs",
    "der Tor",
    "der Verrückte",
    "der Verräter",
    "der Eidbrecher",
    "der Lügner",
    "der Schwindler",
    "der Betrüger",
    "der Dieb",
    "der Räuber",
    "der Plünderer",
    "der Eroberer",
    "der Rebell",
    "der Aufständische",
    "der Terrorist",
    "der Freiheitskämpfer",
    "der Revolutionär",
    "der Unterdrücker",
    "der Sklavenhalter",
    "der Sklave",
    "der Diener",
    "der Knecht",
    "der Arbeiter",
    "der Tagelöhner",
    "der Bauer",
    "der Schäfer",
    "der Hirt",
    "der Jäger",
    "der Fischer",
    "der Seemann",
    "der Segler",
    "der Kapitän",
    "der Matrose",
    "der Pirat",
    "der Freibeuter",
    "der Korsar",
    "der Händler",
    "der Kaufmann",
    "der Reisende",
    "der Wegelagerer",
    "der Dieb",
    "der Schattentänzer",
    "der Schattenläufer",
    "der Flüsterer",
    "der Lautlose",
    "der Geräuschlose",
    "der Unsichtbare",
    "der Unbekannte",
    "der Namenlose",
    "der Fremde",
    "der Gast",
    "der Besucher",
    "der Auserwählte",
    "der Letzte",
    "der Erbe",
    "der Thronerbe",
    "der Prinz",
    "der König",
    "der Kaiser",
    "der Imperator",
    "der Monarch",
    "der Beherrscher",
    "der Herrscher",
    "der Gekrönte",
    "der Gesalbte",
    "der Heilige",
    "der Geweihte",
    "der Gefallene",
    "der Verstoßene",
    "der Verbannte",
    "der Verzweifelte",
    "der Einsame",
    "der Melancholiker",
    "der Träumer",
    "der Visionär",
    "der Seher",
    "der Prophet",
    "der Verräter",
    "der Lügner",
    "der Heuchler",
    "der Falsche",
    "der Unechte",
    "der Echte",
    "der Wahre",
    "der Aufrichtige",
    "der Unparteiische",
    "der Richter",
    "der Gesetzgeber",
    "der Zornige",
    "der Unbändige",
    "der Wilde",
    "der Freie",
    "der Gefangene",
    "der Arbeiter",
    "der Tagelöhner",
    "der Bauer",
    "der Hirt",
    "der Jäger",
    "der Fischer",
    "der Seemann",
    "der Segler",
    "der Kapitän",
    "der Matrose",
    "der Pirat",
    "der Freibeuter",
    "der Korsar",
    "der Händler",
    "der Kaufmann",
    "der Reisende",
    "der Wegelagerer",
    "der Dieb",
    "der Schattentänzer",
    "der Schattenläufer",
    "der Flüsterer",
    "der Lautlose",
    "der Geräuschlose",
    "der Unsichtbare",
    "der Unbekannte",
    "der Namenlose",
    "der Fremde",
    "der Gast",
    "der Besucher",
    "der Auserwählte",
    "der Letzte",
    "der Erbe",
    "der Thronerbe",
    "der Prinz",
    "der König",
    "der Kaiser",
    "der Imperator",
    "der Monarch",
    "der Beherrscher",
    "der Herrscher",
    "der Gekrönte",
    "der Gesalbte",
    "der Heilige",
    "der Geweihte",
    "der Gefallene",
    "der Verstoßene",
    "der Verbannte",
    "der Verzweifelte",
    "der Einsame",
    "der Melancholiker",
    "der Träumer",
    "der Visionär",
    "der Seher",
    "der Prophet",
    "der Verräter",
    "der Lügner",
    "der Heuchler",
    "der Falsche",
    "der Unechte",
    "der Echte",
    "der Wahre",
    "der Aufrichtige",
    "der Unparteiische",
    "der Richter",
    "der Gesetzgeber",
    "der Zornige",
    "der Unbändige",
    "der Wilde",
    "der Freie",
    "der Gefangene"
  ]
}