{
  "authors": [
    {
      "name": "munichjake",
      "email": "munichjake@dnd-session.de",
      "url": "https://dnd-session.de",
      "github": "https://github.com/munichjake"
    }
  ],
  "description": "Deutsche Beinamen der Elfen",
  "version": "1.1.1",
  "names": [
    "der Blattblüte",
    "der ewige Feind",
    "der Frühlingsschützer",
    "die Mondpirscherin",
    "der Windflüsterer",
    "die Wintergeist",
    "die Frostdame",
    "der dämmernde Hüter",
    "die heitere Tänzerin",
    "die singende Tänzerin",
    "die versteckte Blüte",
    "der strahlende Wind",
    "der flüsternde Flüsterer",
    "die versteckte Träumerin",
    "die freie Wald",
    "der strahlende Feind",
    "der Frostmeister",
    "die mutige Läuferin",
    "die Lichtmeisterin",
    "der Glanzbogen",
    "der dämmernde Sänger",
    "die Glanzblume",
    "der Lichtbogen",
    "das Herbstschwert",
    "der Waldträumer",
    "die versteckte Klinge",
    "die Windblüte",
    "die zeitlose Gleiterin",
    "die Silberblume",
    "der Sommerläufer",
    "der liebende Stern",
    "der Herbstwald",
    "die Frühlingsdame",
    "der liebende Bogen",
    "der goldene Bogen",
    "die freie Königin",
    "das ruhige Licht",
    "der Flammenritter",
    "der flüsternde Weber",
    "die Silbergleiterin",
    "der Lichtmond",
    "der freie Flüsterer",
    "die Mondläuferin",
    "die dämmernde Hüterin",
    "der strahlende Pfeil",
    "der weise Wald",
    "die versteckte Herrin",
    "der singende Pirscher",
    "der strahlende Meister",
    "der sanfte Schatten",
    "der Frostflüsterer",
    "die heitere Klinge",
    "die Windläuferin",
    "der Sommerwind",
    "der dämmernde Geist",
    "der Sternenfreund",
    "die ewige Königin",
    "der Glanzmond",
    "der heitere Bogen",
    "die lachende Fürstin",
    "die freie Dame",
    "der flüsternde Schatten",
    "der kluge Jäger",
    "der Sternengeist",
    "der flüsternde Läufer",
    "das Traumschwert",
    "der dämmernde Stern",
    "die freie Gleiterin",
    "die goldene Wächterin",
    "die Himmelspirscherin",
    "der versteckte Wächter",
    "der Blattschatten",
    "der freie König",
    "der Kristallgeist",
    "der Sternentänzer",
    "die tanzende Weberin",
    "die Herbstkönigin",
    "der schimmernde Geist",
    "der Frühlingsfürst",
    "der Frühlingsfeind",
    "der Wolkenheiler",
    "die Blattklinge",
    "die freie Dame",
    "der goldene Pirscher",
    "die Lichtwächterin",
    "die versteckte Magierin",
    "der strahlende Ritter",
    "die strahlende Blüte",
    "die Glanzdame",
    "der Flammenweber",
    "die Traummeisterin",
    "die ruhige Klinge",
    "die Windgleiterin",
    "der versteckte Herr",
    "die tanzende Läuferin",
    "der Sternenmond",
    "der Herbstmond",
    "der Winterjäger",
    "die Silberritterin",
    "die schimmernde Weberin",
    "der Blatttänzer",
    "der Sternenpfeil",
    "die Glanzflüsterin",
    "die liebende Sängerin",
    "die lachende Wanderin",
    "die Winterschützerin",
    "die Wolkenmagierin",
    "der Mondpfeil",
    "der kluge Freund",
    "der weise Bogen",
    "die Mondherrin",
    "die tanzende Blume",
    "der wandernde Stern",
    "die Silbermagierin",
    "der tanzende Herr",
    "die singende Sängerin",
    "die versteckte Gleiterin",
    "die Frostwanderin",
    "der Wintermond",
    "der Traumwanderer",
    "der mutige Heiler",
    "die Schattenwanderin",
    "der mutige Herr",
    "die Himmelsläuferin",
    "der Glanzgeist",
    "der Herbsthüter",
    "der flüsternde Bogen",
    "der Flammenwald",
    "der Waldpirscher",
    "der Glanzherr",
    "der lachende Seher",
    "die weise Herrin",
    "der Schattenfeind",
    "die versteckte Tänzerin",
    "die kluge Blüte",
    "der Frühlingsritter",
    "das Frühlingslicht",
    "der ruhige Jäger",
    "der Waldwind",
    "die liebende Schützerin",
    "die Kristallweberin",
    "der tanzende Schützer",
    "der Schattentänzer",
    "der heitere Rufer",
    "der Herbststern",
    "die dämmernde Flüsterin",
    "der flüsternde Träumer",
    "der kluge Wind",
    "der mutige Ritter",
    "der Windritter",
    "das tanzende Licht",
    "der Winterherr",
    "der liebende Wald",
    "der ruhige Geist",
    "die Sternenritterin",
    "die Herbstblume",
    "die zeitlose Wächterin",
    "der Froststern",
    "die goldene Weberin",
    "die zeitlose Fürstin",
    "der strahlende Wanderer",
    "die Blattträumerin",
    "der Blattmagier",
    "der Lichttänzer",
    "der Lichtschatten",
    "der Silberwald",
    "der schimmernde Heiler",
    "die lachende Herrin",
    "der Himmelsmeister",
    "der Lichtwald",
    "der heitere Herr",
    "der sanfte Wind",
    "die goldene Tänzerin",
    "die ruhige Fürstin",
    "das mutige Licht",
    "die Lichtblüte",
    "der goldene Mond",
    "der Glanzstern",
    "die Waldklinge",
    "die Schattenweberin",
    "der Silberpfeil",
    "der Himmelsjäger",
    "die tanzende Wanderin",
    "die zeitlose Tänzerin",
    "der freie Herr",
    "der Frühlingsgeist",
    "der kluge König",
    "der wandernde Stern",
    "der sanfte Schützer",
    "der Frostläufer",
    "der singende Wächter",
    "der Himmelswanderer",
    "der dämmernde Pirscher",
    "der Glanzläufer",
    "die weise Fürstin",
    "die Flammenwächterin",
    "der Mondfeind",
    "die goldene Königin",
    "der Flammenfreund",
    "die Himmelsblüte",
    "der Sommerwald",
    "die Blatttänzerin",
    "der Blattwanderer",
    "die liebende Fürstin",
    "die mutige Schützerin",
    "der Blatthüter",
    "der Mondwald",
    "die Himmelsgleiterin",
    "der strahlende Seher",
    "der Kristallwald"
  ]
}