{
  "authors": [
    {
      "name": "munichjake",
      "email": "munichjake@dnd-session.de",
      "url": "https://dnd-session.de",
      "github": "https://github.com/munichjake"
    }
  ],
  "description": "Deutsche nicht-binäre Menschenvornamen",
  "version": "1.0.0",
  "names": [
    "Lian",
    "Kim",
    "Jan",
    "Chris",
    "Pat",
    "Lou",
    "Jule",
    "Nico",
    "Toni",
    "Rene",
    "Mel",
    "Flo", 
    "Jo",
    "Maxi",
    "Dani",
    "Sasha",
    "Mika",
    "Noa",
    "Luca",
    "Juna",
    "Lynn",
    "Kira",
    "Ari",
    "Finne",
    "Emmi",
    "Andi",
    "Franzi",
    "Manu",
    "Olli",
    "Lexi",
    "Nicki",
    "Alex",
    "Sam",
    "Robin",
    "Kai",
    "Eli",
    "Ira",
    "Jani",
    "Kalle",
    "Cleo",
    "Doro",
    "Gero",
    "Hajo",
    "Kess",
    "Lasse",
    "Nuri",
    "Pepe",
    "Ravi",
    "Simi",
    "Tilo",
    "Uri",
    "Vali",
    "Yuki",
    "Zuri",
    "Bente",
    "Curve",
    "Devin",
    "Jess",
    "Ulli",
    "Mica",
    "Roan",
    "Sage",
    "Vale"
  ]
}