{
  "authors": [
    {
      "name": "munichjake",
      "email": "munichjake@dnd-session.de",
      "url": "https://dnd-session.de",
      "github": "https://github.com/munichjake"
    }
  ],
  "description": "English male halfling first names",
  "version": "1.0.0",
  "names": [
    "Peron",
    "Roson",
    "Finon",
    "Lion",
    "Seron",
    "Melon",
    "Talon",
    "Calon",
    "Belon",
    "Timon",
    "Gilon",
    "Wilon",
    "Samon",
    "Froon",
    "Bilon",
    "Maron",
    "Elion",
    "Adaon",
    "Coron",
    "Davon",
    "Deron",
    "Elaon",
    "Felon",
    "Goron",
    "Heron",
    "Isaon",
    "Janon",
    "Karon",
    "Loron",
    "Mikon",
    "Noron",
    "Olion",
    "Palon",
    "Quinon",
    "Riaon",
    "Silon",
    "Toron",
    "Vicon",
    "Peran",
    "Rosan",
    "Finan",
    "Lian",
    "Seran",
    "Melan",
    "Talan",
    "Calan",
    "Belan",
    "Timan",
    "Gilan",
    "Wilan",
    "Saman",
    "Froan",
    "Bilan",
    "Maran",
    "Elian",
    "Adaan",
    "Coran",
    "Davan",
    "Deran",
    "Elaan",
    "Felan",
    "Goran",
    "Heran",
    "Isaan",
    "Janan",
    "Karan",
    "Loran",
    "Mikan",
    "Noran",
    "Olian",
    "Palan",
    "Quinan",
    "Riaan",
    "Silan",
    "Toran",
    "Vican",
    "Perin",
    "Rosin",
    "Finin",
    "Liin",
    "Serin",
    "Melin",
    "Talin",
    "Calin",
    "Belin",
    "Timin",
    "Gilin",
    "Wilin",
    "Samin",
    "Froin",
    "Bilin",
    "Marin",
    "Eliin",
    "Adain",
    "Corin",
    "Davin",
    "Derin",
    "Elain",
    "Felin",
    "Gorin",
    "Herin",
    "Isain",
    "Janin",
    "Karin",
    "Lorin",
    "Mikin",
    "Norin",
    "Oliin",
    "Palin",
    "Quinin",
    "Riain",
    "Silin",
    "Torin",
    "Vicin",
    "Peror",
    "Rosor",
    "Finor",
    "Lior",
    "Seror",
    "Melor",
    "Talor",
    "Calor",
    "Belor",
    "Timor",
    "Gilor",
    "Wilor",
    "Samor",
    "Froor",
    "Bilor",
    "Maror",
    "Elior",
    "Adaor",
    "Coror",
    "Davor",
    "Deror",
    "Elaor",
    "Felor",
    "Goror",
    "Heror",
    "Isaor",
    "Janor",
    "Karor",
    "Loror",
    "Mikor",
    "Noror",
    "Olior",
    "Palor",
    "Quinor",
    "Riaor",
    "Silor",
    "Toror",
    "Vicor",
    "Peros",
    "Rosos",
    "Finos",
    "Lios",
    "Seros",
    "Melos",
    "Talos",
    "Calos",
    "Belos",
    "Timos",
    "Gilos",
    "Wilos",
    "Samos",
    "Froos",
    "Bilos",
    "Maros",
    "Elios",
    "Adaos",
    "Coros",
    "Davos",
    "Deros",
    "Elaos",
    "Felos",
    "Goros",
    "Heros",
    "Isaos",
    "Janos",
    "Karos",
    "Loros",
    "Mikos",
    "Noros",
    "Olios",
    "Palos",
    "Quinos",
    "Riaos",
    "Silos",
    "Toros",
    "Vicos",
    "Perer",
    "Roser",
    "Finer",
    "Lier",
    "Serer",
    "Meler",
    "Taler",
    "Caler",
    "Beler",
    "Timer",
    "Giler",
    "Wiler",
    "Samer",
    "Froer",
    "Biler",
    "Marer",
    "Elier",
    "Adaer",
    "Corer",
    "Daver",
    "Derer",
    "Elaer",
    "Feler",
    "Gorer",
    "Herer",
    "Isaer",
    "Janer",
    "Karer",
    "Lorer",
    "Miker",
    "Norer",
    "Olier",
    "Paler",
    "Quiner",
    "Riaer",
    "Siler",
    "Torer",
    "Vicer",
    "Peren",
    "Rosen",
    "Finen",
    "Lien",
    "Seren",
    "Melen",
    "Talen",
    "Calen",
    "Belen",
    "Timen",
    "Gilen",
    "Wilen",
    "Samen",
    "Froen",
    "Bilen",
    "Maren",
    "Elien",
    "Adaen",
    "Coren",
    "Daven",
    "Deren",
    "Elaen",
    "Felen",
    "Goren",
    "Heren",
    "Isaen",
    "Janen",
    "Karen",
    "Loren",
    "Miken",
    "Noren",
    "Olien",
    "Palen",
    "Quinen",
    "Riaen",
    "Silen",
    "Toren",
    "Vicen",
    "Peryn",
    "Rosyn",
    "Finyn",
    "Liyn",
    "Seryn",
    "Melyn",
    "Talyn",
    "Calyn",
    "Belyn",
    "Timyn",
    "Gilyn",
    "Wilyn",
    "Samyn",
    "Froyn",
    "Bilyn",
    "Maryn",
    "Eliyn",
    "Adayn",
    "Coryn",
    "Davyn",
    "Deryn",
    "Elayn",
    "Felyn",
    "Goryn",
    "Heryn",
    "Isayn",
    "Janyn",
    "Karyn",
    "Loryn",
    "Mikyn",
    "Noryn",
    "Oliyn",
    "Palyn",
    "Quinyn",
    "Riayn",
    "Silyn",
    "Toryn",
    "Vicyn",
    "Perus",
    "Rosus",
    "Finus",
    "Lius",
    "Serus",
    "Melus",
    "Talus",
    "Calus",
    "Belus",
    "Timus",
    "Gilus",
    "Wilus",
    "Samus",
    "Frous",
    "Bilus",
    "Marus",
    "Elius",
    "Adaus",
    "Corus",
    "Davus",
    "Derus",
    "Elaus",
    "Felus",
    "Gorus",
    "Herus",
    "Isaus",
    "Janus",
    "Karus",
    "Lorus",
    "Mikus",
    "Norus",
    "Olius",
    "Palus",
    "Quinus",
    "Riaus",
    "Silus",
    "Torus",
    "Vicus",
    "Peronon",
    "Peranon",
    "Perinon",
    "Peroron",
    "Peroson",
    "Pereron",
    "Perason",
    "Perenon",
    "Peruson",
    "Periron",
    "Perynon",
    "Perelon",
    "Periaon",
    "Perieon",
    "Perethon",
    "Perleon",
    "Peroon",
    "Peraon",
    "Periceon",
    "Perraon",
    "Perrion",
    "Rosonon",
    "Rosanon",
    "Rosinon",
    "Rosoron",
    "Rososon",
    "Roseron",
    "Rosason",
    "Rosenon",
    "Rosuson",
    "Rosiron",
    "Rosynon",
    "Roselon",
    "Rosiaon",
    "Rosieon",
    "Rosethon",
    "Rosleon",
    "Rosoon",
    "Rosaon",
    "Rosiceon",
    "Rosraon",
    "Rosrion",
    "Finonon",
    "Finanon",
    "Fininon",
    "Finoron",
    "Finoson",
    "Fineron",
    "Finason",
    "Finenon",
    "Finuson",
    "Finiron",
    "Finynon",
    "Finelon",
    "Finiaon",
    "Finieon",
    "Finethon",
    "Finleon",
    "Finoon",
    "Finaon",
    "Finiceon",
    "Finraon",
    "Finrion",
    "Lionon",
    "Lianon",
    "Liinon",
    "Lioron",
    "Lioson",
    "Lieron",
    "Liason",
    "Lienon",
    "Liuson",
    "Liiron",
    "Liynon",
    "Lielon",
    "Liiaon",
    "Liieon",
    "Liethon",
    "Lileon",
    "Lioon",
    "Liaon",
    "Liiceon",
    "Liraon",
    "Lirion",
    "Seronon",
    "Seranon",
    "Serinon",
    "Seroron",
    "Seroson",
    "Sereron",
    "Serason",
    "Serenon",
    "Seruson",
    "Seriron",
    "Serynon",
    "Serelon",
    "Seriaon",
    "Serieon",
    "Serethon",
    "Serleon",
    "Seroon",
    "Seraon",
    "Sericeon",
    "Serraon",
    "Serrion",
    "Melonon",
    "Melanon",
    "Melinon",
    "Meloron",
    "Meloson",
    "Meleron",
    "Melason",
    "Melenon",
    "Meluson",
    "Meliron",
    "Melynon",
    "Melelon",
    "Meliaon",
    "Melieon",
    "Melethon",
    "Melleon",
    "Meloon",
    "Melaon",
    "Meliceon",
    "Melraon",
    "Melrion",
    "Talonon",
    "Talanon",
    "Talinon",
    "Taloron",
    "Taloson",
    "Taleron",
    "Talason",
    "Talenon",
    "Taluson",
    "Taliron",
    "Talynon",
    "Talelon",
    "Taliaon",
    "Talieon",
    "Talethon",
    "Talleon",
    "Taloon",
    "Talaon",
    "Taliceon",
    "Talraon",
    "Talrion",
    "Calonon",
    "Calanon",
    "Calinon",
    "Caloron",
    "Caloson",
    "Caleron",
    "Calason",
    "Calenon",
    "Caluson",
    "Caliron",
    "Calynon",
    "Calelon",
    "Caliaon",
    "Calieon",
    "Calethon",
    "Calleon",
    "Caloon",
    "Calaon",
    "Caliceon",
    "Calraon",
    "Calrion",
    "Belonon",
    "Belanon",
    "Belinon",
    "Beloron",
    "Beloson",
    "Beleron",
    "Belason",
    "Belenon",
    "Beluson",
    "Beliron",
    "Belynon",
    "Belelon",
    "Beliaon",
    "Belieon",
    "Belethon",
    "Belleon",
    "Beloon",
    "Belaon",
    "Beliceon",
    "Belraon",
    "Belrion",
    "Timonon",
    "Timanon",
    "Timinon",
    "Timoron",
    "Timoson",
    "Timeron",
    "Timason",
    "Timenon",
    "Timuson",
    "Timiron",
    "Timynon",
    "Timelon",
    "Timiaon",
    "Timieon",
    "Timethon",
    "Timleon",
    "Timoon",
    "Timaon",
    "Timiceon",
    "Timraon",
    "Timrion",
    "Gilonon",
    "Gilanon",
    "Gilinon",
    "Giloron",
    "Giloson",
    "Gileron",
    "Gilason",
    "Gilenon",
    "Giluson",
    "Giliron",
    "Gilynon",
    "Gilelon",
    "Giliaon",
    "Gilieon",
    "Gilethon",
    "Gilleon",
    "Giloon",
    "Gilaon",
    "Giliceon",
    "Gilraon",
    "Gilrion",
    "Wilonon",
    "Wilanon",
    "Wilinon",
    "Wiloron",
    "Wiloson",
    "Wileron",
    "Wilason",
    "Wilenon",
    "Wiluson",
    "Wiliron",
    "Wilynon",
    "Wilelon",
    "Wiliaon",
    "Wilieon",
    "Wilethon",
    "Willeon",
    "Wiloon",
    "Wilaon",
    "Wiliceon",
    "Wilraon",
    "Wilrion",
    "Samonon",
    "Samanon",
    "Saminon",
    "Samoron",
    "Samoson",
    "Sameron",
    "Samason",
    "Samenon",
    "Samuson",
    "Samiron",
    "Samynon",
    "Samelon",
    "Samiaon",
    "Samieon",
    "Samethon",
    "Samleon",
    "Samoon",
    "Samaon",
    "Samiceon",
    "Samraon",
    "Samrion",
    "Froonon",
    "Froanon",
    "Froinon",
    "Frooron",
    "Frooson",
    "Froeron",
    "Froason",
    "Froenon",
    "Frouson",
    "Froiron",
    "Froynon",
    "Froelon",
    "Froiaon",
    "Froieon",
    "Froethon",
    "Froleon",
    "Frooon",
    "Froaon",
    "Froiceon",
    "Froraon",
    "Frorion",
    "Bilonon",
    "Bilanon",
    "Bilinon",
    "Biloron",
    "Biloson",
    "Bileron",
    "Bilason",
    "Bilenon",
    "Biluson",
    "Biliron",
    "Bilynon",
    "Bilelon",
    "Biliaon",
    "Bilieon",
    "Bilethon",
    "Billeon",
    "Biloon",
    "Bilaon",
    "Biliceon",
    "Bilraon",
    "Bilrion",
    "Maronon",
    "Maranon",
    "Marinon",
    "Maroron",
    "Maroson",
    "Mareron",
    "Marason",
    "Marenon",
    "Maruson",
    "Mariron",
    "Marynon",
    "Marelon",
    "Mariaon",
    "Marieon",
    "Marethon",
    "Marleon",
    "Maroon",
    "Maraon",
    "Mariceon",
    "Marraon",
    "Marrion",
    "Elionon",
    "Elianon",
    "Eliinon",
    "Elioron",
    "Elioson",
    "Elieron",
    "Eliason",
    "Elienon",
    "Eliuson",
    "Eliiron",
    "Eliynon",
    "Elielon",
    "Eliiaon",
    "Eliieon",
    "Eliethon",
    "Elileon",
    "Elioon",
    "Eliaon",
    "Eliiceon",
    "Eliraon",
    "Elirion",
    "Adaonon",
    "Adaanon",
    "Adainon",
    "Adaoron",
    "Adaoson",
    "Adaeron",
    "Adaason",
    "Adaenon",
    "Adauson",
    "Adairon",
    "Adaynon",
    "Adaelon",
    "Adaiaon",
    "Adaieon",
    "Adaethon",
    "Adaleon",
    "Adaoon",
    "Adaaon",
    "Adaiceon",
    "Adaraon",
    "Adarion",
    "Coronon",
    "Coranon",
    "Corinon",
    "Cororon",
    "Coroson",
    "Coreron",
    "Corason",
    "Corenon",
    "Coruson",
    "Coriron",
    "Corynon",
    "Corelon",
    "Coriaon",
    "Corieon",
    "Corethon",
    "Corleon",
    "Coroon",
    "Coraon",
    "Coriceon",
    "Corraon",
    "Corrion",
    "Davonon",
    "Davanon",
    "Davinon",
    "Davoron",
    "Davoson",
    "Daveron",
    "Davason",
    "Davenon",
    "Davuson",
    "Daviron",
    "Davynon",
    "Davelon",
    "Daviaon",
    "Davieon",
    "Davethon",
    "Davleon",
    "Davoon",
    "Davaon",
    "Daviceon",
    "Davraon",
    "Davrion",
    "Deronon",
    "Deranon",
    "Derinon",
    "Deroron",
    "Deroson",
    "Dereron",
    "Derason",
    "Derenon",
    "Deruson",
    "Deriron",
    "Derynon",
    "Derelon",
    "Deriaon",
    "Derieon",
    "Derethon",
    "Derleon",
    "Deroon",
    "Deraon",
    "Dericeon",
    "Derraon",
    "Derrion",
    "Elaonon",
    "Elaanon",
    "Elainon",
    "Elaoron",
    "Elaoson",
    "Elaeron",
    "Elaason",
    "Elaenon",
    "Elauson",
    "Elairon",
    "Elaynon",
    "Elaelon",
    "Elaiaon",
    "Elaieon",
    "Elaethon",
    "Elaleon",
    "Elaoon",
    "Elaaon",
    "Elaiceon",
    "Elaraon",
    "Elarion",
    "Felonon",
    "Felanon",
    "Felinon",
    "Feloron",
    "Feloson",
    "Feleron",
    "Felason",
    "Felenon",
    "Feluson",
    "Feliron",
    "Felynon",
    "Felelon",
    "Feliaon",
    "Felieon",
    "Felethon",
    "Felleon",
    "Feloon",
    "Felaon",
    "Feliceon",
    "Felraon",
    "Felrion",
    "Goronon",
    "Goranon",
    "Gorinon",
    "Gororon",
    "Goroson",
    "Goreron",
    "Gorason",
    "Gorenon",
    "Goruson",
    "Goriron",
    "Gorynon",
    "Gorelon",
    "Goriaon",
    "Gorieon",
    "Gorethon",
    "Gorleon",
    "Goroon",
    "Goraon",
    "Goriceon",
    "Gorraon",
    "Gorrion",
    "Heronon",
    "Heranon",
    "Herinon",
    "Heroron",
    "Heroson",
    "Hereron",
    "Herason",
    "Herenon",
    "Heruson",
    "Heriron",
    "Herynon",
    "Herelon",
    "Heriaon",
    "Herieon",
    "Herethon",
    "Herleon",
    "Heroon",
    "Heraon",
    "Hericeon",
    "Herraon",
    "Herrion",
    "Isaonon",
    "Isaanon",
    "Isainon",
    "Isaoron",
    "Isaoson",
    "Isaeron",
    "Isaason",
    "Isaenon",
    "Isauson",
    "Isairon",
    "Isaynon",
    "Isaelon",
    "Isaiaon",
    "Isaieon",
    "Isaethon",
    "Isaleon",
    "Isaoon",
    "Isaaon",
    "Isaiceon",
    "Isaraon",
    "Isarion",
    "Janonon",
    "Jananon",
    "Janinon",
    "Janoron",
    "Janoson",
    "Janeron",
    "Janason",
    "Janenon",
    "Januson",
    "Janiron",
    "Janynon",
    "Janelon",
    "Janiaon",
    "Janieon",
    "Janethon",
    "Janleon",
    "Janoon",
    "Janaon",
    "Janiceon",
    "Janraon",
    "Janrion",
    "Karonon",
    "Karanon",
    "Karinon",
    "Karoron",
    "Karoson",
    "Kareron",
    "Karason",
    "Karenon",
    "Karuson",
    "Kariron",
    "Karynon",
    "Karelon",
    "Kariaon",
    "Karieon",
    "Karethon",
    "Karleon",
    "Karoon",
    "Karaon",
    "Kariceon",
    "Karraon",
    "Karrion",
    "Loronon",
    "Loranon",
    "Lorinon",
    "Lororon",
    "Loroson",
    "Loreron",
    "Lorason",
    "Lorenon",
    "Loruson",
    "Loriron",
    "Lorynon",
    "Lorelon",
    "Loriaon",
    "Lorieon",
    "Lorethon",
    "Lorleon",
    "Loroon",
    "Loraon",
    "Loriceon",
    "Lorraon",
    "Lorrion",
    "Mikonon",
    "Mikanon",
    "Mikinon",
    "Mikoron",
    "Mikoson",
    "Mikeron",
    "Mikason",
    "Mikenon",
    "Mikuson",
    "Mikiron",
    "Mikynon",
    "Mikelon",
    "Mikiaon",
    "Mikieon",
    "Mikethon",
    "Mikleon",
    "Mikoon",
    "Mikaon",
    "Mikiceon",
    "Mikraon",
    "Mikrion",
    "Noronon",
    "Noranon",
    "Norinon",
    "Nororon",
    "Noroson",
    "Noreron",
    "Norason",
    "Norenon",
    "Noruson",
    "Noriron",
    "Norynon",
    "Norelon",
    "Noriaon",
    "Norieon",
    "Norethon",
    "Norleon",
    "Noroon",
    "Noraon",
    "Noriceon",
    "Norraon",
    "Norrion",
    "Olionon",
    "Olianon",
    "Oliinon",
    "Olioron",
    "Olioson",
    "Olieron",
    "Oliason",
    "Olienon",
    "Oliuson",
    "Oliiron",
    "Oliynon",
    "Olielon",
    "Oliiaon",
    "Oliieon",
    "Oliethon",
    "Olileon",
    "Olioon",
    "Oliaon",
    "Oliiceon",
    "Oliraon",
    "Olirion",
    "Palonon",
    "Palanon",
    "Palinon",
    "Paloron",
    "Paloson",
    "Paleron",
    "Palason",
    "Palenon",
    "Paluson",
    "Paliron",
    "Palynon",
    "Palelon",
    "Paliaon",
    "Palieon",
    "Palethon"
  ]
}