{
  "authors": [
    {
      "name": "munichjake",
      "email": "munichjake@dnd-session.de",
      "url": "https://dnd-session.de",
      "github": "https://github.com/munichjake"
    }
  ],
  "description": "English elf surnames",
  "version": "1.0.0",
  "names": [
    "Moonwhisper",
    "Moonsong",
    "Moonglade",
    "Moonbreeze",
    "Moonfall",
    "Moonshine",
    "Moongleam",
    "Moonheart",
    "Moonflower",
    "Moonblossom",
    "Moondance",
    "Moonrunner",
    "Moonseeker",
    "Moonweaver",
    "Moonwatcher",
    "Moonwalker",
    "Moonkeeper",
    "Moondancer",
    "Moondreamer",
    "Moonmist",
    "Starwhisper",
    "Starsong",
    "Starglade",
    "Starbreeze",
    "Starfall",
    "Starshine",
    "Stargleam",
    "Starheart",
    "Starflower",
    "Starblossom",
    "Stardance",
    "Starrunner",
    "Starseeker",
    "Starweaver",
    "Starwatcher",
    "Starwalker",
    "Starkeeper",
    "Stardancer",
    "Stardreamer",
    "Starmist",
    "Sunwhisper",
    "Sunsong",
    "Sunglade",
    "Sunbreeze",
    "Sunfall",
    "Sunshine",
    "Sungleam",
    "Sunheart",
    "Sunflower",
    "Sunblossom",
    "Sundance",
    "Sunrunner",
    "Sunseeker",
    "Sunweaver",
    "Sunwatcher",
    "Sunwalker",
    "Sunkeeper",
    "Sundancer",
    "Sundreamer",
    "Sunmist",
    "Windwhisper",
    "Windsong",
    "Windglade",
    "Windbreeze",
    "Windfall",
    "Windshine",
    "Windgleam",
    "Windheart",
    "Windflower",
    "Windblossom",
    "Winddance",
    "Windrunner",
    "Windseeker",
    "Windweaver",
    "Windwatcher",
    "Windwalker",
    "Windkeeper",
    "Winddancer",
    "Winddreamer",
    "Windmist",
    "Silverwhisper",
    "Silversong",
    "Silverglade",
    "Silverbreeze",
    "Silverfall",
    "Silvershine",
    "Silvergleam",
    "Silverheart",
    "Silverflower",
    "Silverblossom",
    "Silverdance",
    "Silverrunner",
    "Silverseeker",
    "Silverweaver",
    "Silverwatcher",
    "Silverwalker",
    "Silverkeeper",
    "Silverdancer",
    "Silverdreamer",
    "Silvermist",
    "Mistwhisper",
    "Mistsong",
    "Mistglade",
    "Mistbreeze",
    "Mistfall",
    "Mistshine",
    "Mistgleam",
    "Mistheart",
    "Mistflower",
    "Mistblossom",
    "Mistdance",
    "Mistrunner",
    "Mistseeker",
    "Mistweaver",
    "Mistwatcher",
    "Mistwalker",
    "Mistkeeper",
    "Mistdancer",
    "Mistdreamer",
    "Mistmist",
    "Nightwhisper",
    "Nightsong",
    "Nightglade",
    "Nightbreeze",
    "Nightfall",
    "Nightshine",
    "Nightgleam",
    "Nightheart",
    "Nightflower",
    "Nightblossom",
    "Nightdance",
    "Nightrunner",
    "Nightseeker",
    "Nightweaver",
    "Nightwatcher",
    "Nightwalker",
    "Nightkeeper",
    "Nightdancer",
    "Nightdreamer",
    "Nightmist",
    "Lightwhisper",
    "Lightsong",
    "Lightglade",
    "Lightbreeze",
    "Lightfall",
    "Lightshine",
    "Lightgleam",
    "Lightheart",
    "Lightflower",
    "Lightblossom",
    "Lightdance",
    "Lightrunner",
    "Lightseeker",
    "Lightweaver",
    "Lightwatcher",
    "Lightwalker",
    "Lightkeeper",
    "Lightdancer",
    "Lightdreamer",
    "Lightmist",
    "Dawnwhisper",
    "Dawnsong",
    "Dawnglade",
    "Dawnbreeze",
    "Dawnfall",
    "Dawnshine",
    "Dawngleam",
    "Dawnheart",
    "Dawnflower",
    "Dawnblossom",
    "Dawndance",
    "Dawnrunner",
    "Dawnseeker",
    "Dawnweaver",
    "Dawnwatcher",
    "Dawnwalker",
    "Dawnkeeper",
    "Dawndancer",
    "Dawndreamer",
    "Dawnmist",
    "Leafwhisper",
    "Leafsong",
    "Leafglade",
    "Leafbreeze",
    "Leaffall",
    "Leafshine",
    "Leafgleam",
    "Leafheart",
    "Leafflower",
    "Leafblossom",
    "Leafdance",
    "Leafrunner",
    "Leafseeker",
    "Leafweaver",
    "Leafwatcher",
    "Leafwalker",
    "Leafkeeper",
    "Leafdancer",
    "Leafdreamer",
    "Leafmist",
    "Treewhisper",
    "Treesong",
    "Treeglade",
    "Treebreeze",
    "Treefall",
    "Treeshine",
    "Treegleam",
    "Treeheart",
    "Treeflower",
    "Treeblossom",
    "Treedance",
    "Treerunner",
    "Treeseeker",
    "Treeweaver",
    "Treewatcher",
    "Treewalker",
    "Treekeeper",
    "Treedancer",
    "Treedreamer",
    "Treemist",
    "Riverwhisper",
    "Riversong",
    "Riverglade",
    "Riverbreeze",
    "Riverfall",
    "Rivershine",
    "Rivergleam",
    "Riverheart",
    "Riverflower",
    "Riverblossom",
    "Riverdance",
    "Riverrunner",
    "Riverseeker",
    "Riverweaver",
    "Riverwatcher",
    "Riverwalker",
    "Riverkeeper",
    "Riverdancer",
    "Riverdreamer",
    "Rivermist",
    "Skywhisper",
    "Skysong",
    "Skyglade",
    "Skybreeze",
    "Skyfall",
    "Skyshine",
    "Skygleam",
    "Skyheart",
    "Skyflower",
    "Skyblossom",
    "Skydance",
    "Skyrunner",
    "Skyseeker",
    "Skyweaver",
    "Skywatcher",
    "Skywalker",
    "Skykeeper",
    "Skydancer",
    "Skydreamer",
    "Skymist",
    "Rainwhisper",
    "Rainsong",
    "Rainglade",
    "Rainbreeze",
    "Rainfall",
    "Rainshine",
    "Raingleam",
    "Rainheart",
    "Rainflower",
    "Rainblossom",
    "Raindance",
    "Rainrunner",
    "Rainseeker",
    "Rainweaver",
    "Rainwatcher",
    "Rainwalker",
    "Rainkeeper",
    "Raindancer",
    "Raindreamer",
    "Rainmist",
    "Shadowwhisper",
    "Shadowsong",
    "Shadowglade",
    "Shadowbreeze",
    "Shadowfall",
    "Shadowshine",
    "Shadowgleam",
    "Shadowheart",
    "Shadowflower",
    "Shadowblossom",
    "Shadowdance",
    "Shadowrunner",
    "Shadowseeker",
    "Shadowweaver",
    "Shadowwatcher",
    "Shadowwalker",
    "Shadowkeeper",
    "Shadowdancer",
    "Shadowdreamer",
    "Shadowmist",
    "Brightwhisper",
    "Brightsong",
    "Brightglade",
    "Brightbreeze",
    "Brightfall",
    "Brightshine",
    "Brightgleam",
    "Brightheart",
    "Brightflower",
    "Brightblossom",
    "Brightdance",
    "Brightrunner",
    "Brightseeker",
    "Brightweaver",
    "Brightwatcher",
    "Brightwalker",
    "Brightkeeper",
    "Brightdancer",
    "Brightdreamer",
    "Brightmist",
    "Fairwhisper",
    "Fairsong",
    "Fairglade",
    "Fairbreeze",
    "Fairfall",
    "Fairshine",
    "Fairgleam",
    "Fairheart",
    "Fairflower",
    "Fairblossom",
    "Fairdance",
    "Fairrunner",
    "Fairseeker",
    "Fairweaver",
    "Fairwatcher",
    "Fairwalker",
    "Fairkeeper",
    "Fairdancer",
    "Fairdreamer",
    "Fairmist",
    "Seawhisper",
    "Seasong",
    "Seaglade",
    "Seabreeze",
    "Seafall",
    "Seashine",
    "Seagleam",
    "Seaheart",
    "Seaflower",
    "Seablossom",
    "Seadance",
    "Searunner",
    "Seaseeker",
    "Seaweaver",
    "Seawatcher",
    "Seawalker",
    "Seakeeper",
    "Seadancer",
    "Seadreamer",
    "Seamist",
    "Snowwhisper",
    "Snowsong",
    "Snowglade",
    "Snowbreeze",
    "Snowfall",
    "Snowshine",
    "Snowgleam",
    "Snowheart",
    "Snowflower",
    "Snowblossom",
    "Snowdance",
    "Snowrunner",
    "Snowseeker",
    "Snowweaver",
    "Snowwatcher",
    "Snowwalker",
    "Snowkeeper",
    "Snowdancer",
    "Snowdreamer",
    "Snowmist",
    "Moonwhisperwhisper",
    "Moonwhispersong",
    "Moonwhisperglade",
    "Moonwhisperbreeze",
    "Moonwhisperfall",
    "Moonwhispershine",
    "Moonwhispergleam",
    "Moonwhisperheart",
    "Moonwhisperflower",
    "Moonwhisperblossom",
    "Moonwhisperdance",
    "Moonwhisperrunner",
    "Moonwhisperseeker",
    "Moonwhisperweaver",
    "Moonwhisperwatcher",
    "Moonwhisperwalker",
    "Moonwhisperkeeper",
    "Moonwhisperdancer",
    "Moonwhisperdreamer",
    "Moonwhispermist",
    "Moonsongwhisper",
    "Moonsongsong",
    "Moonsongglade",
    "Moonsongbreeze",
    "Moonsongfall",
    "Moonsongshine",
    "Moonsonggleam",
    "Moonsongheart",
    "Moonsongflower",
    "Moonsongblossom",
    "Moonsongdance",
    "Moonsongrunner",
    "Moonsongseeker",
    "Moonsongweaver",
    "Moonsongwatcher",
    "Moonsongwalker",
    "Moonsongkeeper",
    "Moonsongdancer",
    "Moonsongdreamer",
    "Moonsongmist",
    "Moongladewhisper",
    "Moongladesong",
    "Moongladeglade",
    "Moongladebreeze",
    "Moongladefall",
    "Moongladeshine",
    "Moongladegleam",
    "Moongladeheart",
    "Moongladeflower",
    "Moongladeblossom",
    "Moongladedance",
    "Moongladerunner",
    "Moongladeseeker",
    "Moongladeweaver",
    "Moongladewatcher",
    "Moongladewalker",
    "Moongladekeeper",
    "Moongladedancer",
    "Moongladedreamer",
    "Moonglademist",
    "Moonbreezewhisper",
    "Moonbreezesong",
    "Moonbreezeglade",
    "Moonbreezebreeze",
    "Moonbreezefall",
    "Moonbreezeshine",
    "Moonbreezegleam",
    "Moonbreezeheart",
    "Moonbreezeflower",
    "Moonbreezeblossom",
    "Moonbreezedance",
    "Moonbreezerunner",
    "Moonbreezeseeker",
    "Moonbreezeweaver",
    "Moonbreezewatcher",
    "Moonbreezewalker",
    "Moonbreezekeeper",
    "Moonbreezedancer",
    "Moonbreezedreamer",
    "Moonbreezemist",
    "Moonfallwhisper",
    "Moonfallsong",
    "Moonfallglade",
    "Moonfallbreeze",
    "Moonfallfall",
    "Moonfallshine",
    "Moonfallgleam",
    "Moonfallheart",
    "Moonfallflower",
    "Moonfallblossom",
    "Moonfalldance",
    "Moonfallrunner",
    "Moonfallseeker",
    "Moonfallweaver",
    "Moonfallwatcher",
    "Moonfallwalker",
    "Moonfallkeeper",
    "Moonfalldancer",
    "Moonfalldreamer",
    "Moonfallmist",
    "Moonshinewhisper",
    "Moonshinesong",
    "Moonshineglade",
    "Moonshinebreeze",
    "Moonshinefall",
    "Moonshineshine",
    "Moonshinegleam",
    "Moonshineheart",
    "Moonshineflower",
    "Moonshineblossom",
    "Moonshinedance",
    "Moonshinerunner",
    "Moonshineseeker",
    "Moonshineweaver",
    "Moonshinewatcher",
    "Moonshinewalker",
    "Moonshinekeeper",
    "Moonshinedancer",
    "Moonshinedreamer",
    "Moonshinemist",
    "Moongleamwhisper",
    "Moongleamsong",
    "Moongleamglade",
    "Moongleambreeze",
    "Moongleamfall",
    "Moongleamshine",
    "Moongleamgleam",
    "Moongleamheart",
    "Moongleamflower",
    "Moongleamblossom",
    "Moongleamdance",
    "Moongleamrunner",
    "Moongleamseeker",
    "Moongleamweaver",
    "Moongleamwatcher",
    "Moongleamwalker",
    "Moongleamkeeper",
    "Moongleamdancer",
    "Moongleamdreamer",
    "Moongleammist",
    "Moonheartwhisper",
    "Moonheartsong",
    "Moonheartglade",
    "Moonheartbreeze",
    "Moonheartfall",
    "Moonheartshine",
    "Moonheartgleam",
    "Moonheartheart",
    "Moonheartflower",
    "Moonheartblossom",
    "Moonheartdance",
    "Moonheartrunner",
    "Moonheartseeker",
    "Moonheartweaver",
    "Moonheartwatcher",
    "Moonheartwalker",
    "Moonheartkeeper",
    "Moonheartdancer",
    "Moonheartdreamer",
    "Moonheartmist",
    "Moonflowerwhisper",
    "Moonflowersong",
    "Moonflowerglade",
    "Moonflowerbreeze",
    "Moonflowerfall",
    "Moonflowershine",
    "Moonflowergleam",
    "Moonflowerheart",
    "Moonflowerflower",
    "Moonflowerblossom",
    "Moonflowerdance",
    "Moonflowerrunner",
    "Moonflowerseeker",
    "Moonflowerweaver",
    "Moonflowerwatcher",
    "Moonflowerwalker",
    "Moonflowerkeeper",
    "Moonflowerdancer",
    "Moonflowerdreamer",
    "Moonflowermist",
    "Moonblossomwhisper",
    "Moonblossomsong",
    "Moonblossomglade",
    "Moonblossombreeze",
    "Moonblossomfall",
    "Moonblossomshine",
    "Moonblossomgleam",
    "Moonblossomheart",
    "Moonblossomflower",
    "Moonblossomblossom",
    "Moonblossomdance",
    "Moonblossomrunner",
    "Moonblossomseeker",
    "Moonblossomweaver",
    "Moonblossomwatcher",
    "Moonblossomwalker",
    "Moonblossomkeeper",
    "Moonblossomdancer",
    "Moonblossomdreamer",
    "Moonblossommist",
    "Moondancewhisper",
    "Moondancesong",
    "Moondanceglade",
    "Moondancebreeze",
    "Moondancefall",
    "Moondanceshine",
    "Moondancegleam",
    "Moondanceheart",
    "Moondanceflower",
    "Moondanceblossom",
    "Moondancedance",
    "Moondancerunner",
    "Moondanceseeker",
    "Moondanceweaver",
    "Moondancewatcher",
    "Moondancewalker",
    "Moondancekeeper",
    "Moondancedancer",
    "Moondancedreamer",
    "Moondancemist",
    "Moonrunnerwhisper",
    "Moonrunnersong",
    "Moonrunnerglade",
    "Moonrunnerbreeze",
    "Moonrunnerfall",
    "Moonrunnershine",
    "Moonrunnergleam",
    "Moonrunnerheart",
    "Moonrunnerflower",
    "Moonrunnerblossom",
    "Moonrunnerdance",
    "Moonrunnerrunner",
    "Moonrunnerseeker",
    "Moonrunnerweaver",
    "Moonrunnerwatcher",
    "Moonrunnerwalker",
    "Moonrunnerkeeper",
    "Moonrunnerdancer",
    "Moonrunnerdreamer",
    "Moonrunnermist",
    "Moonseekerwhisper",
    "Moonseekersong",
    "Moonseekerglade",
    "Moonseekerbreeze",
    "Moonseekerfall",
    "Moonseekershine",
    "Moonseekergleam",
    "Moonseekerheart",
    "Moonseekerflower",
    "Moonseekerblossom",
    "Moonseekerdance",
    "Moonseekerrunner",
    "Moonseekerseeker",
    "Moonseekerweaver",
    "Moonseekerwatcher",
    "Moonseekerwalker",
    "Moonseekerkeeper",
    "Moonseekerdancer",
    "Moonseekerdreamer",
    "Moonseekermist",
    "Moonweaverwhisper",
    "Moonweaversong",
    "Moonweaverglade",
    "Moonweaverbreeze",
    "Moonweaverfall",
    "Moonweavershine",
    "Moonweavergleam",
    "Moonweaverheart",
    "Moonweaverflower",
    "Moonweaverblossom",
    "Moonweaverdance",
    "Moonweaverrunner",
    "Moonweaverseeker",
    "Moonweaverweaver",
    "Moonweaverwatcher",
    "Moonweaverwalker",
    "Moonweaverkeeper",
    "Moonweaverdancer",
    "Moonweaverdreamer",
    "Moonweavermist",
    "Moonwatcherwhisper",
    "Moonwatchersong",
    "Moonwatcherglade",
    "Moonwatcherbreeze",
    "Moonwatcherfall",
    "Moonwatchershine",
    "Moonwatchergleam",
    "Moonwatcherheart",
    "Moonwatcherflower",
    "Moonwatcherblossom",
    "Moonwatcherdance",
    "Moonwatcherrunner",
    "Moonwatcherseeker",
    "Moonwatcherweaver",
    "Moonwatcherwatcher",
    "Moonwatcherwalker",
    "Moonwatcherkeeper",
    "Moonwatcherdancer",
    "Moonwatcherdreamer",
    "Moonwatchermist",
    "Moonwalkerwhisper",
    "Moonwalkersong",
    "Moonwalkerglade",
    "Moonwalkerbreeze",
    "Moonwalkerfall",
    "Moonwalkershine",
    "Moonwalkergleam",
    "Moonwalkerheart",
    "Moonwalkerflower",
    "Moonwalkerblossom",
    "Moonwalkerdance",
    "Moonwalkerrunner",
    "Moonwalkerseeker",
    "Moonwalkerweaver",
    "Moonwalkerwatcher",
    "Moonwalkerwalker",
    "Moonwalkerkeeper",
    "Moonwalkerdancer",
    "Moonwalkerdreamer",
    "Moonwalkermist",
    "Moonkeeperwhisper",
    "Moonkeepersong",
    "Moonkeeperglade",
    "Moonkeeperbreeze",
    "Moonkeeperfall",
    "Moonkeepershine",
    "Moonkeepergleam",
    "Moonkeeperheart",
    "Moonkeeperflower",
    "Moonkeeperblossom",
    "Moonkeeperdance",
    "Moonkeeperrunner",
    "Moonkeeperseeker",
    "Moonkeeperweaver",
    "Moonkeeperwatcher",
    "Moonkeeperwalker",
    "Moonkeeperkeeper",
    "Moonkeeperdancer",
    "Moonkeeperdreamer",
    "Moonkeepermist",
    "Moondancerwhisper",
    "Moondancersong",
    "Moondancerglade",
    "Moondancerbreeze",
    "Moondancerfall",
    "Moondancershine",
    "Moondancergleam",
    "Moondancerheart",
    "Moondancerflower",
    "Moondancerblossom",
    "Moondancerdance",
    "Moondancerrunner",
    "Moondancerseeker",
    "Moondancerweaver",
    "Moondancerwatcher",
    "Moondancerwalker",
    "Moondancerkeeper",
    "Moondancerdancer",
    "Moondancerdreamer",
    "Moondancermist",
    "Moondreamerwhisper",
    "Moondreamersong",
    "Moondreamerglade",
    "Moondreamerbreeze",
    "Moondreamerfall",
    "Moondreamershine",
    "Moondreamergleam",
    "Moondreamerheart",
    "Moondreamerflower",
    "Moondreamerblossom",
    "Moondreamerdance",
    "Moondreamerrunner",
    "Moondreamerseeker",
    "Moondreamerweaver",
    "Moondreamerwatcher",
    "Moondreamerwalker",
    "Moondreamerkeeper",
    "Moondreamerdancer",
    "Moondreamerdreamer",
    "Moondreamermist",
    "Moonmistwhisper",
    "Moonmistsong",
    "Moonmistglade",
    "Moonmistbreeze",
    "Moonmistfall",
    "Moonmistshine",
    "Moonmistgleam",
    "Moonmistheart",
    "Moonmistflower",
    "Moonmistblossom",
    "Moonmistdance",
    "Moonmistrunner",
    "Moonmistseeker",
    "Moonmistweaver",
    "Moonmistwatcher",
    "Moonmistwalker",
    "Moonmistkeeper",
    "Moonmistdancer",
    "Moonmistdreamer",
    "Moonmistmist",
    "Starwhisperwhisper",
    "Starwhispersong",
    "Starwhisperglade",
    "Starwhisperbreeze",
    "Starwhisperfall",
    "Starwhispershine",
    "Starwhispergleam",
    "Starwhisperheart",
    "Starwhisperflower",
    "Starwhisperblossom",
    "Starwhisperdance",
    "Starwhisperrunner",
    "Starwhisperseeker",
    "Starwhisperweaver",
    "Starwhisperwatcher",
    "Starwhisperwalker",
    "Starwhisperkeeper",
    "Starwhisperdancer",
    "Starwhisperdreamer",
    "Starwhispermist",
    "Starsongwhisper",
    "Starsongsong",
    "Starsongglade",
    "Starsongbreeze",
    "Starsongfall",
    "Starsongshine",
    "Starsonggleam",
    "Starsongheart",
    "Starsongflower",
    "Starsongblossom",
    "Starsongdance",
    "Starsongrunner",
    "Starsongseeker",
    "Starsongweaver",
    "Starsongwatcher",
    "Starsongwalker",
    "Starsongkeeper",
    "Starsongdancer",
    "Starsongdreamer",
    "Starsongmist",
    "Stargladewhisper",
    "Stargladesong",
    "Stargladeglade",
    "Stargladebreeze",
    "Stargladefall",
    "Stargladeshine",
    "Stargladegleam",
    "Stargladeheart",
    "Stargladeflower",
    "Stargladeblossom",
    "Stargladedance",
    "Stargladerunner",
    "Stargladeseeker",
    "Stargladeweaver",
    "Stargladewatcher",
    "Stargladewalker",
    "Stargladekeeper",
    "Stargladedancer",
    "Stargladedreamer",
    "Starglademist",
    "Starbreezewhisper",
    "Starbreezesong",
    "Starbreezeglade",
    "Starbreezebreeze",
    "Starbreezefall",
    "Starbreezeshine",
    "Starbreezegleam",
    "Starbreezeheart",
    "Starbreezeflower",
    "Starbreezeblossom",
    "Starbreezedance",
    "Starbreezerunner",
    "Starbreezeseeker",
    "Starbreezeweaver",
    "Starbreezewatcher",
    "Starbreezewalker",
    "Starbreezekeeper",
    "Starbreezedancer",
    "Starbreezedreamer",
    "Starbreezemist",
    "Starfallwhisper",
    "Starfallsong",
    "Starfallglade",
    "Starfallbreeze",
    "Starfallfall",
    "Starfallshine",
    "Starfallgleam",
    "Starfallheart",
    "Starfallflower",
    "Starfallblossom",
    "Starfalldance",
    "Starfallrunner",
    "Starfallseeker",
    "Starfallweaver",
    "Starfallwatcher",
    "Starfallwalker",
    "Starfallkeeper",
    "Starfalldancer",
    "Starfalldreamer",
    "Starfallmist",
    "Starshinewhisper",
    "Starshinesong",
    "Starshineglade",
    "Starshinebreeze",
    "Starshinefall",
    "Starshineshine",
    "Starshinegleam",
    "Starshineheart",
    "Starshineflower",
    "Starshineblossom",
    "Starshinedance",
    "Starshinerunner",
    "Starshineseeker",
    "Starshineweaver",
    "Starshinewatcher",
    "Starshinewalker",
    "Starshinekeeper",
    "Starshinedancer",
    "Starshinedreamer",
    "Starshinemist",
    "Stargleamwhisper",
    "Stargleamsong",
    "Stargleamglade",
    "Stargleambreeze",
    "Stargleamfall",
    "Stargleamshine",
    "Stargleamgleam",
    "Stargleamheart",
    "Stargleamflower",
    "Stargleamblossom",
    "Stargleamdance",
    "Stargleamrunner",
    "Stargleamseeker",
    "Stargleamweaver",
    "Stargleamwatcher",
    "Stargleamwalker",
    "Stargleamkeeper",
    "Stargleamdancer",
    "Stargleamdreamer",
    "Stargleammist",
    "Starheartwhisper",
    "Starheartsong",
    "Starheartglade",
    "Starheartbreeze",
    "Starheartfall",
    "Starheartshine",
    "Starheartgleam",
    "Starheartheart",
    "Starheartflower",
    "Starheartblossom",
    "Starheartdance",
    "Starheartrunner",
    "Starheartseeker",
    "Starheartweaver",
    "Starheartwatcher",
    "Starheartwalker",
    "Starheartkeeper",
    "Starheartdancer",
    "Starheartdreamer",
    "Starheartmist",
    "Starflowerwhisper",
    "Starflowersong",
    "Starflowerglade",
    "Starflowerbreeze",
    "Starflowerfall",
    "Starflowershine",
    "Starflowergleam",
    "Starflowerheart",
    "Starflowerflower",
    "Starflowerblossom",
    "Starflowerdance",
    "Starflowerrunner",
    "Starflowerseeker",
    "Starflowerweaver",
    "Starflowerwatcher",
    "Starflowerwalker",
    "Starflowerkeeper",
    "Starflowerdancer",
    "Starflowerdreamer",
    "Starflowermist",
    "Starblossomwhisper",
    "Starblossomsong",
    "Starblossomglade",
    "Starblossombreeze",
    "Starblossomfall",
    "Starblossomshine",
    "Starblossomgleam",
    "Starblossomheart",
    "Starblossomflower",
    "Starblossomblossom",
    "Starblossomdance",
    "Starblossomrunner",
    "Starblossomseeker",
    "Starblossomweaver",
    "Starblossomwatcher",
    "Starblossomwalker",
    "Starblossomkeeper",
    "Starblossomdancer",
    "Starblossomdreamer",
    "Starblossommist",
    "Stardancewhisper",
    "Stardancesong",
    "Stardanceglade",
    "Stardancebreeze",
    "Stardancefall",
    "Stardanceshine",
    "Stardancegleam",
    "Stardanceheart",
    "Stardanceflower",
    "Stardanceblossom",
    "Stardancedance",
    "Stardancerunner",
    "Stardanceseeker",
    "Stardanceweaver",
    "Stardancewatcher",
    "Stardancewalker",
    "Stardancekeeper",
    "Stardancedancer",
    "Stardancedreamer",
    "Stardancemist"
  ]
}