{
  "authors": [
    {
      "name": "munichjake",
      "email": "munichjake@dnd-session.de",
      "url": "https://dnd-session.de",
      "github": "https://github.com/munichjake"
    }
  ],
  "description": "Deutsche männliche Gnome-Vornamen",
  "version": "1.0.0",
  "names": [
    "Volbert",
    "Wilhammer",
    "Borhelm",
    "Klemsprung",
    "Piping",
    "Niksprung",
    "Carhelm",
    "Gustwald",
    "Sielin",
    "Ebergang",
    "Sigwin",
    "Wernfall",
    "Klembart",
    "Zinbert",
    "Garkraft",
    "Xavfred",
    "Zinhammer",
    "Yorschmied",
    "Ferkraft",
    "Kazkraft",
    "Carhart",
    "Hartwalt",
    "Borwalt",
    "Pipgeist",
    "Wernschmied",
    "Ulfwurz",
    "Rikbrok",
    "Brungrim",
    "Pipwald",
    "Wilfall",
    "Morhelm",
    "Dagbert",
    "Niklin",
    "Ferwald",
    "Ortbohr",
    "Zinbohr",
    "Siehart",
    "Dagwalt",
    "Morgeist",
    "Quarbrand",
    "Wildrin",
    "Siebohr",
    "Klemwin",
    "Nikbrecher",
    "Falkdrin",
    "Jarhold",
    "Volbart",
    "Garschmied",
    "Wilpfad",
    "Ruprick",
    "Borwald",
    "Jargrim",
    "Lordrin",
    "Nikstein",
    "Ingmund",
    "Rikmund",
    "Zinbrok",
    "Nikwalt",
    "Ulfkraft",
    "Xavmund",
    "Kazbrok",
    "Borkraft",
    "Dagpfad",
    "Xavrick",
    "Quarwin",
    "Jarbrand",
    "Lorfall",
    "Zindrin",
    "Yorwin",
    "Hartsturm",
    "Klempfad",
    "Piphart",
    "Ortbrecher",
    "Lorbrok",
    "Volfall",
    "Wilhart",
    "Dagfred",
    "Wernbrecher",
    "Lutzkraft",
    "Dagbrecher",
    "Lutzbrecher",
    "Jarsturm",
    "Lutzfred",
    "Jarbart",
    "Rupfred",
    "Carwalt",
    "Kazbohr",
    "Eberbohr",
    "Brunbart",
    "Garfall",
    "Siewald",
    "Rikhammer",
    "Klemhelm",
    "Harthammer",
    "Harting",
    "Wernsturm",
    "Rupbrok",
    "Sigsprung",
    "Dagdrin",
    "Rupdrin",
    "Yorwurz",
    "Torhammer",
    "Balstein",
    "Carbert",
    "Klemstein",
    "Balschmied",
    "Fergrim",
    "Lorrick",
    "Ortbart",
    "Lutzbrok",
    "Torbrand",
    "Quarschmied",
    "Ulffall",
    "Balmund",
    "Eberrick",
    "Rikwald",
    "Niksturm",
    "Garschraub",
    "Brungang",
    "Siepfad",
    "Balbart",
    "Loring",
    "Wilbert",
    "Dagsprung",
    "Eberbrok",
    "Klemwald",
    "Piplin",
    "Dagmund",
    "Hartschraub",
    "Ortmund",
    "Rupwurz",
    "Ferbrecher",
    "Torbart",
    "Vollin",
    "Dagschmied",
    "Sigwald",
    "Pipschmied",
    "Falkfred",
    "Ferfred",
    "Garbart",
    "Quarhart",
    "Wilstein",
    "Borbrecher",
    "Quarwalt",
    "Inggeist",
    "Xavwald",
    "Siglin",
    "Ferhart",
    "Torschmied",
    "Lutzlin",
    "Rikschmied",
    "Ulfsturm",
    "Gustlin",
    "Volrick",
    "Kazsprung",
    "Falkhammer",
    "Wernbrok",
    "Eberbrand",
    "Wernmund",
    "Wernschraub",
    "Torlin",
    "Gustbrecher",
    "Eberbert",
    "Pipbrok",
    "Wilschmied",
    "Lorgrim",
    "Rupbart",
    "Rikkraft",
    "Hartschmied",
    "Siehammer",
    "Balhart",
    "Klemhold",
    "Nikdrin",
    "Klemkraft",
    "Volpfad",
    "Werndrin",
    "Pipbrecher",
    "Cargang",
    "Inglin",
    "Harthold",
    "Balwald",
    "Ferhold",
    "Ortfall",
    "Gustschmied",
    "Yorbohr",
    "Ulfbohr",
    "Balbohr",
    "Siebrand",
    "Baldrin",
    "Wernhammer",
    "Gardrin",
    "Falkkraft",
    "Quarhammer",
    "Lutzsprung",
    "Nikmund",
    "Yorfred",
    "Torkraft",
    "Yorhart",
    "Gustsprung",
    "Siekraft",
    "Torwald",
    "Ingwald",
    "Rikbrecher",
    "Quarrick",
    "Wernhart",
    "Garwald",
    "Garfred",
    "Nikhelm",
    "Pipbohr",
    "Rupkraft",
    "Eberhammer",
    "Garbrok",
    "Jarfall",
    "Quarbrecher",
    "Ruphammer",
    "Bormund",
    "Ulfbrok",
    "Zinhelm",
    "Morsprung",
    "Quardrin",
    "Zinwalt",
    "Brunhold",
    "Balgeist",
    "Sigwalt",
    "Pipsturm",
    "Ulfmund",
    "Lutzwald",
    "Zingeist",
    "Lutzing",
    "Harthart",
    "Wernbohr",
    "Jarpfad",
    "Rikgang",
    "Lorpfad",
    "Wernrick",
    "Rikhelm",
    "Ferbrok",
    "Ingbohr",
    "Siggrim",
    "Sieing",
    "Rupwalt",
    "Zinhold",
    "Gargang",
    "Klemschraub",
    "Ingschraub",
    "Ferrick",
    "Yorrick",
    "Moring",
    "Volhelm",
    "Wernbert",
    "Balrick",
    "Siehold",
    "Quarhold",
    "Carwin",
    "Harthelm",
    "Lorgeist",
    "Kazsturm",
    "Eberfred",
    "Bruning",
    "Falkrick",
    "Lutzhold",
    "Balbrand",
    "Falksturm",
    "Ebermund",
    "Fermund",
    "Ferschraub",
    "Torwurz",
    "Rikdrin",
    "Ingbrecher",
    "Carsturm",
    "Nikgrim",
    "Quarbart",
    "Hartfall",
    "Volhart",
    "Torstein",
    "Nikschraub",
    "Morgang",
    "Falkpfad",
    "Eberstein",
    "Dagbohr",
    "Garpfad",
    "Torbrecher",
    "Hartbohr",
    "Pipfall",
    "Zinstein",
    "Xavhelm",
    "Gustmund",
    "Ebergrim",
    "Zingang",
    "Morschraub",
    "Zinsturm",
    "Tormund",
    "Carfall",
    "Torfred",
    "Ortschmied",
    "Kazgrim",
    "Sigpfad",
    "Ingrick",
    "Nikwurz",
    "Siefall",
    "Wilmund",
    "Eberbrecher",
    "Yorhammer",
    "Rikwurz",
    "Quarmund",
    "Balwalt",
    "Torgeist",
    "Lorhold",
    "Volfred",
    "Lorwalt",
    "Borrick",
    "Borsprung",
    "Klemgeist",
    "Morbrok",
    "Carmund",
    "Rikfall",
    "Ulflin",
    "Nikschmied",
    "Ferwalt",
    "Lutzhart",
    "Fersprung",
    "Torpfad",
    "Pippfad",
    "Lorsturm",
    "Jarwalt",
    "Ebering",
    "Gustdrin",
    "Garing",
    "Dagwurz",
    "Siesprung",
    "Ingsturm",
    "Carbrand",
    "Wilfred",
    "Daging",
    "Volbrok",
    "Falkwin",
    "Ulfhart",
    "Rupgrim",
    "Wernfred",
    "Jarbert",
    "Wernlin",
    "Yorbrand",
    "Lorbart",
    "Wernbart",
    "Carhold",
    "Rikgeist",
    "Gustrick",
    "Dagrick",
    "Wernwalt",
    "Gustgeist",
    "Ingwurz",
    "Klemhart",
    "Nikhart",
    "Lorsprung",
    "Jarhammer",
    "Ortschraub",
    "Jarmund",
    "Cargrim",
    "Volsturm",
    "Klemdrin",
    "Klemhammer",
    "Ingkraft",
    "Wilschraub",
    "Rupschraub",
    "Carschmied",
    "Torschraub",
    "Nikgang",
    "Wilwald",
    "Baling",
    "Garhart",
    "Ferwurz",
    "Dagbrok",
    "Brunkraft",
    "Garwin",
    "Falkwalt",
    "Yorbrok",
    "Piprick",
    "Orthelm",
    "Ferwin",
    "Hartlin",
    "Carpfad",
    "Lutzwalt",
    "Xavhammer",
    "Lorhammer",
    "Rikfred",
    "Lutzbert",
    "Torgang",
    "Rupbert",
    "Balfall",
    "Eberwurz",
    "Hartsprung",
    "Jarschmied",
    "Xaving",
    "Torhart",
    "Gusting",
    "Brunhart",
    "Sigbart",
    "Pipwurz",
    "Rikhold",
    "Wilgang",
    "Lormund",
    "Wernstein",
    "Sigschmied",
    "Wilhold",
    "Borbrand",
    "Lutzmund",
    "Xavdrin",
    "Borbohr",
    "Torrick",
    "Torfall",
    "Wiling",
    "Eberwalt",
    "Quargeist",
    "Xavbrecher",
    "Lutzbart",
    "Jarfred",
    "Volkraft",
    "Sighart",
    "Carwurz",
    "Wilbart",
    "Torwin",
    "Rikpfad",
    "Wernhold",
    "Ferdrin",
    "Ulfhold",
    "Garwurz",
    "Balsturm",
    "Ulfschmied",
    "Torbert",
    "Quarstein",
    "Ulfstein",
    "Kazlin",
    "Gustbrok",
    "Torsprung",
    "Nikrick",
    "Yorkraft",
    "Hartpfad",
    "Ingbart",
    "Morlin",
    "Pipkraft",
    "Daghammer",
    "Wilwurz",
    "Piphelm",
    "Eberwin",
    "Falksprung",
    "Klemgang",
    "Quargrim",
    "Gustschraub",
    "Lutzgang",
    "Ingwalt",
    "Klemmund",
    "Inging",
    "Wilwin",
    "Ortbrok",
    "Klembohr",
    "Falking",
    "Ferbert",
    "Toring",
    "Morstein",
    "Torgrim",
    "Rikbart",
    "Hartbrand",
    "Daggrim",
    "Nikkraft",
    "Lutzbrand",
    "Volwald",
    "Zinbrecher",
    "Sighelm",
    "Pipbart",
    "Eberhold",
    "Hartfred",
    "Rikrick",
    "Lorfred",
    "Volschraub",
    "Borstein",
    "Zinwald",
    "Kazhammer",
    "Wernbrand",
    "Kazgang",
    "Gustpfad",
    "Xavpfad",
    "Eberdrin",
    "Falkbohr",
    "Balbrecher",
    "Nikpfad",
    "Jarwald",
    "Lutzdrin",
    "Zinschmied",
    "Nikwin",
    "Torhelm",
    "Morpfad",
    "Morbrand",
    "Brunwald",
    "Rupfall",
    "Morrick",
    "Brungeist",
    "Siewalt",
    "Lutzfall",
    "Bordrin",
    "Rikhart",
    "Jarsprung",
    "Rikbohr",
    "Yorpfad",
    "Borgeist",
    "Sigstein",
    "Zinfall",
    "Lutzhelm",
    "Lorschraub",
    "Hartbart",
    "Ulfwin",
    "Dagbart",
    "Klemgrim",
    "Wilbrok",
    "Brunbrok",
    "Daghelm",
    "Carstein",
    "Ortgang",
    "Rikwin",
    "Eberschraub",
    "Wilsturm",
    "Hartgrim",
    "Siewurz",
    "Zinbrand",
    "Volsprung",
    "Morgrim",
    "Gusthart",
    "Borpfad",
    "Kazwald",
    "Morwurz",
    "Morbrecher",
    "Xavbohr",
    "Falkhart",
    "Brunrick",
    "Yorbart",
    "Torsturm",
    "Inghammer",
    "Quarhelm",
    "Borhammer",
    "Volbrand",
    "Garsprung",
    "Ingfred",
    "Jarbrok",
    "Yorstein",
    "Siegeist",
    "Lutzstein",
    "Jarwin",
    "Quarfred",
    "Pipgrim",
    "Fering",
    "Brunsturm",
    "Xavbart",
    "Kazdrin",
    "Falkbert",
    "Falklin",
    "Lutzwin",
    "Orthammer",
    "Yorgang",
    "Xavhart",
    "Caring",
    "Riksprung",
    "Brunschmied",
    "Piphammer",
    "Garwalt",
    "Yordrin",
    "Borwurz",
    "Lorbert",
    "Ebersprung",
    "Morhold",
    "Kazing",
    "Brunfred",
    "Borschraub",
    "Nikhammer",
    "Rupbohr",
    "Rupgeist",
    "Jarrick",
    "Lutzgrim",
    "Garlin",
    "Quarkraft",
    "Falkwurz",
    "Kazstein",
    "Xavgrim",
    "Brunstein",
    "Ulffred",
    "Lorhelm",
    "Lorwald",
    "Volhammer",
    "Ortkraft",
    "Brunwin",
    "Sigfall",
    "Fersturm",
    "Morfall",
    "Gusthold",
    "Quarbrok",
    "Garhammer",
    "Hartmund",
    "Sigbrok",
    "Pipschraub",
    "Wernwurz",
    "Klemrick",
    "Wernsprung",
    "Ortstein",
    "Xavstein",
    "Eberpfad",
    "Zinwurz",
    "Borfall",
    "Garbert",
    "Xavschmied",
    "Pipstein",
    "Siefred",
    "Sighold",
    "Brunschraub",
    "Yorwald",
    "Borwin",
    "Xavfall",
    "Sigbohr",
    "Jarhart",
    "Lutzhammer",
    "Werning",
    "Klemlin",
    "Lorbohr",
    "Borschmied",
    "Kazhart",
    "Quarbert",
    "Volgang",
    "Siemund",
    "Torhold",
    "Borhold",
    "Morfred",
    "Carsprung",
    "Lorbrecher",
    "Xavwin",
    "Zinbart",
    "Lutzbohr",
    "Lutzschraub",
    "Ulfbert",
    "Yorlin",
    "Jardrin",
    "Rupmund",
    "Kazwalt",
    "Yormund",
    "Ingdrin",
    "Garbrecher",
    "Rikgrim",
    "Ruping",
    "Ulfbrecher",
    "Volwalt",
    "Zining",
    "Carbohr",
    "Pipmund",
    "Orting",
    "Ulfdrin",
    "Garstein",
    "Balhammer",
    "Xavsturm",
    "Volwurz",
    "Carhammer",
    "Eberbart",
    "Piphold",
    "Carwald",
    "Brunwalt",
    "Klemfred",
    "Ortlin",
    "Pipwalt",
    "Ingsprung",
    "Riklin",
    "Quarlin",
    "Dagbrand",
    "Hartgeist",
    "Jargang",
    "Ballin",
    "Ingstein",
    "Borsturm",
    "Siebrecher",
    "Kleming",
    "Eberschmied",
    "Pipbert",
    "Falkbrok",
    "Gustbohr",
    "Niking",
    "Xavsprung",
    "Siewin",
    "Falkstein",
    "Kazrick",
    "Yorsprung",
    "Kazfred",
    "Borgang",
    "Balbrok",
    "Guststurm",
    "Gusthammer",
    "Falkfall",
    "Carbrecher",
    "Nikbart",
    "Carschraub",
    "Ulfwalt",
    "Hartrick",
    "Wernwin",
    "Jarbohr",
    "Ferschmied",
    "Morhart",
    "Falkmund",
    "Hartbrok",
    "Kazschraub",
    "Ferbrand",
    "Werngrim",
    "Sigbrand",
    "Falkwald",
    "Nikwald",
    "Ortfred",
    "Pipdrin",
    "Garrick",
    "Kazfall",
    "Borbrok",
    "Sigbert",
    "Nikhold",
    "Ulfing",
    "Siging",
    "Sigrick",
    "Lorwin",
    "Klemsturm",
    "Yorsturm",
    "Zinrick",
    "Balwin",
    "Brunwurz",
    "Ulfwald",
    "Gargrim",
    "Ortwin",
    "Sigwurz",
    "Wilbrecher",
    "Rikwalt",
    "Hartwurz",
    "Garsturm",
    "Kazhelm",
    "Nikfall",
    "Ortdrin",
    "Zinwin",
    "Wilhelm",
    "Ortpfad",
    "Gustwin",
    "Xavschraub",
    "Brundrin",
    "Gustfred",
    "Volhold",
    "Zinmund",
    "Hartwald",
    "Wilbrand",
    "Kazwurz",
    "Lutzgeist",
    "Nikbrok",
    "Ulfbart",
    "Volgrim",
    "Xavbrok",
    "Werngeist",
    "Eberlin",
    "Wernpfad",
    "Borbert",
    "Ortwalt",
    "Balschraub",
    "Dagsturm",
    "Ingfall",
    "Brunsprung",
    "Gusthelm",
    "Daghart",
    "Klembert",
    "Ulfrick",
    "Torbohr",
    "Gustwurz",
    "Wilgeist",
    "Garhelm",
    "Volgeist",
    "Borfred",
    "Brunhelm",
    "Ortbrand",
    "Xavlin",
    "Wernwald",
    "Falkgeist",
    "Ortsprung",
    "Ortrick",
    "Ortbert",
    "Mordrin",
    "Ulfschraub",
    "Rupbrecher",
    "Ebergeist",
    "Ingpfad",
    "Klemfall",
    "Garhold",
    "Dagfall",
    "Falkgrim",
    "Falkhelm",
    "Quargang",
    "Morwalt",
    "Klemwalt",
    "Pipsprung",
    "Hartwin",
    "Nikbrand",
    "Yorschraub",
    "Ingschmied",
    "Volmund",
    "Ferhelm",
    "Daglin",
    "Ingbrand",
    "Carfred",
    "Falkhold",
    "Carkraft",
    "Inghold",
    "Rupsprung",
    "Ferlin",
    "Xavbrand",
    "Ortgeist",
    "Falkschraub",
    "Nikfred",
    "Dagwald",
    "Ulfgang",
    "Dagstein",
    "Volstein",
    "Eberwald",
    "Gustgrim",
    "Inggrim",
    "Ingbrok",
    "Zinhart",
    "Pipgang",
    "Hartbert",
    "Quarfall",
    "Quarbohr",
    "Rupstein",
    "Volbrecher",
    "Wilwalt",
    "Lorwurz",
    "Lorschmied",
    "Lorhart",
    "Volschmied",
    "Kazschmied",
    "Rikstein",
    "Lutzpfad",
    "Ulfsprung",
    "Quarwurz",
    "Lorstein",
    "Sigschraub",
    "Fergang",
    "Zinfred",
    "Orthold",
    "Morbart",
    "Ebersturm",
    "Ruphelm",
    "Rikbrand",
    "Morhammer",
    "Pipfred",
    "Ortwurz",
    "Torwalt",
    "Volbohr",
    "Ulfgeist",
    "Volwin",
    "Garbrand",
    "Dagwin",
    "Brunbrecher",
    "Siehelm",
    "Pipwin",
    "Sigfred",
    "Brunlin",
    "Brunbohr",
    "Xavgang",
    "Rupschmied",
    "Zinschraub",
    "Klembrand",
    "Ingwin",
    "Kazbrand",
    "Lorgang",
    "Ferfall",
    "Wilbohr",
    "Guststein",
    "Siebrok",
    "Brunmund",
    "Xavkraft",
    "Zinkraft",
    "Ruppfad",
    "Jarstein",
    "Kazmund",
    "Ulfbrand",
    "Brunbrand",
    "Quarschraub",
    "Daggeist",
    "Yorhold",
    "Quarsprung",
    "Ortwald",
    "Hartbrecher",
    "Falkbrecher",
    "Wernhelm",
    "Jargeist",
    "Voling",
    "Riksturm",
    "Eberkraft",
    "Kazwin",
    "Balgang",
    "Quarsturm",
    "Eberhart",
    "Werngang",
    "Yoring",
    "Xavgeist",
    "Klemschmied",
    "Kazgeist",
    "Siedrin",
    "Jarhelm",
    "Siggang",
    "Kazbart",
    "Sigsturm",
    "Morwin",
    "Ferbart",
    "Xavwurz",
    "Ferbohr",
    "Zinpfad",
    "Ruplin",
    "Nikbert",
    "Carrick",
    "Balpfad",
    "Hartstein",
    "Mormund",
    "Ruphart",
    "Voldrin",
    "Wilsprung",
    "Garbohr",
    "Sieschraub",
    "Morwald",
    "Brunhammer",
    "Lorlin",
    "Yorhelm",
    "Morsturm",
    "Pipbrand",
    "Lorbrand",
    "Willin",
    "Xavwalt",
    "Ulfgrim",
    "Cardrin",
    "Kazpfad",
    "Ferhammer",
    "Yorfall",
    "Rupsturm",
    "Ortgrim",
    "Balbert",
    "Lutzsturm",
    "Hartdrin",
    "Lutzschmied",
    "Wilrick",
    "Gustwalt",
    "Nikbohr",
    "Zingrim",
    "Falkbrand",
    "Gustfall",
    "Balhold",
    "Borhart",
    "Siggeist",
    "Morkraft",
    "Sighammer",
    "Morschmied",
    "Gustbrand",
    "Jarschraub",
    "Rupbrand",
    "Ferpfad",
    "Gargeist",
    "Xavhold",
    "Ortsturm",
    "Fergeist",
    "Gustkraft",
    "Gustgang",
    "Daghold",
    "Ferstein",
    "Siegang",
    "Rupwin",
    "Rikbert",
    "Hartgang",
    "Brunfall",
    "Sigkraft",
    "Ruphold",
    "Zinlin",
    "Torbrok",
    "Ulfhelm",
    "Yorgrim",
    "Yorgeist",
    "Nikgeist",
    "Sieschmied",
    "Yorwalt",
    "Inghelm",
    "Quarpfad",
    "Orthart",
    "Balfred",
    "Morbert",
    "Sierick",
    "Eberhelm",
    "Balhelm",
    "Siesturm",
    "Lutzrick",
    "Balwurz",
    "Falkgang",
    "Sigmund",
    "Jarkraft",
    "Brunpfad",
    "Quaring",
    "Siebart",
    "Ulfpfad",
    "Balgrim",
    "Morbohr",
    "Gustbert",
    "Borgrim",
    "Rikschraub",
    "Kazhold",
    "Rupwald",
    "Sigbrecher",
    "Inghart",
    "Balsprung",
    "Ulfhammer",
    "Lorkraft",
    "Carbrok",
    "Riking",
    "Falkbart",
    "Dagkraft",
    "Eberfall",
    "Hartkraft",
    "Sigdrin",
    "Klemwurz",
    "Zinsprung",
    "Klembrok",
    "Quarwald",
    "Yorbert",
    "Wilgrim",
    "Cargeist",
    "Jarbrecher",
    "Brunbert",
    "Tordrin",
    "Balkraft",
    "Carlin",
    "Wernkraft"
  ]
}