{
  "authors": [
    {
      "name": "munichjake",
      "email": "munichjake@dnd-session.de",
      "url": "https://dnd-session.de",
      "github": "https://github.com/munichjake"
    }
  ],
  "description": "English dwarf surnames",
  "version": "1.0.0",
  "names": [
    "Stonefist",
    "Stoneheart",
    "Stonehead",
    "Stoneshield",
    "Stonebreaker",
    "Stonebeard",
    "Stonebrow",
    "Stonemaul",
    "Stonestone",
    "Stoneborn",
    "Stonesmith",
    "Stonehammer",
    "Stoneforge",
    "Stoneaxe",
    "Stonebuster",
    "Stoneguard",
    "Stoneringer",
    "Stoneshaper",
    "Stoneseeker",
    "Stonemaster",
    "Ironfist",
    "Ironheart",
    "Ironhead",
    "Ironshield",
    "Ironbreaker",
    "Ironbeard",
    "Ironbrow",
    "Ironmaul",
    "Ironstone",
    "Ironborn",
    "Ironsmith",
    "Ironhammer",
    "Ironforge",
    "Ironaxe",
    "Ironbuster",
    "Ironguard",
    "Ironringer",
    "Ironshaper",
    "Ironseeker",
    "Ironmaster",
    "Steelfist",
    "Steelheart",
    "Steelhead",
    "Steelshield",
    "Steelbreaker",
    "Steelbeard",
    "Steelbrow",
    "Steelmaul",
    "Steelstone",
    "Steelborn",
    "Steelsmith",
    "Steelhammer",
    "Steelforge",
    "Steelaxe",
    "Steelbuster",
    "Steelguard",
    "Steelringer",
    "Steelshaper",
    "Steelseeker",
    "Steelmaster",
    "Goldfist",
    "Goldheart",
    "Goldhead",
    "Goldshield",
    "Goldbreaker",
    "Goldbeard",
    "Goldbrow",
    "Goldmaul",
    "Goldstone",
    "Goldborn",
    "Goldsmith",
    "Goldhammer",
    "Goldforge",
    "Goldaxe",
    "Goldbuster",
    "Goldguard",
    "Goldringer",
    "Goldshaper",
    "Goldseeker",
    "Goldmaster",
    "Silverfist",
    "Silverheart",
    "Silverhead",
    "Silvershield",
    "Silverbreaker",
    "Silverbeard",
    "Silverbrow",
    "Silvermaul",
    "Silverstone",
    "Silverborn",
    "Silversmith",
    "Silverhammer",
    "Silverforge",
    "Silveraxe",
    "Silverbuster",
    "Silverguard",
    "Silverringer",
    "Silvershaper",
    "Silverseeker",
    "Silvermaster",
    "Bronzefist",
    "Bronzeheart",
    "Bronzehead",
    "Bronzeshield",
    "Bronzebreaker",
    "Bronzebeard",
    "Bronzebrow",
    "Bronzemaul",
    "Bronzestone",
    "Bronzeborn",
    "Bronzesmith",
    "Bronzehammer",
    "Bronzeforge",
    "Bronzeaxe",
    "Bronzebuster",
    "Bronzeguard",
    "Bronzeringer",
    "Bronzeshaper",
    "Bronzeseeker",
    "Bronzemaster",
    "Copperfist",
    "Copperheart",
    "Copperhead",
    "Coppershield",
    "Copperbreaker",
    "Copperbeard",
    "Copperbrow",
    "Coppermaul",
    "Copperstone",
    "Copperborn",
    "Coppersmith",
    "Copperhammer",
    "Copperforge",
    "Copperaxe",
    "Copperbuster",
    "Copperguard",
    "Copperringer",
    "Coppershaper",
    "Copperseeker",
    "Coppermaster",
    "Granitefist",
    "Graniteheart",
    "Granitehead",
    "Graniteshield",
    "Granitebreaker",
    "Granitebeard",
    "Granitebrow",
    "Granitemaul",
    "Granitestone",
    "Graniteborn",
    "Granitesmith",
    "Granitehammer",
    "Graniteforge",
    "Graniteaxe",
    "Granitebuster",
    "Graniteguard",
    "Graniteringer",
    "Graniteshaper",
    "Graniteseeker",
    "Granitemaster",
    "Oakfist",
    "Oakheart",
    "Oakhead",
    "Oakshield",
    "Oakbreaker",
    "Oakbeard",
    "Oakbrow",
    "Oakmaul",
    "Oakstone",
    "Oakborn",
    "Oaksmith",
    "Oakhammer",
    "Oakforge",
    "Oakaxe",
    "Oakbuster",
    "Oakguard",
    "Oakringer",
    "Oakshaper",
    "Oakseeker",
    "Oakmaster",
    "Hammerfist",
    "Hammerheart",
    "Hammerhead",
    "Hammershield",
    "Hammerbreaker",
    "Hammerbeard",
    "Hammerbrow",
    "Hammermaul",
    "Hammerstone",
    "Hammerborn",
    "Hammersmith",
    "Hammerhammer",
    "Hammerforge",
    "Hammeraxe",
    "Hammerbuster",
    "Hammerguard",
    "Hammerringer",
    "Hammershaper",
    "Hammerseeker",
    "Hammermaster",
    "Axefist",
    "Axeheart",
    "Axehead",
    "Axeshield",
    "Axebreaker",
    "Axebeard",
    "Axebrow",
    "Axemaul",
    "Axestone",
    "Axeborn",
    "Axesmith",
    "Axehammer",
    "Axeforge",
    "Axeaxe",
    "Axebuster",
    "Axeguard",
    "Axeringer",
    "Axeshaper",
    "Axeseeker",
    "Axemaster",
    "Shieldfist",
    "Shieldheart",
    "Shieldhead",
    "Shieldshield",
    "Shieldbreaker",
    "Shieldbeard",
    "Shieldbrow",
    "Shieldmaul",
    "Shieldstone",
    "Shieldborn",
    "Shieldsmith",
    "Shieldhammer",
    "Shieldforge",
    "Shieldaxe",
    "Shieldbuster",
    "Shieldguard",
    "Shieldringer",
    "Shieldshaper",
    "Shieldseeker",
    "Shieldmaster",
    "Beardfist",
    "Beardheart",
    "Beardhead",
    "Beardshield",
    "Beardbreaker",
    "Beardbeard",
    "Beardbrow",
    "Beardmaul",
    "Beardstone",
    "Beardborn",
    "Beardsmith",
    "Beardhammer",
    "Beardforge",
    "Beardaxe",
    "Beardbuster",
    "Beardguard",
    "Beardringer",
    "Beardshaper",
    "Beardseeker",
    "Beardmaster",
    "Boulderfist",
    "Boulderheart",
    "Boulderhead",
    "Bouldershield",
    "Boulderbreaker",
    "Boulderbeard",
    "Boulderbrow",
    "Bouldermaul",
    "Boulderstone",
    "Boulderborn",
    "Bouldersmith",
    "Boulderhammer",
    "Boulderforge",
    "Boulderaxe",
    "Boulderbuster",
    "Boulderguard",
    "Boulderringer",
    "Bouldershaper",
    "Boulderseeker",
    "Bouldermaster",
    "Forgefist",
    "Forgeheart",
    "Forgehead",
    "Forgeshield",
    "Forgebreaker",
    "Forgebeard",
    "Forgebrow",
    "Forgemaul",
    "Forgestone",
    "Forgeborn",
    "Forgesmith",
    "Forgehammer",
    "Forgeforge",
    "Forgeaxe",
    "Forgebuster",
    "Forgeguard",
    "Forgeringer",
    "Forgeshaper",
    "Forgeseeker",
    "Forgemaster",
    "Mountainfist",
    "Mountainheart",
    "Mountainhead",
    "Mountainshield",
    "Mountainbreaker",
    "Mountainbeard",
    "Mountainbrow",
    "Mountainmaul",
    "Mountainstone",
    "Mountainborn",
    "Mountainsmith",
    "Mountainhammer",
    "Mountainforge",
    "Mountainaxe",
    "Mountainbuster",
    "Mountainguard",
    "Mountainringer",
    "Mountainshaper",
    "Mountainseeker",
    "Mountainmaster",
    "Deepfist",
    "Deepheart",
    "Deephead",
    "Deepshield",
    "Deepbreaker",
    "Deepbeard",
    "Deepbrow",
    "Deepmaul",
    "Deepstone",
    "Deepborn",
    "Deepsmith",
    "Deephammer",
    "Deepforge",
    "Deepaxe",
    "Deepbuster",
    "Deepguard",
    "Deepringer",
    "Deepshaper",
    "Deepseeker",
    "Deepmaster",
    "Mithrilfist",
    "Mithrilheart",
    "Mithrilhead",
    "Mithrilshield",
    "Mithrilbreaker",
    "Mithrilbeard",
    "Mithrilbrow",
    "Mithrilmaul",
    "Mithrilstone",
    "Mithrilborn",
    "Mithrilsmith",
    "Mithrilhammer",
    "Mithrilforge",
    "Mithrilaxe",
    "Mithrilbuster",
    "Mithrilguard",
    "Mithrilringer",
    "Mithrilshaper",
    "Mithrilseeker",
    "Mithrilmaster",
    "Stormfist",
    "Stormheart",
    "Stormhead",
    "Stormshield",
    "Stormbreaker",
    "Stormbeard",
    "Stormbrow",
    "Stormmaul",
    "Stormstone",
    "Stormborn",
    "Stormsmith",
    "Stormhammer",
    "Stormforge",
    "Stormaxe",
    "Stormbuster",
    "Stormguard",
    "Stormringer",
    "Stormshaper",
    "Stormseeker",
    "Stormmaster",
    "Firefist",
    "Fireheart",
    "Firehead",
    "Fireshield",
    "Firebreaker",
    "Firebeard",
    "Firebrow",
    "Firemaul",
    "Firestone",
    "Fireborn",
    "Firesmith",
    "Firehammer",
    "Fireforge",
    "Fireaxe",
    "Firebuster",
    "Fireguard",
    "Fireringer",
    "Fireshaper",
    "Fireseeker",
    "Firemaster",
    "Darkfist",
    "Darkheart",
    "Darkhead",
    "Darkshield",
    "Darkbreaker",
    "Darkbeard",
    "Darkbrow",
    "Darkmaul",
    "Darkstone",
    "Darkborn",
    "Darksmith",
    "Darkhammer",
    "Darkforge",
    "Darkaxe",
    "Darkbuster",
    "Darkguard",
    "Darkringer",
    "Darkshaper",
    "Darkseeker",
    "Darkmaster",
    "Flamefist",
    "Flameheart",
    "Flamehead",
    "Flameshield",
    "Flamebreaker",
    "Flamebeard",
    "Flamebrow",
    "Flamemaul",
    "Flamestone",
    "Flameborn",
    "Flamesmith",
    "Flamehammer",
    "Flameforge",
    "Flameaxe",
    "Flamebuster",
    "Flameguard",
    "Flameringer",
    "Flameshaper",
    "Flameseeker",
    "Flamemaster",
    "Rockfist",
    "Rockheart",
    "Rockhead",
    "Rockshield",
    "Rockbreaker",
    "Rockbeard",
    "Rockbrow",
    "Rockmaul",
    "Rockstone",
    "Rockborn",
    "Rocksmith",
    "Rockhammer",
    "Rockforge",
    "Rockaxe",
    "Rockbuster",
    "Rockguard",
    "Rockringer",
    "Rockshaper",
    "Rockseeker",
    "Rockmaster",
    "Rumblefist",
    "Rumbleheart",
    "Rumblehead",
    "Rumbleshield",
    "Rumblebreaker",
    "Rumblebeard",
    "Rumblebrow",
    "Rumblemaul",
    "Rumblestone",
    "Rumbleborn",
    "Rumblesmith",
    "Rumblehammer",
    "Rumbleforge",
    "Rumbleaxe",
    "Rumblebuster",
    "Rumbleguard",
    "Rumbleringer",
    "Rumbleshaper",
    "Rumbleseeker",
    "Rumblemaster",
    "Strongfist",
    "Strongheart",
    "Stronghead",
    "Strongshield",
    "Strongbreaker",
    "Strongbeard",
    "Strongbrow",
    "Strongmaul",
    "Strongstone",
    "Strongborn",
    "Strongsmith",
    "Stronghammer",
    "Strongforge",
    "Strongaxe",
    "Strongbuster",
    "Strongguard",
    "Strongringer",
    "Strongshaper",
    "Strongseeker",
    "Strongmaster",
    "Runefist",
    "Runeheart",
    "Runehead",
    "Runeshield",
    "Runebreaker",
    "Runebeard",
    "Runebrow",
    "Runemaul",
    "Runestone",
    "Runeborn",
    "Runesmith",
    "Runehammer",
    "Runeforge",
    "Runeaxe",
    "Runebuster",
    "Runeguard",
    "Runeringer",
    "Runeshaper",
    "Runeseeker",
    "Runemaster",
    "Thunderfist",
    "Thunderheart",
    "Thunderhead",
    "Thundershield",
    "Thunderbreaker",
    "Thunderbeard",
    "Thunderbrow",
    "Thundermaul",
    "Thunderstone",
    "Thunderborn",
    "Thundersmith",
    "Thunderhammer",
    "Thunderforge",
    "Thunderaxe",
    "Thunderbuster",
    "Thunderguard",
    "Thunderringer",
    "Thundershaper",
    "Thunderseeker",
    "Thundermaster",
    "Anvilfist",
    "Anvilheart",
    "Anvilhead",
    "Anvilshield",
    "Anvilbreaker",
    "Anvilbeard",
    "Anvilbrow",
    "Anvilmaul",
    "Anvilstone",
    "Anvilborn",
    "Anvilsmith",
    "Anvilhammer",
    "Anvilforge",
    "Anvilaxe",
    "Anvilbuster",
    "Anvilguard",
    "Anvilringer",
    "Anvilshaper",
    "Anvilseeker",
    "Anvilmaster",
    "Barrelfist",
    "Barrelheart",
    "Barrelhead",
    "Barrelshield",
    "Barrelbreaker",
    "Barrelbeard",
    "Barrelbrow",
    "Barrelmaul",
    "Barrelstone",
    "Barrelborn",
    "Barrelsmith",
    "Barrelhammer",
    "Barrelforge",
    "Barrelaxe",
    "Barrelbuster",
    "Barrelguard",
    "Barrelringer",
    "Barrelshaper",
    "Barrelseeker",
    "Barrelmaster",
    "Alefist",
    "Aleheart",
    "Alehead",
    "Aleshield",
    "Alebreaker",
    "Alebeard",
    "Alebrow",
    "Alemaul",
    "Alestone",
    "Aleborn",
    "Alesmith",
    "Alehammer",
    "Aleforge",
    "Aleaxe",
    "Alebuster",
    "Aleguard",
    "Aleringer",
    "Aleshaper",
    "Aleseeker",
    "Alemaster",
    "Stonefistfist",
    "Stonefistheart",
    "Stonefisthead",
    "Stonefistshield",
    "Stonefistbreaker",
    "Stonefistbeard",
    "Stonefistbrow",
    "Stonefistmaul",
    "Stonefiststone",
    "Stonefistborn",
    "Stonefistsmith",
    "Stonefisthammer",
    "Stonefistforge",
    "Stonefistaxe",
    "Stonefistbuster",
    "Stonefistguard",
    "Stonefistringer",
    "Stonefistshaper",
    "Stonefistseeker",
    "Stonefistmaster",
    "Stoneheartfist",
    "Stoneheartheart",
    "Stonehearthead",
    "Stoneheartshield",
    "Stoneheartbreaker",
    "Stoneheartbeard",
    "Stoneheartbrow",
    "Stoneheartmaul",
    "Stoneheartstone",
    "Stoneheartborn",
    "Stoneheartsmith",
    "Stonehearthammer",
    "Stoneheartforge",
    "Stoneheartaxe",
    "Stoneheartbuster",
    "Stoneheartguard",
    "Stoneheartringer",
    "Stoneheartshaper",
    "Stoneheartseeker",
    "Stoneheartmaster",
    "Stoneheadfist",
    "Stoneheadheart",
    "Stoneheadhead",
    "Stoneheadshield",
    "Stoneheadbreaker",
    "Stoneheadbeard",
    "Stoneheadbrow",
    "Stoneheadmaul",
    "Stoneheadstone",
    "Stoneheadborn",
    "Stoneheadsmith",
    "Stoneheadhammer",
    "Stoneheadforge",
    "Stoneheadaxe",
    "Stoneheadbuster",
    "Stoneheadguard",
    "Stoneheadringer",
    "Stoneheadshaper",
    "Stoneheadseeker",
    "Stoneheadmaster",
    "Stoneshieldfist",
    "Stoneshieldheart",
    "Stoneshieldhead",
    "Stoneshieldshield",
    "Stoneshieldbreaker",
    "Stoneshieldbeard",
    "Stoneshieldbrow",
    "Stoneshieldmaul",
    "Stoneshieldstone",
    "Stoneshieldborn",
    "Stoneshieldsmith",
    "Stoneshieldhammer",
    "Stoneshieldforge",
    "Stoneshieldaxe",
    "Stoneshieldbuster",
    "Stoneshieldguard",
    "Stoneshieldringer",
    "Stoneshieldshaper",
    "Stoneshieldseeker",
    "Stoneshieldmaster",
    "Stonebreakerfist",
    "Stonebreakerheart",
    "Stonebreakerhead",
    "Stonebreakershield",
    "Stonebreakerbreaker",
    "Stonebreakerbeard",
    "Stonebreakerbrow",
    "Stonebreakermaul",
    "Stonebreakerstone",
    "Stonebreakerborn",
    "Stonebreakersmith",
    "Stonebreakerhammer",
    "Stonebreakerforge",
    "Stonebreakeraxe",
    "Stonebreakerbuster",
    "Stonebreakerguard",
    "Stonebreakerringer",
    "Stonebreakershaper",
    "Stonebreakerseeker",
    "Stonebreakermaster",
    "Stonebeardfist",
    "Stonebeardheart",
    "Stonebeardhead",
    "Stonebeardshield",
    "Stonebeardbreaker",
    "Stonebeardbeard",
    "Stonebeardbrow",
    "Stonebeardmaul",
    "Stonebeardstone",
    "Stonebeardborn",
    "Stonebeardsmith",
    "Stonebeardhammer",
    "Stonebeardforge",
    "Stonebeardaxe",
    "Stonebeardbuster",
    "Stonebeardguard",
    "Stonebeardringer",
    "Stonebeardshaper",
    "Stonebeardseeker",
    "Stonebeardmaster",
    "Stonebrowfist",
    "Stonebrowheart",
    "Stonebrowhead",
    "Stonebrowshield",
    "Stonebrowbreaker",
    "Stonebrowbeard",
    "Stonebrowbrow",
    "Stonebrowmaul",
    "Stonebrowstone",
    "Stonebrowborn",
    "Stonebrowsmith",
    "Stonebrowhammer",
    "Stonebrowforge",
    "Stonebrowaxe",
    "Stonebrowbuster",
    "Stonebrowguard",
    "Stonebrowringer",
    "Stonebrowshaper",
    "Stonebrowseeker",
    "Stonebrowmaster",
    "Stonemaulfist",
    "Stonemaulheart",
    "Stonemaulhead",
    "Stonemaulshield",
    "Stonemaulbreaker",
    "Stonemaulbeard",
    "Stonemaulbrow",
    "Stonemaulmaul",
    "Stonemaulstone",
    "Stonemaulborn",
    "Stonemaulsmith",
    "Stonemaulhammer",
    "Stonemaulforge",
    "Stonemaulaxe",
    "Stonemaulbuster",
    "Stonemaulguard",
    "Stonemaulringer",
    "Stonemaulshaper",
    "Stonemaulseeker",
    "Stonemaulmaster",
    "Stonestonefist",
    "Stonestoneheart",
    "Stonestonehead",
    "Stonestoneshield",
    "Stonestonebreaker",
    "Stonestonebeard",
    "Stonestonebrow",
    "Stonestonemaul",
    "Stonestonestone",
    "Stonestoneborn",
    "Stonestonesmith",
    "Stonestonehammer",
    "Stonestoneforge",
    "Stonestoneaxe",
    "Stonestonebuster",
    "Stonestoneguard",
    "Stonestoneringer",
    "Stonestoneshaper",
    "Stonestoneseeker",
    "Stonestonemaster",
    "Stonebornfist",
    "Stonebornheart",
    "Stonebornhead",
    "Stonebornshield",
    "Stonebornbreaker",
    "Stonebornbeard",
    "Stonebornbrow",
    "Stonebornmaul",
    "Stonebornstone",
    "Stonebornborn",
    "Stonebornsmith",
    "Stonebornhammer",
    "Stonebornforge",
    "Stonebornaxe",
    "Stonebornbuster",
    "Stonebornguard",
    "Stonebornringer",
    "Stonebornshaper",
    "Stonebornseeker",
    "Stonebornmaster",
    "Stonesmithfist",
    "Stonesmithheart",
    "Stonesmithhead",
    "Stonesmithshield",
    "Stonesmithbreaker",
    "Stonesmithbeard",
    "Stonesmithbrow",
    "Stonesmithmaul",
    "Stonesmithstone",
    "Stonesmithborn",
    "Stonesmithsmith",
    "Stonesmithhammer",
    "Stonesmithforge",
    "Stonesmithaxe",
    "Stonesmithbuster",
    "Stonesmithguard",
    "Stonesmithringer",
    "Stonesmithshaper",
    "Stonesmithseeker",
    "Stonesmithmaster",
    "Stonehammerfist",
    "Stonehammerheart",
    "Stonehammerhead",
    "Stonehammershield",
    "Stonehammerbreaker",
    "Stonehammerbeard",
    "Stonehammerbrow",
    "Stonehammermaul",
    "Stonehammerstone",
    "Stonehammerborn",
    "Stonehammersmith",
    "Stonehammerhammer",
    "Stonehammerforge",
    "Stonehammeraxe",
    "Stonehammerbuster",
    "Stonehammerguard",
    "Stonehammerringer",
    "Stonehammershaper",
    "Stonehammerseeker",
    "Stonehammermaster",
    "Stoneforgefist",
    "Stoneforgeheart",
    "Stoneforgehead",
    "Stoneforgeshield",
    "Stoneforgebreaker",
    "Stoneforgebeard",
    "Stoneforgebrow",
    "Stoneforgemaul",
    "Stoneforgestone",
    "Stoneforgeborn",
    "Stoneforgesmith",
    "Stoneforgehammer",
    "Stoneforgeforge",
    "Stoneforgeaxe",
    "Stoneforgebuster",
    "Stoneforgeguard",
    "Stoneforgeringer",
    "Stoneforgeshaper",
    "Stoneforgeseeker",
    "Stoneforgemaster",
    "Stoneaxefist",
    "Stoneaxeheart",
    "Stoneaxehead",
    "Stoneaxeshield",
    "Stoneaxebreaker",
    "Stoneaxebeard",
    "Stoneaxebrow",
    "Stoneaxemaul",
    "Stoneaxestone",
    "Stoneaxeborn",
    "Stoneaxesmith",
    "Stoneaxehammer",
    "Stoneaxeforge",
    "Stoneaxeaxe",
    "Stoneaxebuster",
    "Stoneaxeguard",
    "Stoneaxeringer",
    "Stoneaxeshaper",
    "Stoneaxeseeker",
    "Stoneaxemaster",
    "Stonebusterfist",
    "Stonebusterheart",
    "Stonebusterhead",
    "Stonebustershield",
    "Stonebusterbreaker",
    "Stonebusterbeard",
    "Stonebusterbrow",
    "Stonebustermaul",
    "Stonebusterstone",
    "Stonebusterborn",
    "Stonebustersmith",
    "Stonebusterhammer",
    "Stonebusterforge",
    "Stonebusteraxe",
    "Stonebusterbuster",
    "Stonebusterguard",
    "Stonebusterringer",
    "Stonebustershaper",
    "Stonebusterseeker",
    "Stonebustermaster",
    "Stoneguardfist",
    "Stoneguardheart",
    "Stoneguardhead",
    "Stoneguardshield",
    "Stoneguardbreaker",
    "Stoneguardbeard",
    "Stoneguardbrow",
    "Stoneguardmaul",
    "Stoneguardstone",
    "Stoneguardborn",
    "Stoneguardsmith",
    "Stoneguardhammer",
    "Stoneguardforge",
    "Stoneguardaxe",
    "Stoneguardbuster",
    "Stoneguardguard",
    "Stoneguardringer",
    "Stoneguardshaper",
    "Stoneguardseeker",
    "Stoneguardmaster",
    "Stoneringerfist",
    "Stoneringerheart",
    "Stoneringerhead",
    "Stoneringershield",
    "Stoneringerbreaker",
    "Stoneringerbeard",
    "Stoneringerbrow",
    "Stoneringermaul",
    "Stoneringerstone",
    "Stoneringerborn",
    "Stoneringersmith",
    "Stoneringerhammer",
    "Stoneringerforge",
    "Stoneringeraxe",
    "Stoneringerbuster",
    "Stoneringerguard",
    "Stoneringerringer",
    "Stoneringershaper",
    "Stoneringerseeker",
    "Stoneringermaster",
    "Stoneshaperfist",
    "Stoneshaperheart",
    "Stoneshaperhead",
    "Stoneshapershield",
    "Stoneshaperbreaker",
    "Stoneshaperbeard",
    "Stoneshaperbrow",
    "Stoneshapermaul",
    "Stoneshaperstone",
    "Stoneshaperborn",
    "Stoneshapersmith",
    "Stoneshaperhammer",
    "Stoneshaperforge",
    "Stoneshaperaxe",
    "Stoneshaperbuster",
    "Stoneshaperguard",
    "Stoneshaperringer",
    "Stoneshapershaper",
    "Stoneshaperseeker",
    "Stoneshapermaster",
    "Stoneseekerfist",
    "Stoneseekerheart",
    "Stoneseekerhead",
    "Stoneseekershield",
    "Stoneseekerbreaker",
    "Stoneseekerbeard",
    "Stoneseekerbrow",
    "Stoneseekermaul",
    "Stoneseekerstone",
    "Stoneseekerborn",
    "Stoneseekersmith",
    "Stoneseekerhammer",
    "Stoneseekerforge",
    "Stoneseekeraxe",
    "Stoneseekerbuster",
    "Stoneseekerguard",
    "Stoneseekerringer",
    "Stoneseekershaper",
    "Stoneseekerseeker",
    "Stoneseekermaster",
    "Stonemasterfist",
    "Stonemasterheart",
    "Stonemasterhead",
    "Stonemastershield",
    "Stonemasterbreaker",
    "Stonemasterbeard",
    "Stonemasterbrow",
    "Stonemastermaul",
    "Stonemasterstone",
    "Stonemasterborn",
    "Stonemastersmith",
    "Stonemasterhammer",
    "Stonemasterforge",
    "Stonemasteraxe",
    "Stonemasterbuster",
    "Stonemasterguard",
    "Stonemasterringer",
    "Stonemastershaper",
    "Stonemasterseeker",
    "Stonemastermaster"
  ]
}