{
  "authors": [
    {
      "name": "munichjake",
      "email": "munichjake@dnd-session.de",
      "url": "https://dnd-session.de",
      "github": "https://github.com/munichjake"
    }
  ],
  "description": "Deutsche Beinamen der Gnome",
  "version": "1.1.0",
  "names": [
    "der Gummifinder",
    "die Bolzenschmiedin",
    "der lachende Schreiber",
    "der Funkenriese",
    "der Hammermechaniker",
    "der Gummimagier",
    "der Lauterdreher",
    "die Läuferin",
    "die Schraubenfinderin",
    "die Hammerschmiedin",
    "der kluge Sammler",
    "der Stahlkonstrukteur",
    "die Gummibastelein",
    "die Federrichterin",
    "die Bohrerwerkerin",
    "die Gummiwerkerin",
    "der Lauterwerker",
    "die zaubernde Klopferin",
    "die Zahnradklopferin",
    "der tüftelnde Mechaniker",
    "der Stahlmeister",
    "der Kieselzauberer",
    "der Funkenhüter",
    "der Lauterknirsch",
    "der leise Erfinder",
    "die listige Knirscherin",
    "die Schraubenmechanikerin",
    "der leise Wächter",
    "die Erfindersammlerin",
    "die bastelnde Steigerin",
    "die Ritzelsteigerin",
    "der Spulenbohrer",
    "der Federtüftler",
    "der Schraubenbohrer",
    "der kluge Werfer",
    "die lachende Bastlerin",
    "die Bronzesammlerin",
    "die Eisendreherin",
    "die Bronzeläuferin",
    "die Eisenschlägerin",
    "die Eisenknirscherin",
    "der bastelnde Knirscher",
    "der Zahnradsteiger",
    "die leise Bastlerin",
    "die bastelnde Schrauberin",
    "der Bronzekönig",
    "der gerissene Knirscher",
    "der Dampferfinder",
    "die leise Meisterin",
    "der Bolzendreher",
    "die Schmiedewerkerin",
    "der Spulenknirscher",
    "der rutschige Sammler",
    "die Spulenläuferin",
    "der Kieselweber",
    "die träumende Klopferin",
    "die Zahnradfinderin",
    "der lachende Richter",
    "die Geheimerfinderin",
    "der Bohrerbohrer",
    "die Spulenriesin",
    "die geheime Fräserin",
    "die Bohrersammlerin",
    "die Spulenschrauberin",
    "der Bolzenschläger",
    "der zaubernde Denker",
    "die zaubernde Mechanikerin",
    "der rutschige Werker",
    "der geheime Mechaniker",
    "die Blitzweberin",
    "der Gummischrauber",
    "die ratternde Konstrukteurin",
    "die Kristallwächterin",
    "der Kieselkonstrukteur",
    "die Ritzeldreherin",
    "die Felsdenkerin",
    "die zaubernde Zauberin",
    "die gerissene Zauberin",
    "die Stahlschmiedin",
    "die kluge Hüterin",
    "der lachende Weber",
    "die Messingschlägerin",
    "der leise Sammler",
    "der zaubernde Drahtzieher",
    "der Kristallsteiger",
    "die Blitzsammlerin",
    "die Bronzeerfinderin",
    "der leise Schläger",
    "die Kieselklopferin",
    "die Felsenfinderin",
    "die Kieselkönigin",
    "die Hammersammlerin",
    "die Dampfbohrerin",
    "der bastelnde Techniker",
    "die rutschige Erfinderin",
    "der Funkenweber",
    "der kluge Bastler",
    "die Eisenbrennerin",
    "die Kupfermagierin",
    "die rutschige Magierin",
    "die Schraubenknirscherin",
    "der lachende Werker",
    "der Lauterschläger",
    "die Eisenwerkerin",
    "die Spulenmeisterin",
    "die Kristallknirscherin",
    "die kluge Brennerin",
    "der geheime Knirscher",
    "die Funkenweberin",
    "der ratternde Klopfer",
    "der Dampfwerker",
    "die Bolzenkonstrukteurin",
    "der Funkenkonstrukteur",
    "die Messingweberin",
    "die Blitzhüterin",
    "die Kupferläuferin",
    "die Bronzehüterin",
    "der Felsenhüter",
    "der Kieselriese",
    "der rutschige Weber",
    "der Zahnradwerfer",
    "der Zahnradknirscher",
    "der rutschige Magier",
    "die Kristallkönigin",
    "der zaubernde Wächter",
    "die Felsendreherin",
    "der Gummisammler",
    "der Kieseltechniker",
    "die lachende Weberin",
    "die Kristallläuferin",
    "die Zahnradriesin",
    "der bastelnde König",
    "die Kristallkönigin",
    "die Tüftlerflickerin",
    "die geheime Zauberin",
    "der Kristallhammer",
    "die Bolzendreherin",
    "der geheime Techniker",
    "der Blitzschläger",
    "die träumende Schmiedin",
    "der gerissene Riese",
    "der Bohrermagier",
    "der Lauterschmied",
    "der ratternde Hüter",
    "die bastelnde Hüterin",
    "die Stahlflickerin",
    "der Blitzsteiger",
    "der flinke Bohrer",
    "die Erfinderwerferin",
    "die träumende Technikerin",
    "die Hammermeisterin",
    "der leise König",
    "die denkende Bohrerin",
    "die Zahnradknirscherin",
    "die Federschmiedin",
    "der Ritzelflicker",
    "die Spulentüftlerin",
    "der Schraubenklopfer",
    "der geheime Läufer",
    "der Tüftlerwerker",
    "der Blitzflicker",
    "die Federsteigerin",
    "der rutschige Tüftler",
    "der Spulenläufer",
    "der Ritzelkönig",
    "der leise Werker",
    "der träumende König",
    "der Messingläufer",
    "der Funkenkönig",
    "der flinke Brenner",
    "der Eisenbohrer",
    "die Tüftlerdreherin",
    "der Kupferweber",
    "der Kieselläufer",
    "die Kupferkönigin",
    "der Bohrermeister",
    "der ratternde Ritter",
    "der Bolzenkönig",
    "die bastelnde Tüftlerin",
    "der listige Brenner",
    "der Schraubenkönig",
    "die Spulenschreiberin",
    "der Stahlfinder",
    "der Eisenritter",
    "die Erfindertüftlerin",
    "der Gummibrenner",
    "der Gummibastler",
    "die Funkenflickerin",
    "der kluge Meister",
    "die Gummidenkerin",
    "der träumende Wächter",
    "die Funkenschmiedin",
    "die lachende Werkerin",
    "die kluge Erfinderin",
    "die Federmagierin",
    "die Bohrerschmiedin",
    "der Bolzenritter",
    "die geheime Bohrerin",
    "der lachende König",
    "der Kupfersteiger",
    "der Stahlhüter",
    "die Eisenschmiedin",
    "die Schraubendreherin",
    "der leise Schreiber",
    "der Dampfschrauber",
    "der flinke Weber",
    "die Bolzenschlägerin",
    "die Ritzelmagierin",
    "der Eisenläufer",
    "der Spulenmagier"
  ]
}