{
  "authors": [
    {
      "name": "munichjake",
      "email": "munichjake@dnd-session.de",
      "url": "https://dnd-session.de",
      "github": "https://github.com/munichjake"
    }
  ],
  "description": "Fiktive Siedlungen der Dwarf",
  "version": "1.0.0",
  "settlements": [
    {
      "name": "Durak-Tor",
      "gender": "n"
    },
    {
      "name": "Kazad-Nar",
      "gender": "n"
    },
    {
      "name": "Baldurshorn",
      "gender": "m"
    },
    {
      "name": "Eisenschlag",
      "gender": "m"
    },
    {
      "name": "Onyxgrube",
      "gender": "f"
    },
    {
      "name": "Runenhort",
      "gender": "m"
    },
    {
      "name": "Tharg-Khul",
      "gender": "n"
    },
    {
      "name": "Glutfeste",
      "gender": "f"
    },
    {
      "name": "Steinmark",
      "gender": "m"
    },
    {
      "name": "Bartwall",
      "gender": "m"
    },
    {
      "name": "Akar-Gathol",
      "gender": "n"
    },
    {
      "name": "Granitklaue",
      "gender": "f"
    },
    {
      "name": "Hammerstein",
      "gender": "m"
    },
    {
      "name": "Zornkluft",
      "gender": "f"
    },
    {
      "name": "Khazad-Rûn",
      "gender": "n"
    },
    {
      "name": "Morgrimm",
      "gender": "m"
    },
    {
      "name": "Schattensang",
      "gender": "m"
    },
    {
      "name": "Felsenfeuer",
      "gender": "n"
    },
    {
      "name": "Dûrinthral",
      "gender": "n"
    },
    {
      "name": "Kupferheim",
      "gender": "n"
    },
    {
      "name": "Axtwacht",
      "gender": "f"
    },
    {
      "name": "Stahlhain",
      "gender": "m"
    },
    {
      "name": "Brummfels",
      "gender": "m"
    },
    {
      "name": "Throgar",
      "gender": "n"
    },
    {
      "name": "Mithrilgrund",
      "gender": "m"
    },
    {
      "name": "Eisenhort",
      "gender": "m"
    },
    {
      "name": "Barak-Narûl",
      "gender": "n"
    },
    {
      "name": "Schwarzgrat",
      "gender": "m"
    },
    {
      "name": "Glutklaue",
      "gender": "f"
    },
    {
      "name": "Steinschild",
      "gender": "m"
    },
    {
      "name": "Zornfeste",
      "gender": "f"
    },
    {
      "name": "Durgrimm",
      "gender": "m"
    },
    {
      "name": "Runenzahn",
      "gender": "m"
    },
    {
      "name": "Bartkamm",
      "gender": "m"
    },
    {
      "name": "Kragendûm",
      "gender": "n"
    },
    {
      "name": "Sturmkluft",
      "gender": "f"
    },
    {
      "name": "Feuerbart",
      "gender": "m"
    },
    {
      "name": "Erzfels",
      "gender": "m"
    },
    {
      "name": "Baldurshold",
      "gender": "n"
    },
    {
      "name": "Grollmoor",
      "gender": "n"
    },
    {
      "name": "Zergrat",
      "gender": "m"
    },
    {
      "name": "Tharn-Khaz",
      "gender": "n"
    },
    {
      "name": "Silbersang",
      "gender": "m"
    },
    {
      "name": "Steinhammer",
      "gender": "m"
    },
    {
      "name": "Glutwehr",
      "gender": "f"
    },
    {
      "name": "Dûmthrak",
      "gender": "n"
    },
    {
      "name": "Schildhügel",
      "gender": "m"
    },
    {
      "name": "Bartquell",
      "gender": "m"
    },
    {
      "name": "Schwarzklamm",
      "gender": "f"
    },
    {
      "name": "Mithrilhügel",
      "gender": "m"
    },
    {
      "name": "Onyxklinge",
      "gender": "f"
    },
    {
      "name": "Durinswall",
      "gender": "m"
    },
    {
      "name": "Steinspalt",
      "gender": "m"
    },
    {
      "name": "Axtberg",
      "gender": "m"
    },
    {
      "name": "Frostschlund",
      "gender": "m"
    },
    {
      "name": "Runenklamm",
      "gender": "f"
    },
    {
      "name": "Glutmark",
      "gender": "m"
    },
    {
      "name": "Kharum-Dûl",
      "gender": "n"
    },
    {
      "name": "Zornmoor",
      "gender": "n"
    },
    {
      "name": "Brummschlag",
      "gender": "m"
    },
    {
      "name": "Schattenspitze",
      "gender": "f"
    },
    {
      "name": "Steinbruchtor",
      "gender": "n"
    },
    {
      "name": "Goldbart",
      "gender": "m"
    },
    {
      "name": "Helmgrat",
      "gender": "m"
    },
    {
      "name": "Durinthûl",
      "gender": "n"
    },
    {
      "name": "Kupferzunge",
      "gender": "f"
    },
    {
      "name": "Glutheim",
      "gender": "n"
    },
    {
      "name": "Stahlbart",
      "gender": "m"
    },
    {
      "name": "Felswacht",
      "gender": "f"
    },
    {
      "name": "Schlundhall",
      "gender": "f"
    },
    {
      "name": "Aegis-Dûm",
      "gender": "n"
    },
    {
      "name": "Erzkluft",
      "gender": "f"
    },
    {
      "name": "Sturmbart",
      "gender": "m"
    },
    {
      "name": "Thrangrim",
      "gender": "m"
    },
    {
      "name": "Eisensporn",
      "gender": "m"
    },
    {
      "name": "Glutkrone",
      "gender": "f"
    },
    {
      "name": "Runensang",
      "gender": "m"
    },
    {
      "name": "Kazad-Thûr",
      "gender": "n"
    },
    {
      "name": "Bartwall",
      "gender": "m"
    },
    {
      "name": "Onyxfels",
      "gender": "m"
    },
    {
      "name": "Mithrilsang",
      "gender": "m"
    },
    {
      "name": "Durinshold",
      "gender": "n"
    },
    {
      "name": "Schattengang",
      "gender": "m"
    },
    {
      "name": "Frostgrat",
      "gender": "m"
    },
    {
      "name": "Glutklaff",
      "gender": "f"
    },
    {
      "name": "Eisenquader",
      "gender": "m"
    },
    {
      "name": "Steinhort",
      "gender": "m"
    },
    {
      "name": "Zornmark",
      "gender": "m"
    },
    {
      "name": "Khazad-Fel",
      "gender": "n"
    },
    {
      "name": "Brummhain",
      "gender": "m"
    },
    {
      "name": "Bartmoor",
      "gender": "n"
    },
    {
      "name": "Erzmark",
      "gender": "m"
    },
    {
      "name": "Dûrinfall",
      "gender": "m"
    },
    {
      "name": "Hammergrund",
      "gender": "m"
    },
    {
      "name": "Kupferfels",
      "gender": "m"
    },
    {
      "name": "Runentor",
      "gender": "n"
    },
    {
      "name": "Stahlschlag",
      "gender": "m"
    },
    {
      "name": "Felsenwacht",
      "gender": "f"
    },
    {
      "name": "Granitwall",
      "gender": "m"
    },
    {
      "name": "Mithrilwehr",
      "gender": "f"
    },
    {
      "name": "Durak-Khul",
      "gender": "n"
    },
    {
      "name": "Schwarzspitze",
      "gender": "f"
    },
    {
      "name": "Bartschlucht",
      "gender": "f"
    },
    {
      "name": "Glutgrenze",
      "gender": "f"
    },
    {
      "name": "Steinkrone",
      "gender": "f"
    },
    {
      "name": "Zorntor",
      "gender": "n"
    },
    {
      "name": "Kazad-Thorn",
      "gender": "n"
    },
    {
      "name": "Eisensang",
      "gender": "m"
    },
    {
      "name": "Runenklippe",
      "gender": "f"
    },
    {
      "name": "Glutfels",
      "gender": "m"
    },
    {
      "name": "Schattengrund",
      "gender": "m"
    },
    {
      "name": "Axtwall",
      "gender": "m"
    },
    {
      "name": "Durinthron",
      "gender": "m"
    },
    {
      "name": "Erzklang",
      "gender": "m"
    },
    {
      "name": "Barttal",
      "gender": "n"
    },
    {
      "name": "Kupfergang",
      "gender": "m"
    },
    {
      "name": "Stahlsang",
      "gender": "m"
    },
    {
      "name": "Felsenklang",
      "gender": "m"
    },
    {
      "name": "Granitgrund",
      "gender": "m"
    },
    {
      "name": "Khazad-Morak",
      "gender": "n"
    },
    {
      "name": "Thrumhold",
      "gender": "n"
    },
    {
      "name": "Onyxspitze",
      "gender": "f"
    },
    {
      "name": "Glutfels",
      "gender": "m"
    },
    {
      "name": "Schattentor",
      "gender": "n"
    },
    {
      "name": "Eisenfort",
      "gender": "n"
    },
    {
      "name": "Runenhort",
      "gender": "m"
    },
    {
      "name": "Stahlklang",
      "gender": "m"
    },
    {
      "name": "Zornwehr",
      "gender": "f"
    },
    {
      "name": "Bartklang",
      "gender": "m"
    },
    {
      "name": "Durinshain",
      "gender": "m"
    },
    {
      "name": "Erzstein",
      "gender": "m"
    },
    {
      "name": "Kupfermark",
      "gender": "m"
    },
    {
      "name": "Glutmauer",
      "gender": "f"
    },
    {
      "name": "Steinhorst",
      "gender": "m"
    },
    {
      "name": "Khazad-Tûl",
      "gender": "n"
    },
    {
      "name": "Brummfort",
      "gender": "n"
    },
    {
      "name": "Schildgrund",
      "gender": "m"
    },
    {
      "name": "Hammerklang",
      "gender": "m"
    },
    {
      "name": "Felsenhall",
      "gender": "f"
    },
    {
      "name": "Mithrilfeste",
      "gender": "f"
    },
    {
      "name": "Zornhall",
      "gender": "f"
    },
    {
      "name": "Glutsporn",
      "gender": "m"
    },
    {
      "name": "Stahlschild",
      "gender": "m"
    },
    {
      "name": "Eisenhorn",
      "gender": "m"
    },
    {
      "name": "Runenwall",
      "gender": "m"
    },
    {
      "name": "Onyxwehr",
      "gender": "f"
    },
    {
      "name": "Kazad-Bûl",
      "gender": "n"
    },
    {
      "name": "Durinthor",
      "gender": "m"
    },
    {
      "name": "Bartkrone",
      "gender": "f"
    },
    {
      "name": "Erzklippe",
      "gender": "f"
    },
    {
      "name": "Kupferklinge",
      "gender": "f"
    },
    {
      "name": "Steinmark",
      "gender": "m"
    },
    {
      "name": "Glutbann",
      "gender": "m"
    },
    {
      "name": "Schattensang",
      "gender": "m"
    },
    {
      "name": "Mithrilwall",
      "gender": "m"
    },
    {
      "name": "Brummtor",
      "gender": "n"
    },
    {
      "name": "Zornspitze",
      "gender": "f"
    },
    {
      "name": "Khazad-Khor",
      "gender": "n"
    },
    {
      "name": "Throlgar",
      "gender": "n"
    },
    {
      "name": "Onyxgrund",
      "gender": "m"
    },
    {
      "name": "Eisenkamm",
      "gender": "m"
    },
    {
      "name": "Runenkamm",
      "gender": "m"
    },
    {
      "name": "Stahldorn",
      "gender": "m"
    },
    {
      "name": "Glutschlucht",
      "gender": "f"
    },
    {
      "name": "Steinsang",
      "gender": "m"
    },
    {
      "name": "Kupferhort",
      "gender": "m"
    },
    {
      "name": "Durinsschlucht",
      "gender": "f"
    },
    {
      "name": "Erzsporn",
      "gender": "m"
    },
    {
      "name": "Bartgrund",
      "gender": "m"
    },
    {
      "name": "Glutmauer",
      "gender": "f"
    },
    {
      "name": "Schwarzschlund",
      "gender": "m"
    },
    {
      "name": "Kazad-Fhûl",
      "gender": "n"
    },
    {
      "name": "Grimmburg",
      "gender": "f"
    },
    {
      "name": "Throgarûn",
      "gender": "n"
    },
    {
      "name": "Stahlquell",
      "gender": "m"
    },
    {
      "name": "Bartfels",
      "gender": "m"
    },
    {
      "name": "Dûlkhaz",
      "gender": "n"
    },
    {
      "name": "Feuerklamm",
      "gender": "f"
    },
    {
      "name": "Runenspitze",
      "gender": "f"
    },
    {
      "name": "Zirakholm",
      "gender": "n"
    },
    {
      "name": "Hammerfurt",
      "gender": "m"
    },
    {
      "name": "Khazruk",
      "gender": "n"
    },
    {
      "name": "Glutbronn",
      "gender": "m"
    },
    {
      "name": "Steinpfad",
      "gender": "m"
    },
    {
      "name": "Durthron",
      "gender": "m"
    },
    {
      "name": "Granitspitze",
      "gender": "f"
    },
    {
      "name": "Murzûl",
      "gender": "n"
    },
    {
      "name": "Axtstollen",
      "gender": "m"
    },
    {
      "name": "Sturmwehr",
      "gender": "f"
    },
    {
      "name": "Khazad-Zhal",
      "gender": "n"
    },
    {
      "name": "Baldurquell",
      "gender": "m"
    },
    {
      "name": "Kupferkluft",
      "gender": "f"
    },
    {
      "name": "Schwarzmark",
      "gender": "m"
    },
    {
      "name": "Onyxhain",
      "gender": "m"
    },
    {
      "name": "Glutstollen",
      "gender": "m"
    },
    {
      "name": "Runentor",
      "gender": "n"
    },
    {
      "name": "Thargûn",
      "gender": "n"
    },
    {
      "name": "Bartwacht",
      "gender": "f"
    },
    {
      "name": "Steinsang",
      "gender": "m"
    },
    {
      "name": "Eisenpfad",
      "gender": "m"
    },
    {
      "name": "Durgrimhold",
      "gender": "n"
    },
    {
      "name": "Mithrilklamm",
      "gender": "f"
    },
    {
      "name": "Zornquell",
      "gender": "m"
    },
    {
      "name": "Kharadûn",
      "gender": "n"
    },
    {
      "name": "Felssturm",
      "gender": "m"
    },
    {
      "name": "Glutspalt",
      "gender": "m"
    },
    {
      "name": "Schattenschild",
      "gender": "m"
    },
    {
      "name": "Runenbrunn",
      "gender": "m"
    },
    {
      "name": "Axtgrat",
      "gender": "m"
    },
    {
      "name": "Durinheim",
      "gender": "n"
    },
    {
      "name": "Kazad-Barruk",
      "gender": "n"
    },
    {
      "name": "Granitflamme",
      "gender": "f"
    },
    {
      "name": "Onyxwall",
      "gender": "m"
    },
    {
      "name": "Stahlquader",
      "gender": "m"
    },
    {
      "name": "Bartwurz",
      "gender": "f"
    },
    {
      "name": "Hammerhall",
      "gender": "f"
    },
    {
      "name": "Khuldar",
      "gender": "n"
    },
    {
      "name": "Erzspitze",
      "gender": "f"
    },
    {
      "name": "Zornfels",
      "gender": "m"
    },
    {
      "name": "Glutwehr",
      "gender": "f"
    },
    {
      "name": "Durkhaz",
      "gender": "n"
    },
    {
      "name": "Runenfels",
      "gender": "m"
    },
    {
      "name": "Steinwehr",
      "gender": "f"
    },
    {
      "name": "Kazad-Nhul",
      "gender": "n"
    },
    {
      "name": "Schwarzfeste",
      "gender": "f"
    },
    {
      "name": "Kupfergrat",
      "gender": "m"
    },
    {
      "name": "Glutmühle",
      "gender": "f"
    },
    {
      "name": "Bartschlag",
      "gender": "m"
    },
    {
      "name": "Axttal",
      "gender": "n"
    },
    {
      "name": "Sturmhort",
      "gender": "m"
    },
    {
      "name": "Onyxdorn",
      "gender": "m"
    },
    {
      "name": "Durinshain",
      "gender": "m"
    },
    {
      "name": "Mithrilwall",
      "gender": "m"
    },
    {
      "name": "Khazrûn",
      "gender": "n"
    },
    {
      "name": "Steinkrone",
      "gender": "f"
    },
    {
      "name": "Erzgrund",
      "gender": "m"
    },
    {
      "name": "Glutfurt",
      "gender": "m"
    },
    {
      "name": "Runenschlucht",
      "gender": "f"
    },
    {
      "name": "Zornhorn",
      "gender": "m"
    },
    {
      "name": "Granitpfad",
      "gender": "m"
    },
    {
      "name": "Durinkluft",
      "gender": "f"
    },
    {
      "name": "Kazad-Fhaz",
      "gender": "n"
    },
    {
      "name": "Bartfels",
      "gender": "m"
    },
    {
      "name": "Hammergrund",
      "gender": "m"
    },
    {
      "name": "Stahlwehr",
      "gender": "f"
    },
    {
      "name": "Kupferwehr",
      "gender": "f"
    },
    {
      "name": "Schattental",
      "gender": "n"
    },
    {
      "name": "Glutgrat",
      "gender": "m"
    },
    {
      "name": "Steinschlag",
      "gender": "m"
    },
    {
      "name": "Khazad-Zor",
      "gender": "n"
    },
    {
      "name": "Runenhort",
      "gender": "m"
    },
    {
      "name": "Felskrone",
      "gender": "f"
    },
    {
      "name": "Durinthal",
      "gender": "n"
    },
    {
      "name": "Axtgrund",
      "gender": "m"
    },
    {
      "name": "Granitwehr",
      "gender": "f"
    },
    {
      "name": "Onyxschmiede",
      "gender": "f"
    },
    {
      "name": "Mithrilhort",
      "gender": "m"
    },
    {
      "name": "Stahldom",
      "gender": "m"
    },
    {
      "name": "Bartquell",
      "gender": "m"
    },
    {
      "name": "Khazdum",
      "gender": "n"
    },
    {
      "name": "Schwarzschmied",
      "gender": "m"
    },
    {
      "name": "Glutberg",
      "gender": "m"
    },
    {
      "name": "Steinkamm",
      "gender": "m"
    },
    {
      "name": "Durinwall",
      "gender": "m"
    },
    {
      "name": "Runenhorn",
      "gender": "m"
    },
    {
      "name": "Erzkluft",
      "gender": "f"
    },
    {
      "name": "Kazad-Drûn",
      "gender": "n"
    },
    {
      "name": "Bartmark",
      "gender": "m"
    },
    {
      "name": "Hammerwall",
      "gender": "m"
    },
    {
      "name": "Stahlhain",
      "gender": "m"
    },
    {
      "name": "Kupferklang",
      "gender": "m"
    },
    {
      "name": "Glutbruch",
      "gender": "m"
    },
    {
      "name": "Schattentor",
      "gender": "n"
    },
    {
      "name": "Onyxquell",
      "gender": "m"
    },
    {
      "name": "Durinthron",
      "gender": "m"
    },
    {
      "name": "Mithrilsang",
      "gender": "m"
    },
    {
      "name": "Khazthûl",
      "gender": "n"
    },
    {
      "name": "Runendorn",
      "gender": "m"
    },
    {
      "name": "Steingrund",
      "gender": "m"
    },
    {
      "name": "Zornstollen",
      "gender": "m"
    },
    {
      "name": "Glutflamme",
      "gender": "f"
    },
    {
      "name": "Erzschmiede",
      "gender": "f"
    },
    {
      "name": "Kazad-Rhul",
      "gender": "n"
    },
    {
      "name": "Bartklamm",
      "gender": "f"
    },
    {
      "name": "Hammerstein",
      "gender": "m"
    },
    {
      "name": "Stahlschlucht",
      "gender": "f"
    },
    {
      "name": "Kupferhorn",
      "gender": "m"
    },
    {
      "name": "Granitkamm",
      "gender": "m"
    },
    {
      "name": "Durinbruch",
      "gender": "m"
    },
    {
      "name": "Schwarzgrat",
      "gender": "m"
    },
    {
      "name": "Glutspitze",
      "gender": "f"
    },
    {
      "name": "Onyxmark",
      "gender": "m"
    },
    {
      "name": "Runenschild",
      "gender": "m"
    },
    {
      "name": "Erzbrunn",
      "gender": "m"
    },
    {
      "name": "Kazad-Mhul",
      "gender": "n"
    },
    {
      "name": "Stahlgrund",
      "gender": "m"
    },
    {
      "name": "Bartwehr",
      "gender": "f"
    },
    {
      "name": "Hammerhort",
      "gender": "m"
    },
    {
      "name": "Kupferfels",
      "gender": "m"
    },
    {
      "name": "Durinmark",
      "gender": "m"
    },
    {
      "name": "Glutdom",
      "gender": "m"
    },
    {
      "name": "Schattensang",
      "gender": "m"
    },
    {
      "name": "Onyxwand",
      "gender": "f"
    },
    {
      "name": "Runenwall",
      "gender": "m"
    },
    {
      "name": "Erzgrat",
      "gender": "m"
    },
    {
      "name": "Kazad-Thrum",
      "gender": "n"
    },
    {
      "name": "Stahlschmiede",
      "gender": "f"
    },
    {
      "name": "Bartwall",
      "gender": "m"
    },
    {
      "name": "Hammerwehr",
      "gender": "f"
    },
    {
      "name": "Kupferquell",
      "gender": "m"
    },
    {
      "name": "Durinwehr",
      "gender": "f"
    },
    {
      "name": "Glutgrund",
      "gender": "m"
    },
    {
      "name": "Schattengrat",
      "gender": "m"
    },
    {
      "name": "Onyxdûm",
      "gender": "n"
    },
    {
      "name": "Runensang",
      "gender": "m"
    },
    {
      "name": "Erztal",
      "gender": "n"
    },
    {
      "name": "Kazad-Brul",
      "gender": "n"
    },
    {
      "name": "Stahlberg",
      "gender": "m"
    },
    {
      "name": "Bartdom",
      "gender": "m"
    },
    {
      "name": "Hammerhain",
      "gender": "m"
    },
    {
      "name": "Kupfersturm",
      "gender": "m"
    },
    {
      "name": "Durintor",
      "gender": "n"
    },
    {
      "name": "Glutklang",
      "gender": "m"
    },
    {
      "name": "Schwarzfrost",
      "gender": "m"
    },
    {
      "name": "Onyxwehr",
      "gender": "f"
    },
    {
      "name": "Runenmark",
      "gender": "m"
    },
    {
      "name": "Erzhall",
      "gender": "f"
    },
    {
      "name": "Kazad-Khral",
      "gender": "n"
    },
    {
      "name": "Stahldorn",
      "gender": "m"
    },
    {
      "name": "Barttal",
      "gender": "n"
    },
    {
      "name": "Hammerkluft",
      "gender": "f"
    },
    {
      "name": "Kupfergrund",
      "gender": "m"
    },
    {
      "name": "Durinfeste",
      "gender": "f"
    },
    {
      "name": "Glutsporn",
      "gender": "m"
    },
    {
      "name": "Schattwall",
      "gender": "m"
    },
    {
      "name": "Onyxhort",
      "gender": "m"
    },
    {
      "name": "Runenthor",
      "gender": "n"
    },
    {
      "name": "Erzdom",
      "gender": "m"
    },
    {
      "name": "Kazad-Thruk",
      "gender": "n"
    },
    {
      "name": "Stahlschmied",
      "gender": "m"
    },
    {
      "name": "Bartgrat",
      "gender": "m"
    },
    {
      "name": "Hammerdom",
      "gender": "m"
    },
    {
      "name": "Kupferkamm",
      "gender": "m"
    },
    {
      "name": "Durinwall",
      "gender": "m"
    },
    {
      "name": "Gluthain",
      "gender": "m"
    },
    {
      "name": "Schwarzmark",
      "gender": "m"
    },
    {
      "name": "Onyxbruch",
      "gender": "m"
    },
    {
      "name": "Runensporn",
      "gender": "m"
    },
    {
      "name": "Erzwehr",
      "gender": "f"
    },
    {
      "name": "Durak-Thul",
      "gender": "n"
    },
    {
      "name": "Khazrak",
      "gender": "n"
    },
    {
      "name": "Brûndarûm",
      "gender": "n"
    },
    {
      "name": "Thuldûn",
      "gender": "n"
    },
    {
      "name": "Grakkar",
      "gender": "m"
    },
    {
      "name": "Zornak-Dûm",
      "gender": "n"
    },
    {
      "name": "Khuldaraz",
      "gender": "n"
    },
    {
      "name": "Bruzthrak",
      "gender": "m"
    },
    {
      "name": "Dorn-Khaz",
      "gender": "n"
    },
    {
      "name": "Thrungar",
      "gender": "m"
    },
    {
      "name": "Mazrûl-Dar",
      "gender": "n"
    },
    {
      "name": "Khazdrak",
      "gender": "n"
    },
    {
      "name": "Durgrimak",
      "gender": "n"
    },
    {
      "name": "Thramhul",
      "gender": "n"
    },
    {
      "name": "Gornaz-Dûm",
      "gender": "n"
    },
    {
      "name": "Khargrûm",
      "gender": "n"
    },
    {
      "name": "Zundrak",
      "gender": "m"
    },
    {
      "name": "Thrulbarak",
      "gender": "n"
    },
    {
      "name": "Khaz-Tharûn",
      "gender": "n"
    },
    {
      "name": "Grondrûl",
      "gender": "n"
    },
    {
      "name": "Brakkhul",
      "gender": "n"
    },
    {
      "name": "Dûrnaz",
      "gender": "n"
    },
    {
      "name": "Thrazgul",
      "gender": "n"
    },
    {
      "name": "Khuzdrûn",
      "gender": "n"
    },
    {
      "name": "Grimthrak",
      "gender": "m"
    },
    {
      "name": "Morzhal",
      "gender": "n"
    },
    {
      "name": "Thundrak",
      "gender": "m"
    },
    {
      "name": "Khuradûm",
      "gender": "n"
    },
    {
      "name": "Baldraz",
      "gender": "m"
    },
    {
      "name": "Zargûl",
      "gender": "m"
    },
    {
      "name": "Throldûn",
      "gender": "n"
    },
    {
      "name": "Khazrûl",
      "gender": "n"
    },
    {
      "name": "Drungar",
      "gender": "m"
    },
    {
      "name": "Ghazrûm",
      "gender": "n"
    },
    {
      "name": "Thramgûl",
      "gender": "n"
    },
    {
      "name": "Brundaraz",
      "gender": "n"
    },
    {
      "name": "Khalzûl",
      "gender": "n"
    },
    {
      "name": "Zorgrûn",
      "gender": "n"
    },
    {
      "name": "Durzhal",
      "gender": "n"
    },
    {
      "name": "Gruthrak",
      "gender": "m"
    },
    {
      "name": "Khuldûn",
      "gender": "n"
    },
    {
      "name": "Thrugrim",
      "gender": "m"
    },
    {
      "name": "Mazgul",
      "gender": "m"
    },
    {
      "name": "Khazthrak",
      "gender": "n"
    },
    {
      "name": "Bruldûn",
      "gender": "n"
    },
    {
      "name": "Throlgar",
      "gender": "n"
    },
    {
      "name": "Durgrim",
      "gender": "m"
    },
    {
      "name": "Zarnak",
      "gender": "m"
    },
    {
      "name": "Khuldraz",
      "gender": "n"
    },
    {
      "name": "Graldrûn",
      "gender": "n"
    },
    {
      "name": "Thumrak",
      "gender": "m"
    },
    {
      "name": "Brughal",
      "gender": "n"
    },
    {
      "name": "Dargûm",
      "gender": "n"
    },
    {
      "name": "Khazbul",
      "gender": "n"
    },
    {
      "name": "Thrundar",
      "gender": "m"
    },
    {
      "name": "Gorzhal",
      "gender": "n"
    },
    {
      "name": "Durazhul",
      "gender": "n"
    },
    {
      "name": "Khazmorn",
      "gender": "n"
    },
    {
      "name": "Brûthrak",
      "gender": "m"
    },
    {
      "name": "Zhalgrûn",
      "gender": "n"
    },
    {
      "name": "Throgar",
      "gender": "n"
    },
    {
      "name": "Grukhal",
      "gender": "n"
    },
    {
      "name": "Khaztor",
      "gender": "n"
    },
    {
      "name": "Durmorn",
      "gender": "n"
    },
    {
      "name": "Bruzdal",
      "gender": "m"
    },
    {
      "name": "Thargûl",
      "gender": "n"
    },
    {
      "name": "Zundral",
      "gender": "m"
    },
    {
      "name": "Khazdûn",
      "gender": "n"
    },
    {
      "name": "Grûlbar",
      "gender": "m"
    },
    {
      "name": "Thrumdar",
      "gender": "m"
    },
    {
      "name": "Dornhul",
      "gender": "n"
    },
    {
      "name": "Khalgrûm",
      "gender": "n"
    },
    {
      "name": "Branghul",
      "gender": "n"
    },
    {
      "name": "Throlmûn",
      "gender": "n"
    },
    {
      "name": "Ghazrak",
      "gender": "n"
    },
    {
      "name": "Durkhal",
      "gender": "n"
    },
    {
      "name": "Brakthul",
      "gender": "n"
    },
    {
      "name": "Zorgrak",
      "gender": "m"
    },
    {
      "name": "Thuldar",
      "gender": "n"
    },
    {
      "name": "Khazgrim",
      "gender": "m"
    },
    {
      "name": "Drunhul",
      "gender": "n"
    },
    {
      "name": "Mazrak",
      "gender": "m"
    },
    {
      "name": "Thramdal",
      "gender": "m"
    },
    {
      "name": "Khaldûn",
      "gender": "n"
    },
    {
      "name": "Bruldar",
      "gender": "n"
    },
    {
      "name": "Durthrak",
      "gender": "m"
    },
    {
      "name": "Zarhul",
      "gender": "n"
    },
    {
      "name": "Khazmur",
      "gender": "n"
    },
    {
      "name": "Thrughal",
      "gender": "n"
    },
    {
      "name": "Graldûn",
      "gender": "n"
    },
    {
      "name": "Dûrnthal",
      "gender": "n"
    },
    {
      "name": "Bruzgrak",
      "gender": "m"
    },
    {
      "name": "Khazbal",
      "gender": "n"
    },
    {
      "name": "Thramhul",
      "gender": "n"
    },
    {
      "name": "Gundrak",
      "gender": "m"
    },
    {
      "name": "Zurnak",
      "gender": "m"
    },
    {
      "name": "Durmûl",
      "gender": "n"
    },
    {
      "name": "Khuldûm",
      "gender": "n"
    },
    {
      "name": "Brûlnak",
      "gender": "m"
    },
    {
      "name": "Throlmûn",
      "gender": "n"
    },
    {
      "name": "Grunthar",
      "gender": "m"
    },
    {
      "name": "Khalzor",
      "gender": "n"
    },
    {
      "name": "Durgrûn",
      "gender": "n"
    },
    {
      "name": "Thruzdal",
      "gender": "n"
    },
    {
      "name": "Bruzrak",
      "gender": "m"
    },
    {
      "name": "Khazgar",
      "gender": "m"
    },
    {
      "name": "Gralthûm",
      "gender": "n"
    },
    {
      "name": "Thrumhul",
      "gender": "n"
    },
    {
      "name": "Durzrak",
      "gender": "m"
    },
    {
      "name": "Brundûl",
      "gender": "n"
    },
    {
      "name": "Khazthûl",
      "gender": "n"
    },
    {
      "name": "Throlgar",
      "gender": "n"
    },
    {
      "name": "Ghrundak",
      "gender": "m"
    },
    {
      "name": "Zarnûl",
      "gender": "n"
    },
    {
      "name": "Khazgul",
      "gender": "n"
    },
    {
      "name": "Durthûl",
      "gender": "n"
    },
    {
      "name": "Brakdrûn",
      "gender": "n"
    },
    {
      "name": "Thrugnar",
      "gender": "m"
    },
    {
      "name": "Khuldraz",
      "gender": "n"
    },
    {
      "name": "Grûndral",
      "gender": "m"
    },
    {
      "name": "Thrumdar",
      "gender": "m"
    },
    {
      "name": "Bruldûn",
      "gender": "n"
    },
    {
      "name": "Durgrim",
      "gender": "m"
    },
    {
      "name": "Zornhul",
      "gender": "n"
    },
    {
      "name": "Khazgrûm",
      "gender": "n"
    },
    {
      "name": "Throgar",
      "gender": "n"
    },
    {
      "name": "Grûlmor",
      "gender": "n"
    },
    {
      "name": "Brugdal",
      "gender": "m"
    },
    {
      "name": "Durkhal",
      "gender": "n"
    },
    {
      "name": "Khazdral",
      "gender": "n"
    },
    {
      "name": "Thrulgar",
      "gender": "n"
    },
    {
      "name": "Zundrak",
      "gender": "m"
    },
    {
      "name": "Graldrûm",
      "gender": "n"
    },
    {
      "name": "Brukhal",
      "gender": "n"
    },
    {
      "name": "Durmal",
      "gender": "n"
    },
    {
      "name": "Khaztur",
      "gender": "n"
    },
    {
      "name": "Thramzul",
      "gender": "n"
    },
    {
      "name": "Ghazdul",
      "gender": "n"
    },
    {
      "name": "Bruldûn",
      "gender": "n"
    },
    {
      "name": "Khazgral",
      "gender": "n"
    },
    {
      "name": "Durzhal",
      "gender": "n"
    },
    {
      "name": "Thrugdal",
      "gender": "n"
    },
    {
      "name": "Gruthûl",
      "gender": "n"
    },
    {
      "name": "Brukthal",
      "gender": "n"
    },
    {
      "name": "Zorgrûn",
      "gender": "n"
    },
    {
      "name": "Khazrûm",
      "gender": "n"
    },
    {
      "name": "Durmûr",
      "gender": "n"
    },
    {
      "name": "Thrumrak",
      "gender": "m"
    },
    {
      "name": "Grûndar",
      "gender": "m"
    },
    {
      "name": "Brugrûn",
      "gender": "n"
    },
    {
      "name": "Brammertor",
      "gender": "n"
    },
    {
      "name": "Dornhammar",
      "gender": "m"
    },
    {
      "name": "Eisenquell",
      "gender": "m"
    },
    {
      "name": "Grimmfurt",
      "gender": "m"
    },
    {
      "name": "Sturmbollwerk",
      "gender": "n"
    },
    {
      "name": "Balinshalle",
      "gender": "f"
    },
    {
      "name": "Glutstein",
      "gender": "m"
    },
    {
      "name": "Hammerwacht",
      "gender": "f"
    },
    {
      "name": "Runenbronn",
      "gender": "m"
    },
    {
      "name": "Felshammer",
      "gender": "m"
    },
    {
      "name": "Goldklamm",
      "gender": "f"
    },
    {
      "name": "Bartheim",
      "gender": "n"
    },
    {
      "name": "Ebergrat",
      "gender": "m"
    },
    {
      "name": "Zornfeste",
      "gender": "f"
    },
    {
      "name": "Kragendorf",
      "gender": "m"
    },
    {
      "name": "Kupferfurt",
      "gender": "m"
    },
    {
      "name": "Stahlquader",
      "gender": "m"
    },
    {
      "name": "Silberkluft",
      "gender": "f"
    },
    {
      "name": "Schwarzthor",
      "gender": "n"
    },
    {
      "name": "Mithrilwacht",
      "gender": "f"
    },
    {
      "name": "Bronzekamm",
      "gender": "m"
    },
    {
      "name": "Bergbart",
      "gender": "m"
    },
    {
      "name": "Runenhorn",
      "gender": "m"
    },
    {
      "name": "Erzheim",
      "gender": "n"
    },
    {
      "name": "Drachenkluft",
      "gender": "f"
    },
    {
      "name": "Steinschmiede",
      "gender": "f"
    },
    {
      "name": "Granitspitze",
      "gender": "f"
    },
    {
      "name": "Thorngrat",
      "gender": "m"
    },
    {
      "name": "Goldquader",
      "gender": "m"
    },
    {
      "name": "Helmfels",
      "gender": "m"
    },
    {
      "name": "Bartsturm",
      "gender": "m"
    },
    {
      "name": "Gluthalle",
      "gender": "f"
    },
    {
      "name": "Schmiedfurt",
      "gender": "m"
    },
    {
      "name": "Dornwall",
      "gender": "m"
    },
    {
      "name": "Silbersang",
      "gender": "m"
    },
    {
      "name": "Axtburg",
      "gender": "f"
    },
    {
      "name": "Kupfergrund",
      "gender": "m"
    },
    {
      "name": "Eisenhain",
      "gender": "m"
    },
    {
      "name": "Bartwacht",
      "gender": "f"
    },
    {
      "name": "Hammerfurt",
      "gender": "m"
    },
    {
      "name": "Stahlberg",
      "gender": "m"
    },
    {
      "name": "Runenschild",
      "gender": "m"
    },
    {
      "name": "Erzfeste",
      "gender": "f"
    },
    {
      "name": "Granitmark",
      "gender": "m"
    },
    {
      "name": "Glutpfad",
      "gender": "m"
    },
    {
      "name": "Schwarzquell",
      "gender": "m"
    },
    {
      "name": "Bergheim",
      "gender": "n"
    },
    {
      "name": "Mithrilspitze",
      "gender": "f"
    },
    {
      "name": "Thorhall",
      "gender": "f"
    },
    {
      "name": "Sturmklaue",
      "gender": "f"
    },
    {
      "name": "Goldfurt",
      "gender": "m"
    },
    {
      "name": "Erzbronn",
      "gender": "m"
    },
    {
      "name": "Bartkluft",
      "gender": "f"
    },
    {
      "name": "Stahlthor",
      "gender": "n"
    },
    {
      "name": "Runengrund",
      "gender": "m"
    },
    {
      "name": "Silberfurt",
      "gender": "m"
    },
    {
      "name": "Glutfeste",
      "gender": "f"
    },
    {
      "name": "Steinwacht",
      "gender": "f"
    },
    {
      "name": "Helmklamm",
      "gender": "f"
    },
    {
      "name": "Bronzegrund",
      "gender": "m"
    },
    {
      "name": "Schmiedtor",
      "gender": "n"
    },
    {
      "name": "Mithrilfurt",
      "gender": "m"
    },
    {
      "name": "Kupferhall",
      "gender": "f"
    },
    {
      "name": "Dornkamm",
      "gender": "m"
    },
    {
      "name": "Eisensang",
      "gender": "m"
    },
    {
      "name": "Bartthor",
      "gender": "n"
    },
    {
      "name": "Stahlhort",
      "gender": "m"
    },
    {
      "name": "Runenpfad",
      "gender": "m"
    },
    {
      "name": "Zornthor",
      "gender": "n"
    },
    {
      "name": "Glutquell",
      "gender": "m"
    },
    {
      "name": "Granitwacht",
      "gender": "f"
    },
    {
      "name": "Erzmark",
      "gender": "m"
    },
    {
      "name": "Goldhorn",
      "gender": "m"
    },
    {
      "name": "Hammerklamm",
      "gender": "f"
    },
    {
      "name": "Silberwall",
      "gender": "m"
    },
    {
      "name": "Sturmhall",
      "gender": "f"
    },
    {
      "name": "Kupferfels",
      "gender": "m"
    },
    {
      "name": "Eisensporn",
      "gender": "m"
    },
    {
      "name": "Drachenfurt",
      "gender": "m"
    },
    {
      "name": "Helmhort",
      "gender": "m"
    },
    {
      "name": "Runensang",
      "gender": "m"
    },
    {
      "name": "Schmiedhall",
      "gender": "f"
    },
    {
      "name": "Bronzefels",
      "gender": "m"
    },
    {
      "name": "Glutmark",
      "gender": "m"
    },
    {
      "name": "Bartklang",
      "gender": "m"
    },
    {
      "name": "Steinwall",
      "gender": "m"
    },
    {
      "name": "Granitpfad",
      "gender": "m"
    },
    {
      "name": "Mithrilhort",
      "gender": "m"
    },
    {
      "name": "Schwarzklamm",
      "gender": "f"
    },
    {
      "name": "Erzdom",
      "gender": "m"
    },
    {
      "name": "Goldmark",
      "gender": "m"
    },
    {
      "name": "Silberhall",
      "gender": "f"
    },
    {
      "name": "Hammerhain",
      "gender": "m"
    },
    {
      "name": "Stahlkamm",
      "gender": "m"
    },
    {
      "name": "Bartkrone",
      "gender": "f"
    },
    {
      "name": "Kupfermark",
      "gender": "m"
    },
    {
      "name": "Glutdom",
      "gender": "m"
    },
    {
      "name": "Runenklamm",
      "gender": "f"
    },
    {
      "name": "Erzklang",
      "gender": "m"
    },
    {
      "name": "Bronzespitze",
      "gender": "f"
    },
    {
      "name": "Helmwall",
      "gender": "m"
    },
    {
      "name": "Schmiedgrat",
      "gender": "m"
    },
    {
      "name": "Zornwall",
      "gender": "m"
    },
    {
      "name": "Eisenhort",
      "gender": "m"
    },
    {
      "name": "Sturmthor",
      "gender": "n"
    },
    {
      "name": "Bartgrund",
      "gender": "m"
    },
    {
      "name": "Silberhort",
      "gender": "m"
    },
    {
      "name": "Hammermark",
      "gender": "m"
    },
    {
      "name": "Mithrilgrat",
      "gender": "m"
    },
    {
      "name": "Glutthor",
      "gender": "n"
    },
    {
      "name": "Kupfergrat",
      "gender": "m"
    },
    {
      "name": "Steindom",
      "gender": "m"
    },
    {
      "name": "Runenhort",
      "gender": "m"
    },
    {
      "name": "Goldgrund",
      "gender": "m"
    },
    {
      "name": "Erzpfad",
      "gender": "m"
    },
    {
      "name": "Stahlwall",
      "gender": "m"
    },
    {
      "name": "Bronzehort",
      "gender": "m"
    },
    {
      "name": "Helmklang",
      "gender": "m"
    },
    {
      "name": "Schmiedfeste",
      "gender": "f"
    },
    {
      "name": "Bartspitze",
      "gender": "f"
    },
    {
      "name": "Silbergrund",
      "gender": "m"
    },
    {
      "name": "Granitthor",
      "gender": "n"
    },
    {
      "name": "Glutwand",
      "gender": "f"
    },
    {
      "name": "Kupferhall",
      "gender": "f"
    },
    {
      "name": "Hammerbruch",
      "gender": "m"
    },
    {
      "name": "Eisenmark",
      "gender": "m"
    },
    {
      "name": "Runenwall",
      "gender": "m"
    },
    {
      "name": "Sturmkamm",
      "gender": "m"
    },
    {
      "name": "Schwarzmark",
      "gender": "m"
    },
    {
      "name": "Goldwacht",
      "gender": "f"
    },
    {
      "name": "Bartklamm",
      "gender": "f"
    },
    {
      "name": "Mithrilmark",
      "gender": "m"
    },
    {
      "name": "Erzkrone",
      "gender": "f"
    },
    {
      "name": "Silberschild",
      "gender": "m"
    },
    {
      "name": "Helmgrat",
      "gender": "m"
    },
    {
      "name": "Granitwall",
      "gender": "m"
    },
    {
      "name": "Kupferdom",
      "gender": "m"
    },
    {
      "name": "Hammerpfad",
      "gender": "m"
    },
    {
      "name": "Glutwall",
      "gender": "m"
    },
    {
      "name": "Runenmark",
      "gender": "m"
    },
    {
      "name": "Stahlquell",
      "gender": "m"
    },
    {
      "name": "Bronzefurt",
      "gender": "m"
    },
    {
      "name": "Bartthor",
      "gender": "n"
    },
    {
      "name": "Silbergrat",
      "gender": "m"
    },
    {
      "name": "Goldhort",
      "gender": "m"
    },
    {
      "name": "Eisenklamm",
      "gender": "f"
    },
    {
      "name": "Schmiedgrund",
      "gender": "m"
    },
    {
      "name": "Helmthor",
      "gender": "n"
    },
    {
      "name": "Zornfelsen",
      "gender": "m"
    },
    {
      "name": "Mithrilgrund",
      "gender": "m"
    },
    {
      "name": "Steinhorn",
      "gender": "m"
    },
    {
      "name": "Glutgrat",
      "gender": "m"
    },
    {
      "name": "Erzspitze",
      "gender": "f"
    },
    {
      "name": "Kupferwacht",
      "gender": "f"
    },
    {
      "name": "Bartdom",
      "gender": "m"
    },
    {
      "name": "Runenflamme",
      "gender": "f"
    },
    {
      "name": "Silberdom",
      "gender": "m"
    },
    {
      "name": "Granitgrat",
      "gender": "m"
    },
    {
      "name": "Goldwall",
      "gender": "m"
    },
    {
      "name": "Stahlspitze",
      "gender": "f"
    },
    {
      "name": "Bronzequell",
      "gender": "m"
    },
    {
      "name": "Helmhorn",
      "gender": "m"
    },
    {
      "name": "Schmiedgrat",
      "gender": "m"
    },
    {
      "name": "Eisenschild",
      "gender": "m"
    },
    {
      "name": "Glutfeld",
      "gender": "n"
    },
    {
      "name": "Runenfels",
      "gender": "m"
    },
    {
      "name": "Kupferthor",
      "gender": "n"
    },
    {
      "name": "Bartflamme",
      "gender": "f"
    },
    {
      "name": "Mithrilklamm",
      "gender": "f"
    },
    {
      "name": "Erzbrücke",
      "gender": "f"
    },
    {
      "name": "Silberwacht",
      "gender": "f"
    },
    {
      "name": "Goldgrat",
      "gender": "m"
    },
    {
      "name": "Stahlhorn",
      "gender": "m"
    },
    {
      "name": "Granitdom",
      "gender": "m"
    },
    {
      "name": "Helmgrund",
      "gender": "m"
    },
    {
      "name": "Bronzesporn",
      "gender": "m"
    },
    {
      "name": "Schwarzthor",
      "gender": "n"
    },
    {
      "name": "Gluthügel",
      "gender": "m"
    },
    {
      "name": "Runenquelle",
      "gender": "f"
    },
    {
      "name": "Eisenhall",
      "gender": "f"
    }
  ]
}