{
  "authors": [
    {
      "name": "munichjake",
      "email": "munichjake@dnd-session.de",
      "url": "https://dnd-session.de",
      "github": "https://github.com/munichjake"
    }
  ],
  "description": "English dragonborn surnames",
  "version": "1.0.0",
  "names": [
    "Fireborn",
    "Fireblood",
    "Firescale",
    "Firebreath",
    "Firefury",
    "Firestrike",
    "Firetalon",
    "Firerider",
    "Firesinger",
    "Fireseeker",
    "Firekeeper",
    "Firebreaker",
    "Firewatcher",
    "Firehunter",
    "Firesong",
    "Firebloom",
    "Fireblaze",
    "Firerender",
    "Firesmite",
    "Fireguard",
    "Stormborn",
    "Stormblood",
    "Stormscale",
    "Stormbreath",
    "Stormfury",
    "Stormstrike",
    "Stormtalon",
    "Stormrider",
    "Stormsinger",
    "Stormseeker",
    "Stormkeeper",
    "Stormbreaker",
    "Stormwatcher",
    "Stormhunter",
    "Stormsong",
    "Stormbloom",
    "Stormblaze",
    "Stormrender",
    "Stormsmite",
    "Stormguard",
    "Nightborn",
    "Nightblood",
    "Nightscale",
    "Nightbreath",
    "Nightfury",
    "Nightstrike",
    "Nighttalon",
    "Nightrider",
    "Nightsinger",
    "Nightseeker",
    "Nightkeeper",
    "Nightbreaker",
    "Nightwatcher",
    "Nighthunter",
    "Nightsong",
    "Nightbloom",
    "Nightblaze",
    "Nightrender",
    "Nightsmite",
    "Nightguard",
    "Scaleborn",
    "Scaleblood",
    "Scalescale",
    "Scalebreath",
    "Scalefury",
    "Scalestrike",
    "Scaletalon",
    "Scalerider",
    "Scalesinger",
    "Scaleseeker",
    "Scalekeeper",
    "Scalebreaker",
    "Scalewatcher",
    "Scalehunter",
    "Scalesong",
    "Scalebloom",
    "Scaleblaze",
    "Scalerender",
    "Scalesmite",
    "Scaleguard",
    "Fangborn",
    "Fangblood",
    "Fangscale",
    "Fangbreath",
    "Fangfury",
    "Fangstrike",
    "Fangtalon",
    "Fangrider",
    "Fangsinger",
    "Fangseeker",
    "Fangkeeper",
    "Fangbreaker",
    "Fangwatcher",
    "Fanghunter",
    "Fangsong",
    "Fangbloom",
    "Fangblaze",
    "Fangrender",
    "Fangsmite",
    "Fangguard",
    "Clawborn",
    "Clawblood",
    "Clawscale",
    "Clawbreath",
    "Clawfury",
    "Clawstrike",
    "Clawtalon",
    "Clawrider",
    "Clawsinger",
    "Clawseeker",
    "Clawkeeper",
    "Clawbreaker",
    "Clawwatcher",
    "Clawhunter",
    "Clawsong",
    "Clawbloom",
    "Clawblaze",
    "Clawrender",
    "Clawsmite",
    "Clawguard",
    "Wingborn",
    "Wingblood",
    "Wingscale",
    "Wingbreath",
    "Wingfury",
    "Wingstrike",
    "Wingtalon",
    "Wingrider",
    "Wingsinger",
    "Wingseeker",
    "Wingkeeper",
    "Wingbreaker",
    "Wingwatcher",
    "Winghunter",
    "Wingsong",
    "Wingbloom",
    "Wingblaze",
    "Wingrender",
    "Wingsmite",
    "Wingguard",
    "Hammerborn",
    "Hammerblood",
    "Hammerscale",
    "Hammerbreath",
    "Hammerfury",
    "Hammerstrike",
    "Hammertalon",
    "Hammerrider",
    "Hammersinger",
    "Hammerseeker",
    "Hammerkeeper",
    "Hammerbreaker",
    "Hammerwatcher",
    "Hammerhunter",
    "Hammersong",
    "Hammerbloom",
    "Hammerblaze",
    "Hammerrender",
    "Hammersmite",
    "Hammerguard",
    "Swordborn",
    "Swordblood",
    "Swordscale",
    "Swordbreath",
    "Swordfury",
    "Swordstrike",
    "Swordtalon",
    "Swordrider",
    "Swordsinger",
    "Swordseeker",
    "Swordkeeper",
    "Swordbreaker",
    "Swordwatcher",
    "Swordhunter",
    "Swordsong",
    "Swordbloom",
    "Swordblaze",
    "Swordrender",
    "Swordsmite",
    "Swordguard",
    "Shieldborn",
    "Shieldblood",
    "Shieldscale",
    "Shieldbreath",
    "Shieldfury",
    "Shieldstrike",
    "Shieldtalon",
    "Shieldrider",
    "Shieldsinger",
    "Shieldseeker",
    "Shieldkeeper",
    "Shieldbreaker",
    "Shieldwatcher",
    "Shieldhunter",
    "Shieldsong",
    "Shieldbloom",
    "Shieldblaze",
    "Shieldrender",
    "Shieldsmite",
    "Shieldguard",
    "Flameborn",
    "Flameblood",
    "Flamescale",
    "Flamebreath",
    "Flamefury",
    "Flamestrike",
    "Flametalon",
    "Flamerider",
    "Flamesinger",
    "Flameseeker",
    "Flamekeeper",
    "Flamebreaker",
    "Flamewatcher",
    "Flamehunter",
    "Flamesong",
    "Flamebloom",
    "Flameblaze",
    "Flamerender",
    "Flamesmite",
    "Flameguard",
    "Smokeborn",
    "Smokeblood",
    "Smokescale",
    "Smokebreath",
    "Smokefury",
    "Smokestrike",
    "Smoketalon",
    "Smokerider",
    "Smokesinger",
    "Smokeseeker",
    "Smokekeeper",
    "Smokebreaker",
    "Smokewatcher",
    "Smokehunter",
    "Smokesong",
    "Smokebloom",
    "Smokeblaze",
    "Smokerender",
    "Smokesmite",
    "Smokeguard",
    "Lightningborn",
    "Lightningblood",
    "Lightningscale",
    "Lightningbreath",
    "Lightningfury",
    "Lightningstrike",
    "Lightningtalon",
    "Lightningrider",
    "Lightningsinger",
    "Lightningseeker",
    "Lightningkeeper",
    "Lightningbreaker",
    "Lightningwatcher",
    "Lightninghunter",
    "Lightningsong",
    "Lightningbloom",
    "Lightningblaze",
    "Lightningrender",
    "Lightningsmite",
    "Lightningguard",
    "Thunderborn",
    "Thunderblood",
    "Thunderscale",
    "Thunderbreath",
    "Thunderfury",
    "Thunderstrike",
    "Thundertalon",
    "Thunderrider",
    "Thundersinger",
    "Thunderseeker",
    "Thunderkeeper",
    "Thunderbreaker",
    "Thunderwatcher",
    "Thunderhunter",
    "Thundersong",
    "Thunderbloom",
    "Thunderblaze",
    "Thunderrender",
    "Thundersmite",
    "Thunderguard",
    "Ironborn",
    "Ironblood",
    "Ironscale",
    "Ironbreath",
    "Ironfury",
    "Ironstrike",
    "Irontalon",
    "Ironrider",
    "Ironsinger",
    "Ironseeker",
    "Ironkeeper",
    "Ironbreaker",
    "Ironwatcher",
    "Ironhunter",
    "Ironsong",
    "Ironbloom",
    "Ironblaze",
    "Ironrender",
    "Ironsmite",
    "Ironguard",
    "Stoneborn",
    "Stoneblood",
    "Stonescale",
    "Stonebreath",
    "Stonefury",
    "Stonestrike",
    "Stonetalon",
    "Stonerider",
    "Stonesinger",
    "Stoneseeker",
    "Stonekeeper",
    "Stonebreaker",
    "Stonewatcher",
    "Stonehunter",
    "Stonesong",
    "Stonebloom",
    "Stoneblaze",
    "Stonerender",
    "Stonesmite",
    "Stoneguard",
    "Skyborn",
    "Skyblood",
    "Skyscale",
    "Skybreath",
    "Skyfury",
    "Skystrike",
    "Skytalon",
    "Skyrider",
    "Skysinger",
    "Skyseeker",
    "Skykeeper",
    "Skybreaker",
    "Skywatcher",
    "Skyhunter",
    "Skysong",
    "Skybloom",
    "Skyblaze",
    "Skyrender",
    "Skysmite",
    "Skyguard",
    "Seaborn",
    "Seablood",
    "Seascale",
    "Seabreath",
    "Seafury",
    "Seastrike",
    "Seatalon",
    "Searider",
    "Seasinger",
    "Seaseeker",
    "Seakeeper",
    "Seabreaker",
    "Seawatcher",
    "Seahunter",
    "Seasong",
    "Seabloom",
    "Seablaze",
    "Searender",
    "Seasmite",
    "Seaguard",
    "Cloudborn",
    "Cloudblood",
    "Cloudscale",
    "Cloudbreath",
    "Cloudfury",
    "Cloudstrike",
    "Cloudtalon",
    "Cloudrider",
    "Cloudsinger",
    "Cloudseeker",
    "Cloudkeeper",
    "Cloudbreaker",
    "Cloudwatcher",
    "Cloudhunter",
    "Cloudsong",
    "Cloudbloom",
    "Cloudblaze",
    "Cloudrender",
    "Cloudsmite",
    "Cloudguard",
    "Windborn",
    "Windblood",
    "Windscale",
    "Windbreath",
    "Windfury",
    "Windstrike",
    "Windtalon",
    "Windrider",
    "Windsinger",
    "Windseeker",
    "Windkeeper",
    "Windbreaker",
    "Windwatcher",
    "Windhunter",
    "Windsong",
    "Windbloom",
    "Windblaze",
    "Windrender",
    "Windsmite",
    "Windguard",
    "Firebornborn",
    "Firebornblood",
    "Firebornscale",
    "Firebornbreath",
    "Firebornfury",
    "Firebornstrike",
    "Fireborntalon",
    "Firebornrider",
    "Firebornsinger",
    "Firebornseeker",
    "Firebornkeeper",
    "Firebornbreaker",
    "Firebornwatcher",
    "Firebornhunter",
    "Firebornsong",
    "Firebornbloom",
    "Firebornblaze",
    "Firebornrender",
    "Firebornsmite",
    "Firebornguard",
    "Firebloodborn",
    "Firebloodblood",
    "Firebloodscale",
    "Firebloodbreath",
    "Firebloodfury",
    "Firebloodstrike",
    "Firebloodtalon",
    "Firebloodrider",
    "Firebloodsinger",
    "Firebloodseeker",
    "Firebloodkeeper",
    "Firebloodbreaker",
    "Firebloodwatcher",
    "Firebloodhunter",
    "Firebloodsong",
    "Firebloodbloom",
    "Firebloodblaze",
    "Firebloodrender",
    "Firebloodsmite",
    "Firebloodguard",
    "Firescaleborn",
    "Firescaleblood",
    "Firescalescale",
    "Firescalebreath",
    "Firescalefury",
    "Firescalestrike",
    "Firescaletalon",
    "Firescalerider",
    "Firescalesinger",
    "Firescaleseeker",
    "Firescalekeeper",
    "Firescalebreaker",
    "Firescalewatcher",
    "Firescalehunter",
    "Firescalesong",
    "Firescalebloom",
    "Firescaleblaze",
    "Firescalerender",
    "Firescalesmite",
    "Firescaleguard",
    "Firebreathborn",
    "Firebreathblood",
    "Firebreathscale",
    "Firebreathbreath",
    "Firebreathfury",
    "Firebreathstrike",
    "Firebreathtalon",
    "Firebreathrider",
    "Firebreathsinger",
    "Firebreathseeker",
    "Firebreathkeeper",
    "Firebreathbreaker",
    "Firebreathwatcher",
    "Firebreathhunter",
    "Firebreathsong",
    "Firebreathbloom",
    "Firebreathblaze",
    "Firebreathrender",
    "Firebreathsmite",
    "Firebreathguard",
    "Firefuryborn",
    "Firefuryblood",
    "Firefuryscale",
    "Firefurybreath",
    "Firefuryfury",
    "Firefurystrike",
    "Firefurytalon",
    "Firefuryrider",
    "Firefurysinger",
    "Firefuryseeker",
    "Firefurykeeper",
    "Firefurybreaker",
    "Firefurywatcher",
    "Firefuryhunter",
    "Firefurysong",
    "Firefurybloom",
    "Firefuryblaze",
    "Firefuryrender",
    "Firefurysmite",
    "Firefuryguard",
    "Firestrikeborn",
    "Firestrikeblood",
    "Firestrikescale",
    "Firestrikebreath",
    "Firestrikefury",
    "Firestrikestrike",
    "Firestriketalon",
    "Firestrikerider",
    "Firestrikesinger",
    "Firestrikeseeker",
    "Firestrikekeeper",
    "Firestrikebreaker",
    "Firestrikewatcher",
    "Firestrikehunter",
    "Firestrikesong",
    "Firestrikebloom",
    "Firestrikeblaze",
    "Firestrikerender",
    "Firestrikesmite",
    "Firestrikeguard",
    "Firetalonborn",
    "Firetalonblood",
    "Firetalonscale",
    "Firetalonbreath",
    "Firetalonfury",
    "Firetalonstrike",
    "Firetalontalon",
    "Firetalonrider",
    "Firetalonsinger",
    "Firetalonseeker",
    "Firetalonkeeper",
    "Firetalonbreaker",
    "Firetalonwatcher",
    "Firetalonhunter",
    "Firetalonsong",
    "Firetalonbloom",
    "Firetalonblaze",
    "Firetalonrender",
    "Firetalonsmite",
    "Firetalonguard",
    "Fireriderborn",
    "Fireriderblood",
    "Fireriderscale",
    "Fireriderbreath",
    "Fireriderfury",
    "Fireriderstrike",
    "Fireridertalon",
    "Fireriderrider",
    "Fireridersinger",
    "Fireriderseeker",
    "Fireriderkeeper",
    "Fireriderbreaker",
    "Fireriderwatcher",
    "Fireriderhunter",
    "Fireridersong",
    "Fireriderbloom",
    "Fireriderblaze",
    "Fireriderrender",
    "Fireridersmite",
    "Fireriderguard",
    "Firesingerborn",
    "Firesingerblood",
    "Firesingerscale",
    "Firesingerbreath",
    "Firesingerfury",
    "Firesingerstrike",
    "Firesingertalon",
    "Firesingerrider",
    "Firesingersinger",
    "Firesingerseeker",
    "Firesingerkeeper",
    "Firesingerbreaker",
    "Firesingerwatcher",
    "Firesingerhunter",
    "Firesingersong",
    "Firesingerbloom",
    "Firesingerblaze",
    "Firesingerrender",
    "Firesingersmite",
    "Firesingerguard",
    "Fireseekerborn",
    "Fireseekerblood",
    "Fireseekerscale",
    "Fireseekerbreath",
    "Fireseekerfury",
    "Fireseekerstrike",
    "Fireseekertalon",
    "Fireseekerrider",
    "Fireseekersinger",
    "Fireseekerseeker",
    "Fireseekerkeeper",
    "Fireseekerbreaker",
    "Fireseekerwatcher",
    "Fireseekerhunter",
    "Fireseekersong",
    "Fireseekerbloom",
    "Fireseekerblaze",
    "Fireseekerrender",
    "Fireseekersmite",
    "Fireseekerguard",
    "Firekeeperborn",
    "Firekeeperblood",
    "Firekeeperscale",
    "Firekeeperbreath",
    "Firekeeperfury",
    "Firekeeperstrike",
    "Firekeepertalon",
    "Firekeeperrider",
    "Firekeepersinger",
    "Firekeeperseeker",
    "Firekeeperkeeper",
    "Firekeeperbreaker",
    "Firekeeperwatcher",
    "Firekeeperhunter",
    "Firekeepersong",
    "Firekeeperbloom",
    "Firekeeperblaze",
    "Firekeeperrender",
    "Firekeepersmite",
    "Firekeeperguard",
    "Firebreakerborn",
    "Firebreakerblood",
    "Firebreakerscale",
    "Firebreakerbreath",
    "Firebreakerfury",
    "Firebreakerstrike",
    "Firebreakertalon",
    "Firebreakerrider",
    "Firebreakersinger",
    "Firebreakerseeker",
    "Firebreakerkeeper",
    "Firebreakerbreaker",
    "Firebreakerwatcher",
    "Firebreakerhunter",
    "Firebreakersong",
    "Firebreakerbloom",
    "Firebreakerblaze",
    "Firebreakerrender",
    "Firebreakersmite",
    "Firebreakerguard",
    "Firewatcherborn",
    "Firewatcherblood",
    "Firewatcherscale",
    "Firewatcherbreath",
    "Firewatcherfury",
    "Firewatcherstrike",
    "Firewatchertalon",
    "Firewatcherrider",
    "Firewatchersinger",
    "Firewatcherseeker",
    "Firewatcherkeeper",
    "Firewatcherbreaker",
    "Firewatcherwatcher",
    "Firewatcherhunter",
    "Firewatchersong",
    "Firewatcherbloom",
    "Firewatcherblaze",
    "Firewatcherrender",
    "Firewatchersmite",
    "Firewatcherguard",
    "Firehunterborn",
    "Firehunterblood",
    "Firehunterscale",
    "Firehunterbreath",
    "Firehunterfury",
    "Firehunterstrike",
    "Firehuntertalon",
    "Firehunterrider",
    "Firehuntersinger",
    "Firehunterseeker",
    "Firehunterkeeper",
    "Firehunterbreaker",
    "Firehunterwatcher",
    "Firehunterhunter",
    "Firehuntersong",
    "Firehunterbloom",
    "Firehunterblaze",
    "Firehunterrender",
    "Firehuntersmite",
    "Firehunterguard",
    "Firesongborn",
    "Firesongblood",
    "Firesongscale",
    "Firesongbreath",
    "Firesongfury",
    "Firesongstrike",
    "Firesongtalon",
    "Firesongrider",
    "Firesongsinger",
    "Firesongseeker",
    "Firesongkeeper",
    "Firesongbreaker",
    "Firesongwatcher",
    "Firesonghunter",
    "Firesongsong",
    "Firesongbloom",
    "Firesongblaze",
    "Firesongrender",
    "Firesongsmite",
    "Firesongguard",
    "Firebloomborn",
    "Firebloomblood",
    "Firebloomscale",
    "Firebloombreath",
    "Firebloomfury",
    "Firebloomstrike",
    "Firebloomtalon",
    "Firebloomrider",
    "Firebloomsinger",
    "Firebloomseeker",
    "Firebloomkeeper",
    "Firebloombreaker",
    "Firebloomwatcher",
    "Firebloomhunter",
    "Firebloomsong",
    "Firebloombloom",
    "Firebloomblaze",
    "Firebloomrender",
    "Firebloomsmite",
    "Firebloomguard",
    "Fireblazeborn",
    "Fireblazeblood",
    "Fireblazescale",
    "Fireblazebreath",
    "Fireblazefury",
    "Fireblazestrike",
    "Fireblazetalon",
    "Fireblazerider",
    "Fireblazesinger",
    "Fireblazeseeker",
    "Fireblazekeeper",
    "Fireblazebreaker",
    "Fireblazewatcher",
    "Fireblazehunter",
    "Fireblazesong",
    "Fireblazebloom",
    "Fireblazeblaze",
    "Fireblazerender",
    "Fireblazesmite",
    "Fireblazeguard",
    "Firerenderborn",
    "Firerenderblood",
    "Firerenderscale",
    "Firerenderbreath",
    "Firerenderfury",
    "Firerenderstrike",
    "Firerendertalon",
    "Firerenderrider",
    "Firerendersinger",
    "Firerenderseeker",
    "Firerenderkeeper",
    "Firerenderbreaker",
    "Firerenderwatcher",
    "Firerenderhunter",
    "Firerendersong",
    "Firerenderbloom",
    "Firerenderblaze",
    "Firerenderrender",
    "Firerendersmite",
    "Firerenderguard",
    "Firesmiteborn",
    "Firesmiteblood",
    "Firesmitescale",
    "Firesmitebreath",
    "Firesmitefury",
    "Firesmitestrike",
    "Firesmitetalon",
    "Firesmiterider",
    "Firesmitesinger",
    "Firesmiteseeker",
    "Firesmitekeeper",
    "Firesmitebreaker",
    "Firesmitewatcher",
    "Firesmitehunter",
    "Firesmitesong",
    "Firesmitebloom",
    "Firesmiteblaze",
    "Firesmiterender",
    "Firesmitesmite",
    "Firesmiteguard",
    "Fireguardborn",
    "Fireguardblood",
    "Fireguardscale",
    "Fireguardbreath",
    "Fireguardfury",
    "Fireguardstrike",
    "Fireguardtalon",
    "Fireguardrider",
    "Fireguardsinger",
    "Fireguardseeker",
    "Fireguardkeeper",
    "Fireguardbreaker",
    "Fireguardwatcher",
    "Fireguardhunter",
    "Fireguardsong",
    "Fireguardbloom",
    "Fireguardblaze",
    "Fireguardrender",
    "Fireguardsmite",
    "Fireguardguard",
    "Stormbornborn",
    "Stormbornblood",
    "Stormbornscale",
    "Stormbornbreath",
    "Stormbornfury",
    "Stormbornstrike",
    "Stormborntalon",
    "Stormbornrider",
    "Stormbornsinger",
    "Stormbornseeker",
    "Stormbornkeeper",
    "Stormbornbreaker",
    "Stormbornwatcher",
    "Stormbornhunter",
    "Stormbornsong",
    "Stormbornbloom",
    "Stormbornblaze",
    "Stormbornrender",
    "Stormbornsmite",
    "Stormbornguard",
    "Stormbloodborn",
    "Stormbloodblood",
    "Stormbloodscale",
    "Stormbloodbreath",
    "Stormbloodfury",
    "Stormbloodstrike",
    "Stormbloodtalon",
    "Stormbloodrider",
    "Stormbloodsinger",
    "Stormbloodseeker",
    "Stormbloodkeeper",
    "Stormbloodbreaker",
    "Stormbloodwatcher",
    "Stormbloodhunter",
    "Stormbloodsong",
    "Stormbloodbloom",
    "Stormbloodblaze",
    "Stormbloodrender",
    "Stormbloodsmite",
    "Stormbloodguard",
    "Stormscaleborn",
    "Stormscaleblood",
    "Stormscalescale",
    "Stormscalebreath",
    "Stormscalefury",
    "Stormscalestrike",
    "Stormscaletalon",
    "Stormscalerider",
    "Stormscalesinger",
    "Stormscaleseeker",
    "Stormscalekeeper",
    "Stormscalebreaker",
    "Stormscalewatcher",
    "Stormscalehunter",
    "Stormscalesong",
    "Stormscalebloom",
    "Stormscaleblaze",
    "Stormscalerender",
    "Stormscalesmite",
    "Stormscaleguard",
    "Stormbreathborn",
    "Stormbreathblood",
    "Stormbreathscale",
    "Stormbreathbreath",
    "Stormbreathfury",
    "Stormbreathstrike",
    "Stormbreathtalon",
    "Stormbreathrider",
    "Stormbreathsinger",
    "Stormbreathseeker",
    "Stormbreathkeeper",
    "Stormbreathbreaker",
    "Stormbreathwatcher",
    "Stormbreathhunter",
    "Stormbreathsong",
    "Stormbreathbloom",
    "Stormbreathblaze",
    "Stormbreathrender",
    "Stormbreathsmite",
    "Stormbreathguard",
    "Stormfuryborn",
    "Stormfuryblood",
    "Stormfuryscale",
    "Stormfurybreath",
    "Stormfuryfury",
    "Stormfurystrike",
    "Stormfurytalon",
    "Stormfuryrider",
    "Stormfurysinger",
    "Stormfuryseeker",
    "Stormfurykeeper",
    "Stormfurybreaker",
    "Stormfurywatcher",
    "Stormfuryhunter",
    "Stormfurysong",
    "Stormfurybloom",
    "Stormfuryblaze",
    "Stormfuryrender",
    "Stormfurysmite",
    "Stormfuryguard",
    "Stormstrikeborn",
    "Stormstrikeblood",
    "Stormstrikescale",
    "Stormstrikebreath",
    "Stormstrikefury",
    "Stormstrikestrike",
    "Stormstriketalon",
    "Stormstrikerider",
    "Stormstrikesinger",
    "Stormstrikeseeker",
    "Stormstrikekeeper",
    "Stormstrikebreaker",
    "Stormstrikewatcher",
    "Stormstrikehunter",
    "Stormstrikesong",
    "Stormstrikebloom",
    "Stormstrikeblaze",
    "Stormstrikerender",
    "Stormstrikesmite",
    "Stormstrikeguard",
    "Stormtalonborn",
    "Stormtalonblood",
    "Stormtalonscale",
    "Stormtalonbreath",
    "Stormtalonfury",
    "Stormtalonstrike",
    "Stormtalontalon",
    "Stormtalonrider",
    "Stormtalonsinger",
    "Stormtalonseeker",
    "Stormtalonkeeper",
    "Stormtalonbreaker",
    "Stormtalonwatcher",
    "Stormtalonhunter",
    "Stormtalonsong",
    "Stormtalonbloom",
    "Stormtalonblaze",
    "Stormtalonrender",
    "Stormtalonsmite",
    "Stormtalonguard",
    "Stormriderborn",
    "Stormriderblood",
    "Stormriderscale",
    "Stormriderbreath",
    "Stormriderfury",
    "Stormriderstrike",
    "Stormridertalon",
    "Stormriderrider",
    "Stormridersinger",
    "Stormriderseeker",
    "Stormriderkeeper",
    "Stormriderbreaker",
    "Stormriderwatcher",
    "Stormriderhunter",
    "Stormridersong",
    "Stormriderbloom",
    "Stormriderblaze",
    "Stormriderrender",
    "Stormridersmite",
    "Stormriderguard",
    "Stormsingerborn",
    "Stormsingerblood",
    "Stormsingerscale",
    "Stormsingerbreath",
    "Stormsingerfury",
    "Stormsingerstrike",
    "Stormsingertalon",
    "Stormsingerrider",
    "Stormsingersinger",
    "Stormsingerseeker",
    "Stormsingerkeeper",
    "Stormsingerbreaker",
    "Stormsingerwatcher",
    "Stormsingerhunter",
    "Stormsingersong",
    "Stormsingerbloom",
    "Stormsingerblaze",
    "Stormsingerrender",
    "Stormsingersmite",
    "Stormsingerguard",
    "Stormseekerborn",
    "Stormseekerblood",
    "Stormseekerscale",
    "Stormseekerbreath",
    "Stormseekerfury",
    "Stormseekerstrike",
    "Stormseekertalon",
    "Stormseekerrider",
    "Stormseekersinger",
    "Stormseekerseeker",
    "Stormseekerkeeper",
    "Stormseekerbreaker",
    "Stormseekerwatcher",
    "Stormseekerhunter",
    "Stormseekersong",
    "Stormseekerbloom",
    "Stormseekerblaze",
    "Stormseekerrender",
    "Stormseekersmite",
    "Stormseekerguard"
  ]
}