{
  "authors": [
    {
      "name": "munichjake",
      "email": "munichjake@dnd-session.de",
      "url": "https://dnd-session.de",
      "github": "https://github.com/munichjake"
    }
  ],
  "description": "English noble titles for Dwarves with grammar rules",
  "version": "1.1.0",
  "grammar": {
    "articles": {
      "of": {
        "m": "of",
        "f": "of",
        "n": "of"
      },
      "from": {
        "m": "from",
        "f": "from",
        "n": "from"
      },
      "in": {
        "m": "in",
        "f": "in",
        "n": "in"
      },
      "at": {
        "m": "at",
        "f": "at",
        "n": "at"
      }
    }
  },
  "titles": {
    "male": [
      {
        "name": "Stoneking",
        "template": "Stoneking {preposition} {settlement}",
        "preposition": "of"
      },
      {
        "name": "Ironprince",
        "template": "Ironprince {preposition} {settlement}",
        "preposition": "of"
      },
      {
        "name": "Mountainbaron",
        "template": "Mountainbaron {preposition} {settlement}",
        "preposition": "of"
      },
      {
        "name": "Depthlord",
        "template": "Depthlord {preposition} {settlement}",
        "preposition": "of"
      },
      {
        "name": "Rockcount",
        "template": "Rockcount {preposition} {settlement}",
        "preposition": "of"
      },
      {
        "name": "Runemaster",
        "template": "Runemaster {preposition} {settlement}",
        "preposition": "of"
      },
      {
        "name": "Shieldwarden",
        "template": "Shieldwarden {preposition} {settlement}",
        "preposition": "of"
      },
      {
        "name": "Forgemaster",
        "template": "Forgemaster {preposition} {settlement}",
        "preposition": "of"
      },
      {
        "name": "Hallelder",
        "template": "Hallelder {preposition} {settlement}",
        "preposition": "of"
      }
    ],
    "female": [
      {
        "name": "Stonequeen",
        "template": "Stonequeen {preposition} {settlement}",
        "preposition": "of"
      },
      {
        "name": "Ironprincess",
        "template": "Ironprincess {preposition} {settlement}",
        "preposition": "of"
      },
      {
        "name": "Mountainbaroness",
        "template": "Mountainbaroness {preposition} {settlement}",
        "preposition": "of"
      },
      {
        "name": "Depthlady",
        "template": "Depthlady {preposition} {settlement}",
        "preposition": "of"
      },
      {
        "name": "Rockcountess",
        "template": "Rockcountess {preposition} {settlement}",
        "preposition": "of"
      },
      {
        "name": "Runemistress",
        "template": "Runemistress {preposition} {settlement}",
        "preposition": "of"
      },
      {
        "name": "Forgemistress",
        "template": "Forgemistress {preposition} {settlement}",
        "preposition": "of"
      },
      {
        "name": "Hallelder",
        "template": "Hallelder {preposition} {settlement}",
        "preposition": "of"
      }
    ],
    "nonbinary": [
      {
        "name": "Stonekeeper",
        "template": "Stonekeeper {preposition} {settlement}",
        "preposition": "of"
      },
      {
        "name": "Ironward",
        "template": "Ironward {preposition} {settlement}",
        "preposition": "of"
      },
      {
        "name": "Mountainguard",
        "template": "Mountainguard {preposition} {settlement}",
        "preposition": "of"
      },
      {
        "name": "Depthward",
        "template": "Depthward {preposition} {settlement}",
        "preposition": "of"
      },
      {
        "name": "Rockwarden",
        "template": "Rockwarden {preposition} {settlement}",
        "preposition": "of"
      },
      {
        "name": "Runekeeper",
        "template": "Runekeeper {preposition} {settlement}",
        "preposition": "of"
      },
      {
        "name": "Forgekeeper",
        "template": "Forgekeeper {preposition} {settlement}",
        "preposition": "of"
      }
    ]
  }
}