{
  "authors": [
    {
      "name": "munichjake",
      "email": "munichjake@dnd-session.de",
      "url": "https://dnd-session.de",
      "github": "https://github.com/munichjake"
    }
  ],
  "description": "English aasimar surnames",
  "version": "1.0.0",
  "names": [
    "Lightbearer",
    "Lightweaver",
    "Lightseeker",
    "Lightrunner",
    "Lightkeeper",
    "Lightbinder",
    "Lightbringer",
    "Lightguard",
    "Lightsmith",
    "Lightstone",
    "Lightwatcher",
    "Lightheart",
    "Lightsong",
    "Lightlight",
    "Lightbloom",
    "Lightspark",
    "Lightwing",
    "Lightflame",
    "Lightcrest",
    "Lightsoul",
    "Dawnbearer",
    "Dawnweaver",
    "Dawnseeker",
    "Dawnrunner",
    "Dawnkeeper",
    "Dawnbinder",
    "Dawnbringer",
    "Dawnguard",
    "Dawnsmith",
    "Dawnstone",
    "Dawnwatcher",
    "Dawnheart",
    "Dawnsong",
    "Dawnlight",
    "Dawnbloom",
    "Dawnspark",
    "Dawnwing",
    "Dawnflame",
    "Dawncrest",
    "Dawnsoul",
    "Starbearer",
    "Starweaver",
    "Starseeker",
    "Starrunner",
    "Starkeeper",
    "Starbinder",
    "Starbringer",
    "Starguard",
    "Starsmith",
    "Starstone",
    "Starwatcher",
    "Starheart",
    "Starsong",
    "Starlight",
    "Starbloom",
    "Starspark",
    "Starwing",
    "Starflame",
    "Starcrest",
    "Starsoul",
    "Moonbearer",
    "Moonweaver",
    "Moonseeker",
    "Moonrunner",
    "Moonkeeper",
    "Moonbinder",
    "Moonbringer",
    "Moonguard",
    "Moonsmith",
    "Moonstone",
    "Moonwatcher",
    "Moonheart",
    "Moonsong",
    "Moonlight",
    "Moonbloom",
    "Moonspark",
    "Moonwing",
    "Moonflame",
    "Mooncrest",
    "Moonsoul",
    "Sunbearer",
    "Sunweaver",
    "Sunseeker",
    "Sunrunner",
    "Sunkeeper",
    "Sunbinder",
    "Sunbringer",
    "Sunguard",
    "Sunsmith",
    "Sunstone",
    "Sunwatcher",
    "Sunheart",
    "Sunsong",
    "Sunlight",
    "Sunbloom",
    "Sunspark",
    "Sunwing",
    "Sunflame",
    "Suncrest",
    "Sunsoul",
    "Hopebearer",
    "Hopeweaver",
    "Hopeseeker",
    "Hoperunner",
    "Hopekeeper",
    "Hopebinder",
    "Hopebringer",
    "Hopeguard",
    "Hopesmith",
    "Hopestone",
    "Hopewatcher",
    "Hopeheart",
    "Hopesong",
    "Hopelight",
    "Hopebloom",
    "Hopespark",
    "Hopewing",
    "Hopeflame",
    "Hopecrest",
    "Hopesoul",
    "Faithbearer",
    "Faithweaver",
    "Faithseeker",
    "Faithrunner",
    "Faithkeeper",
    "Faithbinder",
    "Faithbringer",
    "Faithguard",
    "Faithsmith",
    "Faithstone",
    "Faithwatcher",
    "Faithheart",
    "Faithsong",
    "Faithlight",
    "Faithbloom",
    "Faithspark",
    "Faithwing",
    "Faithflame",
    "Faithcrest",
    "Faithsoul",
    "Glorybearer",
    "Gloryweaver",
    "Gloryseeker",
    "Gloryrunner",
    "Glorykeeper",
    "Glorybinder",
    "Glorybringer",
    "Gloryguard",
    "Glorysmith",
    "Glorystone",
    "Glorywatcher",
    "Gloryheart",
    "Glorysong",
    "Glorylight",
    "Glorybloom",
    "Gloryspark",
    "Glorywing",
    "Gloryflame",
    "Glorycrest",
    "Glorysoul",
    "Gracebearer",
    "Graceweaver",
    "Graceseeker",
    "Gracerunner",
    "Gracekeeper",
    "Gracebinder",
    "Gracebringer",
    "Graceguard",
    "Gracesmith",
    "Gracestone",
    "Gracewatcher",
    "Graceheart",
    "Gracesong",
    "Gracelight",
    "Gracebloom",
    "Gracespark",
    "Gracewing",
    "Graceflame",
    "Gracecrest",
    "Gracesoul",
    "Halobearer",
    "Haloweaver",
    "Haloseeker",
    "Halorunner",
    "Halokeeper",
    "Halobinder",
    "Halobringer",
    "Haloguard",
    "Halosmith",
    "Halostone",
    "Halowatcher",
    "Haloheart",
    "Halosong",
    "Halolight",
    "Halobloom",
    "Halospark",
    "Halowing",
    "Haloflame",
    "Halocrest",
    "Halosoul",
    "Skybearer",
    "Skyweaver",
    "Skyseeker",
    "Skyrunner",
    "Skykeeper",
    "Skybinder",
    "Skybringer",
    "Skyguard",
    "Skysmith",
    "Skystone",
    "Skywatcher",
    "Skyheart",
    "Skysong",
    "Skylight",
    "Skybloom",
    "Skyspark",
    "Skywing",
    "Skyflame",
    "Skycrest",
    "Skysoul",
    "Radiantbearer",
    "Radiantweaver",
    "Radiantseeker",
    "Radiantrunner",
    "Radiantkeeper",
    "Radiantbinder",
    "Radiantbringer",
    "Radiantguard",
    "Radiantsmith",
    "Radiantstone",
    "Radiantwatcher",
    "Radiantheart",
    "Radiantsong",
    "Radiantlight",
    "Radiantbloom",
    "Radiantspark",
    "Radiantwing",
    "Radiantflame",
    "Radiantcrest",
    "Radiantsoul",
    "Serenebearer",
    "Sereneweaver",
    "Sereneseeker",
    "Serenerunner",
    "Serenekeeper",
    "Serenebinder",
    "Serenebringer",
    "Sereneguard",
    "Serenesmith",
    "Serenestone",
    "Serenewatcher",
    "Sereneheart",
    "Serenesong",
    "Serenelight",
    "Serenebloom",
    "Serenespark",
    "Serenewing",
    "Sereneflame",
    "Serenecrest",
    "Serenesoul",
    "Virtuebearer",
    "Virtueweaver",
    "Virtueseeker",
    "Virtuerunner",
    "Virtuekeeper",
    "Virtuebinder",
    "Virtuebringer",
    "Virtueguard",
    "Virtuesmith",
    "Virtuestone",
    "Virtuewatcher",
    "Virtueheart",
    "Virtuesong",
    "Virtuelight",
    "Virtuebloom",
    "Virtuespark",
    "Virtuewing",
    "Virtueflame",
    "Virtuecrest",
    "Virtuesoul",
    "Celestbearer",
    "Celestweaver",
    "Celestseeker",
    "Celestrunner",
    "Celestkeeper",
    "Celestbinder",
    "Celestbringer",
    "Celestguard",
    "Celestsmith",
    "Celeststone",
    "Celestwatcher",
    "Celestheart",
    "Celestsong",
    "Celestlight",
    "Celestbloom",
    "Celestspark",
    "Celestwing",
    "Celestflame",
    "Celestcrest",
    "Celestsoul",
    "Aurorabearer",
    "Auroraweaver",
    "Auroraseeker",
    "Aurorarunner",
    "Aurorakeeper",
    "Aurorabinder",
    "Aurorabringer",
    "Auroraguard",
    "Aurorasmith",
    "Aurorastone",
    "Aurorawatcher",
    "Auroraheart",
    "Aurorasong",
    "Auroralight",
    "Aurorabloom",
    "Auroraspark",
    "Aurorawing",
    "Auroraflame",
    "Auroracrest",
    "Aurorasoul",
    "Novabearer",
    "Novaweaver",
    "Novaseeker",
    "Novarunner",
    "Novakeeper",
    "Novabinder",
    "Novabringer",
    "Novaguard",
    "Novasmith",
    "Novastone",
    "Novawatcher",
    "Novaheart",
    "Novasong",
    "Novalight",
    "Novabloom",
    "Novaspark",
    "Novawing",
    "Novaflame",
    "Novacrest",
    "Novasoul",
    "Heavenbearer",
    "Heavenweaver",
    "Heavenseeker",
    "Heavenrunner",
    "Heavenkeeper",
    "Heavenbinder",
    "Heavenbringer",
    "Heavenguard",
    "Heavensmith",
    "Heavenstone",
    "Heavenwatcher",
    "Heavenheart",
    "Heavensong",
    "Heavenlight",
    "Heavenbloom",
    "Heavenspark",
    "Heavenwing",
    "Heavenflame",
    "Heavencrest",
    "Heavensoul",
    "Purebearer",
    "Pureweaver",
    "Pureseeker",
    "Purerunner",
    "Purekeeper",
    "Purebinder",
    "Purebringer",
    "Pureguard",
    "Puresmith",
    "Purestone",
    "Purewatcher",
    "Pureheart",
    "Puresong",
    "Purelight",
    "Purebloom",
    "Purespark",
    "Purewing",
    "Pureflame",
    "Purecrest",
    "Puresoul",
    "Eternalbearer",
    "Eternalweaver",
    "Eternalseeker",
    "Eternalrunner",
    "Eternalkeeper",
    "Eternalbinder",
    "Eternalbringer",
    "Eternalguard",
    "Eternalsmith",
    "Eternalstone",
    "Eternalwatcher",
    "Eternalheart",
    "Eternalsong",
    "Eternallight",
    "Eternalbloom",
    "Eternalspark",
    "Eternalwing",
    "Eternalflame",
    "Eternalcrest",
    "Eternalsoul",
    "Lightbearerbearer",
    "Lightbearerweaver",
    "Lightbearerseeker",
    "Lightbearerrunner",
    "Lightbearerkeeper",
    "Lightbearerbinder",
    "Lightbearerbringer",
    "Lightbearerguard",
    "Lightbearersmith",
    "Lightbearerstone",
    "Lightbearerwatcher",
    "Lightbearerheart",
    "Lightbearersong",
    "Lightbearerlight",
    "Lightbearerbloom",
    "Lightbearerspark",
    "Lightbearerwing",
    "Lightbearerflame",
    "Lightbearercrest",
    "Lightbearersoul",
    "Lightweaverbearer",
    "Lightweaverweaver",
    "Lightweaverseeker",
    "Lightweaverrunner",
    "Lightweaverkeeper",
    "Lightweaverbinder",
    "Lightweaverbringer",
    "Lightweaverguard",
    "Lightweaversmith",
    "Lightweaverstone",
    "Lightweaverwatcher",
    "Lightweaverheart",
    "Lightweaversong",
    "Lightweaverlight",
    "Lightweaverbloom",
    "Lightweaverspark",
    "Lightweaverwing",
    "Lightweaverflame",
    "Lightweavercrest",
    "Lightweaversoul",
    "Lightseekerbearer",
    "Lightseekerweaver",
    "Lightseekerseeker",
    "Lightseekerrunner",
    "Lightseekerkeeper",
    "Lightseekerbinder",
    "Lightseekerbringer",
    "Lightseekerguard",
    "Lightseekersmith",
    "Lightseekerstone",
    "Lightseekerwatcher",
    "Lightseekerheart",
    "Lightseekersong",
    "Lightseekerlight",
    "Lightseekerbloom",
    "Lightseekerspark",
    "Lightseekerwing",
    "Lightseekerflame",
    "Lightseekercrest",
    "Lightseekersoul",
    "Lightrunnerbearer",
    "Lightrunnerweaver",
    "Lightrunnerseeker",
    "Lightrunnerrunner",
    "Lightrunnerkeeper",
    "Lightrunnerbinder",
    "Lightrunnerbringer",
    "Lightrunnerguard",
    "Lightrunnersmith",
    "Lightrunnerstone",
    "Lightrunnerwatcher",
    "Lightrunnerheart",
    "Lightrunnersong",
    "Lightrunnerlight",
    "Lightrunnerbloom",
    "Lightrunnerspark",
    "Lightrunnerwing",
    "Lightrunnerflame",
    "Lightrunnercrest",
    "Lightrunnersoul",
    "Lightkeeperbearer",
    "Lightkeeperweaver",
    "Lightkeeperseeker",
    "Lightkeeperrunner",
    "Lightkeeperkeeper",
    "Lightkeeperbinder",
    "Lightkeeperbringer",
    "Lightkeeperguard",
    "Lightkeepersmith",
    "Lightkeeperstone",
    "Lightkeeperwatcher",
    "Lightkeeperheart",
    "Lightkeepersong",
    "Lightkeeperlight",
    "Lightkeeperbloom",
    "Lightkeeperspark",
    "Lightkeeperwing",
    "Lightkeeperflame",
    "Lightkeepercrest",
    "Lightkeepersoul",
    "Lightbinderbearer",
    "Lightbinderweaver",
    "Lightbinderseeker",
    "Lightbinderrunner",
    "Lightbinderkeeper",
    "Lightbinderbinder",
    "Lightbinderbringer",
    "Lightbinderguard",
    "Lightbindersmith",
    "Lightbinderstone",
    "Lightbinderwatcher",
    "Lightbinderheart",
    "Lightbindersong",
    "Lightbinderlight",
    "Lightbinderbloom",
    "Lightbinderspark",
    "Lightbinderwing",
    "Lightbinderflame",
    "Lightbindercrest",
    "Lightbindersoul",
    "Lightbringerbearer",
    "Lightbringerweaver",
    "Lightbringerseeker",
    "Lightbringerrunner",
    "Lightbringerkeeper",
    "Lightbringerbinder",
    "Lightbringerbringer",
    "Lightbringerguard",
    "Lightbringersmith",
    "Lightbringerstone",
    "Lightbringerwatcher",
    "Lightbringerheart",
    "Lightbringersong",
    "Lightbringerlight",
    "Lightbringerbloom",
    "Lightbringerspark",
    "Lightbringerwing",
    "Lightbringerflame",
    "Lightbringercrest",
    "Lightbringersoul",
    "Lightguardbearer",
    "Lightguardweaver",
    "Lightguardseeker",
    "Lightguardrunner",
    "Lightguardkeeper",
    "Lightguardbinder",
    "Lightguardbringer",
    "Lightguardguard",
    "Lightguardsmith",
    "Lightguardstone",
    "Lightguardwatcher",
    "Lightguardheart",
    "Lightguardsong",
    "Lightguardlight",
    "Lightguardbloom",
    "Lightguardspark",
    "Lightguardwing",
    "Lightguardflame",
    "Lightguardcrest",
    "Lightguardsoul",
    "Lightsmithbearer",
    "Lightsmithweaver",
    "Lightsmithseeker",
    "Lightsmithrunner",
    "Lightsmithkeeper",
    "Lightsmithbinder",
    "Lightsmithbringer",
    "Lightsmithguard",
    "Lightsmithsmith",
    "Lightsmithstone",
    "Lightsmithwatcher",
    "Lightsmithheart",
    "Lightsmithsong",
    "Lightsmithlight",
    "Lightsmithbloom",
    "Lightsmithspark",
    "Lightsmithwing",
    "Lightsmithflame",
    "Lightsmithcrest",
    "Lightsmithsoul",
    "Lightstonebearer",
    "Lightstoneweaver",
    "Lightstoneseeker",
    "Lightstonerunner",
    "Lightstonekeeper",
    "Lightstonebinder",
    "Lightstonebringer",
    "Lightstoneguard",
    "Lightstonesmith",
    "Lightstonestone",
    "Lightstonewatcher",
    "Lightstoneheart",
    "Lightstonesong",
    "Lightstonelight",
    "Lightstonebloom",
    "Lightstonespark",
    "Lightstonewing",
    "Lightstoneflame",
    "Lightstonecrest",
    "Lightstonesoul",
    "Lightwatcherbearer",
    "Lightwatcherweaver",
    "Lightwatcherseeker",
    "Lightwatcherrunner",
    "Lightwatcherkeeper",
    "Lightwatcherbinder",
    "Lightwatcherbringer",
    "Lightwatcherguard",
    "Lightwatchersmith",
    "Lightwatcherstone",
    "Lightwatcherwatcher",
    "Lightwatcherheart",
    "Lightwatchersong",
    "Lightwatcherlight",
    "Lightwatcherbloom",
    "Lightwatcherspark",
    "Lightwatcherwing",
    "Lightwatcherflame",
    "Lightwatchercrest",
    "Lightwatchersoul",
    "Lightheartbearer",
    "Lightheartweaver",
    "Lightheartseeker",
    "Lightheartrunner",
    "Lightheartkeeper",
    "Lightheartbinder",
    "Lightheartbringer",
    "Lightheartguard",
    "Lightheartsmith",
    "Lightheartstone",
    "Lightheartwatcher",
    "Lightheartheart",
    "Lightheartsong",
    "Lightheartlight",
    "Lightheartbloom",
    "Lightheartspark",
    "Lightheartwing",
    "Lightheartflame",
    "Lightheartcrest",
    "Lightheartsoul",
    "Lightsongbearer",
    "Lightsongweaver",
    "Lightsongseeker",
    "Lightsongrunner",
    "Lightsongkeeper",
    "Lightsongbinder",
    "Lightsongbringer",
    "Lightsongguard",
    "Lightsongsmith",
    "Lightsongstone",
    "Lightsongwatcher",
    "Lightsongheart",
    "Lightsongsong",
    "Lightsonglight",
    "Lightsongbloom",
    "Lightsongspark",
    "Lightsongwing",
    "Lightsongflame",
    "Lightsongcrest",
    "Lightsongsoul",
    "Lightlightbearer",
    "Lightlightweaver",
    "Lightlightseeker",
    "Lightlightrunner",
    "Lightlightkeeper",
    "Lightlightbinder",
    "Lightlightbringer",
    "Lightlightguard",
    "Lightlightsmith",
    "Lightlightstone",
    "Lightlightwatcher",
    "Lightlightheart",
    "Lightlightsong",
    "Lightlightlight",
    "Lightlightbloom",
    "Lightlightspark",
    "Lightlightwing",
    "Lightlightflame",
    "Lightlightcrest",
    "Lightlightsoul",
    "Lightbloombearer",
    "Lightbloomweaver",
    "Lightbloomseeker",
    "Lightbloomrunner",
    "Lightbloomkeeper",
    "Lightbloombinder",
    "Lightbloombringer",
    "Lightbloomguard",
    "Lightbloomsmith",
    "Lightbloomstone",
    "Lightbloomwatcher",
    "Lightbloomheart",
    "Lightbloomsong",
    "Lightbloomlight",
    "Lightbloombloom",
    "Lightbloomspark",
    "Lightbloomwing",
    "Lightbloomflame",
    "Lightbloomcrest",
    "Lightbloomsoul",
    "Lightsparkbearer",
    "Lightsparkweaver",
    "Lightsparkseeker",
    "Lightsparkrunner",
    "Lightsparkkeeper",
    "Lightsparkbinder",
    "Lightsparkbringer",
    "Lightsparkguard",
    "Lightsparksmith",
    "Lightsparkstone",
    "Lightsparkwatcher",
    "Lightsparkheart",
    "Lightsparksong",
    "Lightsparklight",
    "Lightsparkbloom",
    "Lightsparkspark",
    "Lightsparkwing",
    "Lightsparkflame",
    "Lightsparkcrest",
    "Lightsparksoul",
    "Lightwingbearer",
    "Lightwingweaver",
    "Lightwingseeker",
    "Lightwingrunner",
    "Lightwingkeeper",
    "Lightwingbinder",
    "Lightwingbringer",
    "Lightwingguard",
    "Lightwingsmith",
    "Lightwingstone",
    "Lightwingwatcher",
    "Lightwingheart",
    "Lightwingsong",
    "Lightwinglight",
    "Lightwingbloom",
    "Lightwingspark",
    "Lightwingwing",
    "Lightwingflame",
    "Lightwingcrest",
    "Lightwingsoul",
    "Lightflamebearer",
    "Lightflameweaver",
    "Lightflameseeker",
    "Lightflamerunner",
    "Lightflamekeeper",
    "Lightflamebinder",
    "Lightflamebringer",
    "Lightflameguard",
    "Lightflamesmith",
    "Lightflamestone",
    "Lightflamewatcher",
    "Lightflameheart",
    "Lightflamesong",
    "Lightflamelight",
    "Lightflamebloom",
    "Lightflamespark",
    "Lightflamewing",
    "Lightflameflame",
    "Lightflamecrest",
    "Lightflamesoul",
    "Lightcrestbearer",
    "Lightcrestweaver",
    "Lightcrestseeker",
    "Lightcrestrunner",
    "Lightcrestkeeper",
    "Lightcrestbinder",
    "Lightcrestbringer",
    "Lightcrestguard",
    "Lightcrestsmith",
    "Lightcreststone",
    "Lightcrestwatcher",
    "Lightcrestheart",
    "Lightcrestsong",
    "Lightcrestlight",
    "Lightcrestbloom",
    "Lightcrestspark",
    "Lightcrestwing",
    "Lightcrestflame",
    "Lightcrestcrest",
    "Lightcrestsoul",
    "Lightsoulbearer",
    "Lightsoulweaver",
    "Lightsoulseeker",
    "Lightsoulrunner",
    "Lightsoulkeeper",
    "Lightsoulbinder",
    "Lightsoulbringer",
    "Lightsoulguard",
    "Lightsoulsmith",
    "Lightsoulstone",
    "Lightsoulwatcher",
    "Lightsoulheart",
    "Lightsoulsong",
    "Lightsoullight",
    "Lightsoulbloom",
    "Lightsoulspark",
    "Lightsoulwing",
    "Lightsoulflame",
    "Lightsoulcrest",
    "Lightsoulsoul",
    "Dawnbearerbearer",
    "Dawnbearerweaver",
    "Dawnbearerseeker",
    "Dawnbearerrunner",
    "Dawnbearerkeeper",
    "Dawnbearerbinder",
    "Dawnbearerbringer",
    "Dawnbearerguard",
    "Dawnbearersmith",
    "Dawnbearerstone",
    "Dawnbearerwatcher",
    "Dawnbearerheart",
    "Dawnbearersong",
    "Dawnbearerlight",
    "Dawnbearerbloom",
    "Dawnbearerspark",
    "Dawnbearerwing",
    "Dawnbearerflame",
    "Dawnbearercrest",
    "Dawnbearersoul",
    "Dawnweaverbearer",
    "Dawnweaverweaver",
    "Dawnweaverseeker",
    "Dawnweaverrunner",
    "Dawnweaverkeeper",
    "Dawnweaverbinder",
    "Dawnweaverbringer",
    "Dawnweaverguard",
    "Dawnweaversmith",
    "Dawnweaverstone",
    "Dawnweaverwatcher",
    "Dawnweaverheart",
    "Dawnweaversong",
    "Dawnweaverlight",
    "Dawnweaverbloom",
    "Dawnweaverspark",
    "Dawnweaverwing",
    "Dawnweaverflame",
    "Dawnweavercrest",
    "Dawnweaversoul",
    "Dawnseekerbearer",
    "Dawnseekerweaver",
    "Dawnseekerseeker",
    "Dawnseekerrunner",
    "Dawnseekerkeeper",
    "Dawnseekerbinder",
    "Dawnseekerbringer",
    "Dawnseekerguard",
    "Dawnseekersmith",
    "Dawnseekerstone",
    "Dawnseekerwatcher",
    "Dawnseekerheart",
    "Dawnseekersong",
    "Dawnseekerlight",
    "Dawnseekerbloom",
    "Dawnseekerspark",
    "Dawnseekerwing",
    "Dawnseekerflame",
    "Dawnseekercrest",
    "Dawnseekersoul",
    "Dawnrunnerbearer",
    "Dawnrunnerweaver",
    "Dawnrunnerseeker",
    "Dawnrunnerrunner",
    "Dawnrunnerkeeper",
    "Dawnrunnerbinder",
    "Dawnrunnerbringer",
    "Dawnrunnerguard",
    "Dawnrunnersmith",
    "Dawnrunnerstone",
    "Dawnrunnerwatcher",
    "Dawnrunnerheart",
    "Dawnrunnersong",
    "Dawnrunnerlight",
    "Dawnrunnerbloom",
    "Dawnrunnerspark",
    "Dawnrunnerwing",
    "Dawnrunnerflame",
    "Dawnrunnercrest",
    "Dawnrunnersoul",
    "Dawnkeeperbearer",
    "Dawnkeeperweaver",
    "Dawnkeeperseeker",
    "Dawnkeeperrunner",
    "Dawnkeeperkeeper",
    "Dawnkeeperbinder",
    "Dawnkeeperbringer",
    "Dawnkeeperguard",
    "Dawnkeepersmith",
    "Dawnkeeperstone",
    "Dawnkeeperwatcher",
    "Dawnkeeperheart",
    "Dawnkeepersong",
    "Dawnkeeperlight",
    "Dawnkeeperbloom",
    "Dawnkeeperspark",
    "Dawnkeeperwing",
    "Dawnkeeperflame",
    "Dawnkeepercrest",
    "Dawnkeepersoul",
    "Dawnbinderbearer",
    "Dawnbinderweaver",
    "Dawnbinderseeker",
    "Dawnbinderrunner",
    "Dawnbinderkeeper",
    "Dawnbinderbinder",
    "Dawnbinderbringer",
    "Dawnbinderguard",
    "Dawnbindersmith",
    "Dawnbinderstone",
    "Dawnbinderwatcher",
    "Dawnbinderheart",
    "Dawnbindersong",
    "Dawnbinderlight",
    "Dawnbinderbloom",
    "Dawnbinderspark",
    "Dawnbinderwing",
    "Dawnbinderflame",
    "Dawnbindercrest",
    "Dawnbindersoul",
    "Dawnbringerbearer",
    "Dawnbringerweaver",
    "Dawnbringerseeker",
    "Dawnbringerrunner",
    "Dawnbringerkeeper",
    "Dawnbringerbinder",
    "Dawnbringerbringer",
    "Dawnbringerguard",
    "Dawnbringersmith",
    "Dawnbringerstone",
    "Dawnbringerwatcher",
    "Dawnbringerheart",
    "Dawnbringersong",
    "Dawnbringerlight",
    "Dawnbringerbloom",
    "Dawnbringerspark",
    "Dawnbringerwing",
    "Dawnbringerflame",
    "Dawnbringercrest",
    "Dawnbringersoul",
    "Dawnguardbearer",
    "Dawnguardweaver",
    "Dawnguardseeker",
    "Dawnguardrunner",
    "Dawnguardkeeper",
    "Dawnguardbinder",
    "Dawnguardbringer",
    "Dawnguardguard",
    "Dawnguardsmith",
    "Dawnguardstone",
    "Dawnguardwatcher",
    "Dawnguardheart",
    "Dawnguardsong",
    "Dawnguardlight",
    "Dawnguardbloom",
    "Dawnguardspark",
    "Dawnguardwing",
    "Dawnguardflame",
    "Dawnguardcrest",
    "Dawnguardsoul",
    "Dawnsmithbearer",
    "Dawnsmithweaver",
    "Dawnsmithseeker",
    "Dawnsmithrunner",
    "Dawnsmithkeeper",
    "Dawnsmithbinder",
    "Dawnsmithbringer",
    "Dawnsmithguard",
    "Dawnsmithsmith",
    "Dawnsmithstone",
    "Dawnsmithwatcher",
    "Dawnsmithheart",
    "Dawnsmithsong",
    "Dawnsmithlight",
    "Dawnsmithbloom",
    "Dawnsmithspark",
    "Dawnsmithwing",
    "Dawnsmithflame",
    "Dawnsmithcrest",
    "Dawnsmithsoul",
    "Dawnstonebearer",
    "Dawnstoneweaver",
    "Dawnstoneseeker",
    "Dawnstonerunner",
    "Dawnstonekeeper",
    "Dawnstonebinder",
    "Dawnstonebringer",
    "Dawnstoneguard",
    "Dawnstonesmith",
    "Dawnstonestone",
    "Dawnstonewatcher",
    "Dawnstoneheart",
    "Dawnstonesong",
    "Dawnstonelight",
    "Dawnstonebloom",
    "Dawnstonespark",
    "Dawnstonewing",
    "Dawnstoneflame",
    "Dawnstonecrest",
    "Dawnstonesoul"
  ]
}