{
  "authors": [
    {
      "name": "munichjake",
      "email": "munichjake@dnd-session.de",
      "url": "https://dnd-session.de",
      "github": "https://github.com/munichjake"
    }
  ],
  "description": "Deutsche Tieflingnachnamen",
  "version": "1.0.1",
  "names": [
    "Acheron",
    "Alastor",
    "Anathema",
    "Aschendorn",
    "Avernal",
    "Blutborn",
    "Blutfang",
    "Bluthieb",
    "Bluthorn",
    "Blutklau",
    "Blutklinge",
    "Blutnarbe",
    "Blutschwur",
    "Blutstein",
    "Blutsturm",
    "Brandborn",
    "Brandhauch",
    "Brandherz",
    "Brandklinge",
    "Brimstein",
    "Caelus",
    "Chromfall",
    "Cinderborn",
    "Dämmerfall",
    "Dornfang",
    "Dornwind",
    "Drachenzahn",
    "Drakon",
    "Dunkelfall",
    "Dunkelherz",
    "Dunkelklinge",
    "Dunkelstein",
    "Eisenfang",
    "Eisenherz",
    "Eisenklau",
    "Eisenstein",
    "Eiterfang",
    "Eiterherz",
    "Eiterklau",
    "Erzdorn",
    "Ewignacht",
    "Faustschlag",
    "Feindschatten",
    "Feuerbrand",
    "Feuerfang",
    "Feuerherz",
    "Feuerklau",
    "Feuerklinge",
    "Feuerstein",
    "Flammenborn",
    "Flammenherz",
    "Flammenklau",
    "Flammenmal",
    "Flammenruf",
    "Flammensturm",
    "Flintstein",
    "Frosthieb",
    "Frostklau",
    "Geduld",
    "Gehörnt",
    "Geisterfang",
    "Gierschlund",
    "Glutborn",
    "Glutbrand",
    "Glutdorn",
    "Glutherz",
    "Glutklau",
    "Glutklinge",
    "Glutstein",
    "Gramborn",
    "Gramfall",
    "Gramherz",
    "Gramstein",
    "Grauenherz",
    "Grauenklau",
    "Grollherz",
    "Grollklau",
    "Grollstein",
    "Hadesborn",
    "Höllenbrand",
    "Höllenfang",
    "Höllenherz",
    "Höllenklau",
    "Höllenmal",
    "Höllenruf",
    "Höllenstein",
    "Höllenwind",
    "Hornklau",
    "Hornschatten",
    "Hornsturm",
    "Ikarus",
    "Infernalis",
    "Irdenborn",
    "Joch",
    "Kaelen",
    "Kain",
    "Kaltfang",
    "Kaltklau",
    "Kaltstein",
    "Kesselbrand",
    "Kettenklau",
    "Klausturm",
    "Klingenherz",
    "Klingentief",
    "Krähenschrei",
    "Krummzahn",
    "Leidbrand",
    "Leidfall",
    "Leidklau",
    "Luzifer",
    "Macht",
    "Maleficus",
    "Malice",
    "Moloch",
    "Mordhieb",
    "Mordklau",
    "Mortifer",
    "Nachtdorn",
    "Nachtfang",
    "Nachtfrost",
    "Nachtklau",
    "Nachtschatten",
    "Nachtschrei",
    "Nachtstein",
    "Nachtwind",
    "Nefastus",
    "Obsidian",
    "Pechschwarz",
    "Plagenherz",
    "Plagenklau",
    "Plagenmal",
    "Qualenborn",
    "Qualenherz",
    "Rabenfall",
    "Rabenklau",
    "Rabenschrei",
    "Rabenstein",
    "Rache",
    "Reißzahn",
    "Rostdorn",
    "Rostklau",
    "Rostklinge",
    "Rostnarbe",
    "Ruhmfall",
    "Ruhmklau",
    "Runehorn",
    "Schattenborn",
    "Schattenfang",
    "Schattenhieb",
    "Schattenhorn",
    "Schattenklau",
    "Schattenklinge",
    "Schattenmal",
    "Schattenzahn",
    "Schattenschritt",
    "Schlackenborn",
    "Schmerzborn",
    "Schmerzfang",
    "Schmerzherz",
    "Schmerzklau",
    "Schreckenklau",
    "Schwarzklinge",
    "Schwarztief",
    "Schwertklau",
    "Seelenbrand",
    "Seelenfang",
    "Seelenhieb",
    "Seelenklau",
    "Seelenmal",
    "Seelenstein",
    "Senghorn",
    "Sintflut",
    "Spaltklinge",
    "Spitzzahn",
    "Steinbrecher",
    "Steinhieb",
    "Stolz",
    "Sturmfang",
    "Sturmherz",
    "Sturmhorn",
    "Sturmklau",
    "Sumpfklau",
    "Sumpfstein",
    "Teufelsbrand",
    "Teufelsklau",
    "Todesfang",
    "Todeshauch",
    "Todeshorn",
    "Todesklaue",
    "Totenfall",
    "Totenhieb",
    "Totenklau",
    "Trauerborn",
    "Trauerfall",
    "Trauerherz",
    "Trauerklau",
    "Umbra",
    "Unheilklau",
    "Unheilstein",
    "Unrast",
    "Urgrund",
    "Vargus",
    "Verderb",
    "Verfall",
    "Verlust",
    "Verrat",
    "Vexian",
    "Vulkanklau",
    "Vulkanstein",
    "Wahnsinn",
    "Wehmut",
    "Windfang",
    "Winterbrand",
    "Wolfshorn",
    "Zornborn",
    "Zornfang",
    "Zornherz",
    "Zornklau",
    "Zornklinge",
    "Zornschrei",
    "Zundersplitter",
    "Abgrund",
    "Achthieb",
    "Aderklaue",
    "Äonenfluch",
    "Aschefall",
    "Axtklau",
    "Azrael",
    "Bannstein",
    "Bargul",
    "Bargus",
    "Befleck",
    "Bennigan",
    "Beulenglas",
    "Böswicht",
    "Bruchklau",
    "Bruchtal",
    "Brutklau",
    "Dahmer",
    "Damian",
    "Dämmerlicht",
    "Dornmal",
    "Draken",
    "Drudenfuss",
    "Dunkelfrost",
    "Düsterklau",
    "Eisbrand",
    "Eiskern",
    "Eiserner",
    "Elend",
    "Emberfall",
    "Erbfeind",
    "Erbklau",
    "Erlösung",
    "Evernight",
    "Faulklau",
    "Faustschlag",
    "Fellhorn",
    "Finsternis",
    "Flachklau",
    "Flüsterwind",
    "Fremdherz",
    "Frieden",
    "Furor",
    "Gallenherz",
    "Gargos",
    "Geröll",
    "Gier",
    "Gletschermund",
    "Glücksfall",
    "Golgotha",
    "Gramborn",
    "Grauenfang",
    "Grindhorn",
    "Grollhieb",
    "Hässlich",
    "Helldorn",
    "Höllenruf",
    "Hortus",
    "Irmin",
    "Ironsoul",
    "Jagdklau",
    "Jäger",
    "Jochträger",
    "Kadaver",
    "Kaelen",
    "Kain",
    "Kaldor",
    "Kalix",
    "Kalkbrand",
    "Katakombe",
    "Kesselhieb",
    "Klagelied",
    "Klaghorn",
    "Klaue",
    "Klauenkralle",
    "Knauser",
    "Knochenbrecher",
    "Kommend",
    "Krone",
    "Krypta",
    "Kühne",
    "Lacer",
    "Lacrimosa",
    "Lament",
    "Lanius",
    "Leichenklaue",
    "Leichenstein",
    "Lemur",
    "Lichtscheu",
    "Limbus",
    "Lohbrand",
    "Lugklau",
    "Luzius",
    "Maßlos",
    "Malakor",
    "Malakus",
    "Marodeur",
    "Martyr",
    "Maus",
    "Meuchler",
    "Mörderklau",
    "Morbid",
    "Morgenröte",
    "Mortian",
    "Morthos",
    "Mundhieb",
    "Murdrak",
    "Murkfall",
    "Nagelklau",
    "Narbenherz",
    "Narbenschild",
    "Nefarian",
    "Nebelhorn",
    "Nekros",
    "Nixenstein",
    "Nixenfürst",
    "Noxius",
    "Obsidianklaue",
    "Onyxfang",
    "Onyxherz",
    "Opferklau",
    "Pechdorn",
    "Peiniger",
    "Pestklau",
    "Pflasterklau",
    "Plage",
    "Prallhieb",
    "Qualhieb",
    "Qualstein",
    "Rabenschrei",
    "Rachefluch",
    "Rastlos",
    "Raucher",
    "Rauklau",
    "Reißwolf",
    "Risshorn",
    "Ritual",
    "Rostdorn",
    "Rostfall",
    "Ruinenklau",
    "Runehieb",
    "Ruhmwurf",
    "Saum",
    "Säbelklau",
    "Schattenhieb",
    "Schattensprung",
    "Scheitelfall",
    "Scherbe",
    "Schicksal",
    "Schiefer",
    "Schindeklau",
    "Schlange",
    "Schleich",
    "Schleicher",
    "Schluchtwind",
    "Schlund",
    "Schmach",
    "Schmutzfuss",
    "Schneeklau",
    "Schreihals",
    "Schuld",
    "Schwärze",
    "Schwefel",
    "Seelendorn",
    "Sicher",
    "Sinfonia",
    "Sintflut",
    "Skarabäus",
    "Sklave",
    "Sorgenklau",
    "Splitterfang",
    "Stahlklaue",
    "Stahlnarbe",
    "Stalagnit",
    "Sternenstaub",
    "Stichklau",
    "Störklau",
    "Strand",
    "Strombrecher",
    "Sumpfklau",
    "Sumpfkralle",
    "Talwind",
    "Teufelsmal",
    "Teufelstief",
    "Tiefschatten",
    "Tiefseel",
    "Tollklau",
    "Trauerlied",
    "Treulos",
    "Triefaugen",
    "Trockenklau",
    "Tränen",
    "Tümpel",
    "Tyrann",
    "Umbra",
    "Ungeheuer",
    "Unheil",
    "Unheilbringer",
    "Untat",
    "Uralt",
    "Urgrund",
    "Vailor",
    "Vargus",
    "Verderb",
    "Verräter",
    "Vexian",
    "Vielklau",
    "Vorsicht",
    "Vulkan",
    "Waldschatten",
    "Warlord",
    "Wasserdorn",
    "Wehmut",
    "Wildfang",
    "Winterschrei",
    "Wohlstand",
    "Wut",
    "Wurmfresser",
    "Xenophob",
    "Zahlreich",
    "Zähklau",
    "Zerberus",
    "Zorn",
    "Zornbringer",
    "Zundern",
    "Zwerghieb"
  ]
}