{
  "authors": [
    {
      "name": "munichjake",
      "email": "munichjake@dnd-session.de",
      "url": "https://dnd-session.de",
      "github": "https://github.com/munichjake"
    }
  ],
  "description": "English tiefling surnames",
  "version": "1.0.0",
  "names": [
    "Shadowborn",
    "Shadowweaver",
    "Shadowheart",
    "Shadowsong",
    "Shadowbane",
    "Shadowflame",
    "Shadowshade",
    "Shadowthorn",
    "Shadowcaster",
    "Shadowreaver",
    "Shadowwhisper",
    "Shadowseeker",
    "Shadowwalker",
    "Shadowbender",
    "Shadowcaller",
    "Shadowrider",
    "Shadowmancer",
    "Shadowbrand",
    "Shadowblade",
    "Shadowmark",
    "Fireborn",
    "Fireweaver",
    "Fireheart",
    "Firesong",
    "Firebane",
    "Fireflame",
    "Fireshade",
    "Firethorn",
    "Firecaster",
    "Firereaver",
    "Firewhisper",
    "Fireseeker",
    "Firewalker",
    "Firebender",
    "Firecaller",
    "Firerider",
    "Firemancer",
    "Firebrand",
    "Fireblade",
    "Firemark",
    "Bloodborn",
    "Bloodweaver",
    "Bloodheart",
    "Bloodsong",
    "Bloodbane",
    "Bloodflame",
    "Bloodshade",
    "Bloodthorn",
    "Bloodcaster",
    "Bloodreaver",
    "Bloodwhisper",
    "Bloodseeker",
    "Bloodwalker",
    "Bloodbender",
    "Bloodcaller",
    "Bloodrider",
    "Bloodmancer",
    "Bloodbrand",
    "Bloodblade",
    "Bloodmark",
    "Nightborn",
    "Nightweaver",
    "Nightheart",
    "Nightsong",
    "Nightbane",
    "Nightflame",
    "Nightshade",
    "Nightthorn",
    "Nightcaster",
    "Nightreaver",
    "Nightwhisper",
    "Nightseeker",
    "Nightwalker",
    "Nightbender",
    "Nightcaller",
    "Nightrider",
    "Nightmancer",
    "Nightbrand",
    "Nightblade",
    "Nightmark",
    "Infernalborn",
    "Infernalweaver",
    "Infernalheart",
    "Infernalsong",
    "Infernalbane",
    "Infernalflame",
    "Infernalshade",
    "Infernalthorn",
    "Infernalcaster",
    "Infernalreaver",
    "Infernalwhisper",
    "Infernalseeker",
    "Infernalwalker",
    "Infernalbender",
    "Infernalcaller",
    "Infernalrider",
    "Infernalmancer",
    "Infernalbrand",
    "Infernalblade",
    "Infernalmark",
    "Ashborn",
    "Ashweaver",
    "Ashheart",
    "Ashsong",
    "Ashbane",
    "Ashflame",
    "Ashshade",
    "Ashthorn",
    "Ashcaster",
    "Ashreaver",
    "Ashwhisper",
    "Ashseeker",
    "Ashwalker",
    "Ashbender",
    "Ashcaller",
    "Ashrider",
    "Ashmancer",
    "Ashbrand",
    "Ashblade",
    "Ashmark",
    "Flameborn",
    "Flameweaver",
    "Flameheart",
    "Flamesong",
    "Flamebane",
    "Flameflame",
    "Flameshade",
    "Flamethorn",
    "Flamecaster",
    "Flamereaver",
    "Flamewhisper",
    "Flameseeker",
    "Flamewalker",
    "Flamebender",
    "Flamecaller",
    "Flamerider",
    "Flamemancer",
    "Flamebrand",
    "Flameblade",
    "Flamemark",
    "Doomborn",
    "Doomweaver",
    "Doomheart",
    "Doomsong",
    "Doombane",
    "Doomflame",
    "Doomshade",
    "Doomthorn",
    "Doomcaster",
    "Doomreaver",
    "Doomwhisper",
    "Doomseeker",
    "Doomwalker",
    "Doombender",
    "Doomcaller",
    "Doomrider",
    "Doommancer",
    "Doombrand",
    "Doomblade",
    "Doommark",
    "Stormborn",
    "Stormweaver",
    "Stormheart",
    "Stormsong",
    "Stormbane",
    "Stormflame",
    "Stormshade",
    "Stormthorn",
    "Stormcaster",
    "Stormreaver",
    "Stormwhisper",
    "Stormseeker",
    "Stormwalker",
    "Stormbender",
    "Stormcaller",
    "Stormrider",
    "Stormmancer",
    "Stormbrand",
    "Stormblade",
    "Stormmark",
    "Soulborn",
    "Soulweaver",
    "Soulheart",
    "Soulsong",
    "Soulbane",
    "Soulflame",
    "Soulshade",
    "Soulthorn",
    "Soulcaster",
    "Soulreaver",
    "Soulwhisper",
    "Soulseeker",
    "Soulwalker",
    "Soulbender",
    "Soulcaller",
    "Soulrider",
    "Soulmancer",
    "Soulbrand",
    "Soulblade",
    "Soulmark",
    "Voidborn",
    "Voidweaver",
    "Voidheart",
    "Voidsong",
    "Voidbane",
    "Voidflame",
    "Voidshade",
    "Voidthorn",
    "Voidcaster",
    "Voidreaver",
    "Voidwhisper",
    "Voidseeker",
    "Voidwalker",
    "Voidbender",
    "Voidcaller",
    "Voidrider",
    "Voidmancer",
    "Voidbrand",
    "Voidblade",
    "Voidmark",
    "Hellborn",
    "Hellweaver",
    "Hellheart",
    "Hellsong",
    "Hellbane",
    "Hellflame",
    "Hellshade",
    "Hellthorn",
    "Hellcaster",
    "Hellreaver",
    "Hellwhisper",
    "Hellseeker",
    "Hellwalker",
    "Hellbender",
    "Hellcaller",
    "Hellrider",
    "Hellmancer",
    "Hellbrand",
    "Hellblade",
    "Hellmark",
    "Darkborn",
    "Darkweaver",
    "Darkheart",
    "Darksong",
    "Darkbane",
    "Darkflame",
    "Darkshade",
    "Darkthorn",
    "Darkcaster",
    "Darkreaver",
    "Darkwhisper",
    "Darkseeker",
    "Darkwalker",
    "Darkbender",
    "Darkcaller",
    "Darkrider",
    "Darkmancer",
    "Darkbrand",
    "Darkblade",
    "Darkmark",
    "Cinderborn",
    "Cinderweaver",
    "Cinderheart",
    "Cindersong",
    "Cinderbane",
    "Cinderflame",
    "Cindershade",
    "Cinderthorn",
    "Cindercaster",
    "Cinderreaver",
    "Cinderwhisper",
    "Cinderseeker",
    "Cinderwalker",
    "Cinderbender",
    "Cindercaller",
    "Cinderrider",
    "Cindermancer",
    "Cinderbrand",
    "Cinderblade",
    "Cindermark",
    "Skullborn",
    "Skullweaver",
    "Skullheart",
    "Skullsong",
    "Skullbane",
    "Skullflame",
    "Skullshade",
    "Skullthorn",
    "Skullcaster",
    "Skullreaver",
    "Skullwhisper",
    "Skullseeker",
    "Skullwalker",
    "Skullbender",
    "Skullcaller",
    "Skullrider",
    "Skullmancer",
    "Skullbrand",
    "Skullblade",
    "Skullmark",
    "Riftborn",
    "Riftweaver",
    "Riftheart",
    "Riftsong",
    "Riftbane",
    "Riftflame",
    "Riftshade",
    "Riftthorn",
    "Riftcaster",
    "Riftreaver",
    "Riftwhisper",
    "Riftseeker",
    "Riftwalker",
    "Riftbender",
    "Riftcaller",
    "Riftrider",
    "Riftmancer",
    "Riftbrand",
    "Riftblade",
    "Riftmark",
    "Grimborn",
    "Grimweaver",
    "Grimheart",
    "Grimsong",
    "Grimbane",
    "Grimflame",
    "Grimshade",
    "Grimthorn",
    "Grimcaster",
    "Grimreaver",
    "Grimwhisper",
    "Grimseeker",
    "Grimwalker",
    "Grimbender",
    "Grimcaller",
    "Grimrider",
    "Grimmancer",
    "Grimbrand",
    "Grimblade",
    "Grimmark",
    "Sableborn",
    "Sableweaver",
    "Sableheart",
    "Sablesong",
    "Sablebane",
    "Sableflame",
    "Sableshade",
    "Sablethorn",
    "Sablecaster",
    "Sablereaver",
    "Sablewhisper",
    "Sableseeker",
    "Sablewalker",
    "Sablebender",
    "Sablecaller",
    "Sablerider",
    "Sablemancer",
    "Sablebrand",
    "Sableblade",
    "Sablemark",
    "Ravenborn",
    "Ravenweaver",
    "Ravenheart",
    "Ravensong",
    "Ravenbane",
    "Ravenflame",
    "Ravenshade",
    "Raventhorn",
    "Ravencaster",
    "Ravenreaver",
    "Ravenwhisper",
    "Ravenseeker",
    "Ravenwalker",
    "Ravenbender",
    "Ravencaller",
    "Ravenrider",
    "Ravenmancer",
    "Ravenbrand",
    "Ravenblade",
    "Ravenmark",
    "Scarborn",
    "Scarweaver",
    "Scarheart",
    "Scarsong",
    "Scarbane",
    "Scarflame",
    "Scarshade",
    "Scarthorn",
    "Scarcaster",
    "Scarreaver",
    "Scarwhisper",
    "Scarseeker",
    "Scarwalker",
    "Scarbender",
    "Scarcaller",
    "Scarrider",
    "Scarmancer",
    "Scarbrand",
    "Scarblade",
    "Scarmark",
    "Shadowbornborn",
    "Shadowbornweaver",
    "Shadowbornheart",
    "Shadowbornsong",
    "Shadowbornbane",
    "Shadowbornflame",
    "Shadowbornshade",
    "Shadowbornthorn",
    "Shadowborncaster",
    "Shadowbornreaver",
    "Shadowbornwhisper",
    "Shadowbornseeker",
    "Shadowbornwalker",
    "Shadowbornbender",
    "Shadowborncaller",
    "Shadowbornrider",
    "Shadowbornmancer",
    "Shadowbornbrand",
    "Shadowbornblade",
    "Shadowbornmark",
    "Shadowweaverborn",
    "Shadowweaverweaver",
    "Shadowweaverheart",
    "Shadowweaversong",
    "Shadowweaverbane",
    "Shadowweaverflame",
    "Shadowweavershade",
    "Shadowweaverthorn",
    "Shadowweavercaster",
    "Shadowweaverreaver",
    "Shadowweaverwhisper",
    "Shadowweaverseeker",
    "Shadowweaverwalker",
    "Shadowweaverbender",
    "Shadowweavercaller",
    "Shadowweaverrider",
    "Shadowweavermancer",
    "Shadowweaverbrand",
    "Shadowweaverblade",
    "Shadowweavermark",
    "Shadowheartborn",
    "Shadowheartweaver",
    "Shadowheartheart",
    "Shadowheartsong",
    "Shadowheartbane",
    "Shadowheartflame",
    "Shadowheartshade",
    "Shadowheartthorn",
    "Shadowheartcaster",
    "Shadowheartreaver",
    "Shadowheartwhisper",
    "Shadowheartseeker",
    "Shadowheartwalker",
    "Shadowheartbender",
    "Shadowheartcaller",
    "Shadowheartrider",
    "Shadowheartmancer",
    "Shadowheartbrand",
    "Shadowheartblade",
    "Shadowheartmark",
    "Shadowsongborn",
    "Shadowsongweaver",
    "Shadowsongheart",
    "Shadowsongsong",
    "Shadowsongbane",
    "Shadowsongflame",
    "Shadowsongshade",
    "Shadowsongthorn",
    "Shadowsongcaster",
    "Shadowsongreaver",
    "Shadowsongwhisper",
    "Shadowsongseeker",
    "Shadowsongwalker",
    "Shadowsongbender",
    "Shadowsongcaller",
    "Shadowsongrider",
    "Shadowsongmancer",
    "Shadowsongbrand",
    "Shadowsongblade",
    "Shadowsongmark",
    "Shadowbaneborn",
    "Shadowbaneweaver",
    "Shadowbaneheart",
    "Shadowbanesong",
    "Shadowbanebane",
    "Shadowbaneflame",
    "Shadowbaneshade",
    "Shadowbanethorn",
    "Shadowbanecaster",
    "Shadowbanereaver",
    "Shadowbanewhisper",
    "Shadowbaneseeker",
    "Shadowbanewalker",
    "Shadowbanebender",
    "Shadowbanecaller",
    "Shadowbanerider",
    "Shadowbanemancer",
    "Shadowbanebrand",
    "Shadowbaneblade",
    "Shadowbanemark",
    "Shadowflameborn",
    "Shadowflameweaver",
    "Shadowflameheart",
    "Shadowflamesong",
    "Shadowflamebane",
    "Shadowflameflame",
    "Shadowflameshade",
    "Shadowflamethorn",
    "Shadowflamecaster",
    "Shadowflamereaver",
    "Shadowflamewhisper",
    "Shadowflameseeker",
    "Shadowflamewalker",
    "Shadowflamebender",
    "Shadowflamecaller",
    "Shadowflamerider",
    "Shadowflamemancer",
    "Shadowflamebrand",
    "Shadowflameblade",
    "Shadowflamemark",
    "Shadowshadeborn",
    "Shadowshadeweaver",
    "Shadowshadeheart",
    "Shadowshadesong",
    "Shadowshadebane",
    "Shadowshadeflame",
    "Shadowshadeshade",
    "Shadowshadethorn",
    "Shadowshadecaster",
    "Shadowshadereaver",
    "Shadowshadewhisper",
    "Shadowshadeseeker",
    "Shadowshadewalker",
    "Shadowshadebender",
    "Shadowshadecaller",
    "Shadowshaderider",
    "Shadowshademancer",
    "Shadowshadebrand",
    "Shadowshadeblade",
    "Shadowshademark",
    "Shadowthornborn",
    "Shadowthornweaver",
    "Shadowthornheart",
    "Shadowthornsong",
    "Shadowthornbane",
    "Shadowthornflame",
    "Shadowthornshade",
    "Shadowthornthorn",
    "Shadowthorncaster",
    "Shadowthornreaver",
    "Shadowthornwhisper",
    "Shadowthornseeker",
    "Shadowthornwalker",
    "Shadowthornbender",
    "Shadowthorncaller",
    "Shadowthornrider",
    "Shadowthornmancer",
    "Shadowthornbrand",
    "Shadowthornblade",
    "Shadowthornmark",
    "Shadowcasterborn",
    "Shadowcasterweaver",
    "Shadowcasterheart",
    "Shadowcastersong",
    "Shadowcasterbane",
    "Shadowcasterflame",
    "Shadowcastershade",
    "Shadowcasterthorn",
    "Shadowcastercaster",
    "Shadowcasterreaver",
    "Shadowcasterwhisper",
    "Shadowcasterseeker",
    "Shadowcasterwalker",
    "Shadowcasterbender",
    "Shadowcastercaller",
    "Shadowcasterrider",
    "Shadowcastermancer",
    "Shadowcasterbrand",
    "Shadowcasterblade",
    "Shadowcastermark",
    "Shadowreaverborn",
    "Shadowreaverweaver",
    "Shadowreaverheart",
    "Shadowreaversong",
    "Shadowreaverbane",
    "Shadowreaverflame",
    "Shadowreavershade",
    "Shadowreaverthorn",
    "Shadowreavercaster",
    "Shadowreaverreaver",
    "Shadowreaverwhisper",
    "Shadowreaverseeker",
    "Shadowreaverwalker",
    "Shadowreaverbender",
    "Shadowreavercaller",
    "Shadowreaverrider",
    "Shadowreavermancer",
    "Shadowreaverbrand",
    "Shadowreaverblade",
    "Shadowreavermark",
    "Shadowwhisperborn",
    "Shadowwhisperweaver",
    "Shadowwhisperheart",
    "Shadowwhispersong",
    "Shadowwhisperbane",
    "Shadowwhisperflame",
    "Shadowwhispershade",
    "Shadowwhisperthorn",
    "Shadowwhispercaster",
    "Shadowwhisperreaver",
    "Shadowwhisperwhisper",
    "Shadowwhisperseeker",
    "Shadowwhisperwalker",
    "Shadowwhisperbender",
    "Shadowwhispercaller",
    "Shadowwhisperrider",
    "Shadowwhispermancer",
    "Shadowwhisperbrand",
    "Shadowwhisperblade",
    "Shadowwhispermark",
    "Shadowseekerborn",
    "Shadowseekerweaver",
    "Shadowseekerheart",
    "Shadowseekersong",
    "Shadowseekerbane",
    "Shadowseekerflame",
    "Shadowseekershade",
    "Shadowseekerthorn",
    "Shadowseekercaster",
    "Shadowseekerreaver",
    "Shadowseekerwhisper",
    "Shadowseekerseeker",
    "Shadowseekerwalker",
    "Shadowseekerbender",
    "Shadowseekercaller",
    "Shadowseekerrider",
    "Shadowseekermancer",
    "Shadowseekerbrand",
    "Shadowseekerblade",
    "Shadowseekermark",
    "Shadowwalkerborn",
    "Shadowwalkerweaver",
    "Shadowwalkerheart",
    "Shadowwalkersong",
    "Shadowwalkerbane",
    "Shadowwalkerflame",
    "Shadowwalkershade",
    "Shadowwalkerthorn",
    "Shadowwalkercaster",
    "Shadowwalkerreaver",
    "Shadowwalkerwhisper",
    "Shadowwalkerseeker",
    "Shadowwalkerwalker",
    "Shadowwalkerbender",
    "Shadowwalkercaller",
    "Shadowwalkerrider",
    "Shadowwalkermancer",
    "Shadowwalkerbrand",
    "Shadowwalkerblade",
    "Shadowwalkermark",
    "Shadowbenderborn",
    "Shadowbenderweaver",
    "Shadowbenderheart",
    "Shadowbendersong",
    "Shadowbenderbane",
    "Shadowbenderflame",
    "Shadowbendershade",
    "Shadowbenderthorn",
    "Shadowbendercaster",
    "Shadowbenderreaver",
    "Shadowbenderwhisper",
    "Shadowbenderseeker",
    "Shadowbenderwalker",
    "Shadowbenderbender",
    "Shadowbendercaller",
    "Shadowbenderrider",
    "Shadowbendermancer",
    "Shadowbenderbrand",
    "Shadowbenderblade",
    "Shadowbendermark",
    "Shadowcallerborn",
    "Shadowcallerweaver",
    "Shadowcallerheart",
    "Shadowcallersong",
    "Shadowcallerbane",
    "Shadowcallerflame",
    "Shadowcallershade",
    "Shadowcallerthorn",
    "Shadowcallercaster",
    "Shadowcallerreaver",
    "Shadowcallerwhisper",
    "Shadowcallerseeker",
    "Shadowcallerwalker",
    "Shadowcallerbender",
    "Shadowcallercaller",
    "Shadowcallerrider",
    "Shadowcallermancer",
    "Shadowcallerbrand",
    "Shadowcallerblade",
    "Shadowcallermark",
    "Shadowriderborn",
    "Shadowriderweaver",
    "Shadowriderheart",
    "Shadowridersong",
    "Shadowriderbane",
    "Shadowriderflame",
    "Shadowridershade",
    "Shadowriderthorn",
    "Shadowridercaster",
    "Shadowriderreaver",
    "Shadowriderwhisper",
    "Shadowriderseeker",
    "Shadowriderwalker",
    "Shadowriderbender",
    "Shadowridercaller",
    "Shadowriderrider",
    "Shadowridermancer",
    "Shadowriderbrand",
    "Shadowriderblade",
    "Shadowridermark",
    "Shadowmancerborn",
    "Shadowmancerweaver",
    "Shadowmancerheart",
    "Shadowmancersong",
    "Shadowmancerbane",
    "Shadowmancerflame",
    "Shadowmancershade",
    "Shadowmancerthorn",
    "Shadowmancercaster",
    "Shadowmancerreaver",
    "Shadowmancerwhisper",
    "Shadowmancerseeker",
    "Shadowmancerwalker",
    "Shadowmancerbender",
    "Shadowmancercaller",
    "Shadowmancerrider",
    "Shadowmancermancer",
    "Shadowmancerbrand",
    "Shadowmancerblade",
    "Shadowmancermark",
    "Shadowbrandborn",
    "Shadowbrandweaver",
    "Shadowbrandheart",
    "Shadowbrandsong",
    "Shadowbrandbane",
    "Shadowbrandflame",
    "Shadowbrandshade",
    "Shadowbrandthorn",
    "Shadowbrandcaster",
    "Shadowbrandreaver",
    "Shadowbrandwhisper",
    "Shadowbrandseeker",
    "Shadowbrandwalker",
    "Shadowbrandbender",
    "Shadowbrandcaller",
    "Shadowbrandrider",
    "Shadowbrandmancer",
    "Shadowbrandbrand",
    "Shadowbrandblade",
    "Shadowbrandmark",
    "Shadowbladeborn",
    "Shadowbladeweaver",
    "Shadowbladeheart",
    "Shadowbladesong",
    "Shadowbladebane",
    "Shadowbladeflame",
    "Shadowbladeshade",
    "Shadowbladethorn",
    "Shadowbladecaster",
    "Shadowbladereaver",
    "Shadowbladewhisper",
    "Shadowbladeseeker",
    "Shadowbladewalker",
    "Shadowbladebender",
    "Shadowbladecaller",
    "Shadowbladerider",
    "Shadowblademancer",
    "Shadowbladebrand",
    "Shadowbladeblade",
    "Shadowblademark",
    "Shadowmarkborn",
    "Shadowmarkweaver",
    "Shadowmarkheart",
    "Shadowmarksong",
    "Shadowmarkbane",
    "Shadowmarkflame",
    "Shadowmarkshade",
    "Shadowmarkthorn",
    "Shadowmarkcaster",
    "Shadowmarkreaver",
    "Shadowmarkwhisper",
    "Shadowmarkseeker",
    "Shadowmarkwalker",
    "Shadowmarkbender",
    "Shadowmarkcaller",
    "Shadowmarkrider",
    "Shadowmarkmancer",
    "Shadowmarkbrand",
    "Shadowmarkblade",
    "Shadowmarkmark",
    "Firebornborn",
    "Firebornweaver",
    "Firebornheart",
    "Firebornsong",
    "Firebornbane",
    "Firebornflame",
    "Firebornshade",
    "Firebornthorn",
    "Fireborncaster",
    "Firebornreaver",
    "Firebornwhisper",
    "Firebornseeker",
    "Firebornwalker",
    "Firebornbender",
    "Fireborncaller",
    "Firebornrider",
    "Firebornmancer",
    "Firebornbrand",
    "Firebornblade",
    "Firebornmark",
    "Fireweaverborn",
    "Fireweaverweaver",
    "Fireweaverheart",
    "Fireweaversong",
    "Fireweaverbane",
    "Fireweaverflame",
    "Fireweavershade",
    "Fireweaverthorn",
    "Fireweavercaster",
    "Fireweaverreaver",
    "Fireweaverwhisper",
    "Fireweaverseeker",
    "Fireweaverwalker",
    "Fireweaverbender",
    "Fireweavercaller",
    "Fireweaverrider",
    "Fireweavermancer",
    "Fireweaverbrand",
    "Fireweaverblade",
    "Fireweavermark",
    "Fireheartborn",
    "Fireheartweaver",
    "Fireheartheart",
    "Fireheartsong",
    "Fireheartbane",
    "Fireheartflame",
    "Fireheartshade",
    "Fireheartthorn",
    "Fireheartcaster",
    "Fireheartreaver",
    "Fireheartwhisper",
    "Fireheartseeker",
    "Fireheartwalker",
    "Fireheartbender",
    "Fireheartcaller",
    "Fireheartrider",
    "Fireheartmancer",
    "Fireheartbrand",
    "Fireheartblade",
    "Fireheartmark",
    "Firesongborn",
    "Firesongweaver",
    "Firesongheart",
    "Firesongsong",
    "Firesongbane",
    "Firesongflame",
    "Firesongshade",
    "Firesongthorn",
    "Firesongcaster",
    "Firesongreaver",
    "Firesongwhisper",
    "Firesongseeker",
    "Firesongwalker",
    "Firesongbender",
    "Firesongcaller",
    "Firesongrider",
    "Firesongmancer",
    "Firesongbrand",
    "Firesongblade",
    "Firesongmark",
    "Firebaneborn",
    "Firebaneweaver",
    "Firebaneheart",
    "Firebanesong",
    "Firebanebane",
    "Firebaneflame",
    "Firebaneshade",
    "Firebanethorn",
    "Firebanecaster",
    "Firebanereaver",
    "Firebanewhisper",
    "Firebaneseeker",
    "Firebanewalker",
    "Firebanebender",
    "Firebanecaller",
    "Firebanerider",
    "Firebanemancer",
    "Firebanebrand",
    "Firebaneblade",
    "Firebanemark",
    "Fireflameborn",
    "Fireflameweaver",
    "Fireflameheart",
    "Fireflamesong",
    "Fireflamebane",
    "Fireflameflame",
    "Fireflameshade",
    "Fireflamethorn",
    "Fireflamecaster",
    "Fireflamereaver",
    "Fireflamewhisper",
    "Fireflameseeker",
    "Fireflamewalker",
    "Fireflamebender",
    "Fireflamecaller",
    "Fireflamerider",
    "Fireflamemancer",
    "Fireflamebrand",
    "Fireflameblade",
    "Fireflamemark",
    "Fireshadeborn",
    "Fireshadeweaver",
    "Fireshadeheart",
    "Fireshadesong",
    "Fireshadebane",
    "Fireshadeflame",
    "Fireshadeshade",
    "Fireshadethorn",
    "Fireshadecaster",
    "Fireshadereaver",
    "Fireshadewhisper",
    "Fireshadeseeker",
    "Fireshadewalker",
    "Fireshadebender",
    "Fireshadecaller",
    "Fireshaderider",
    "Fireshademancer",
    "Fireshadebrand",
    "Fireshadeblade",
    "Fireshademark",
    "Firethornborn",
    "Firethornweaver",
    "Firethornheart",
    "Firethornsong",
    "Firethornbane",
    "Firethornflame",
    "Firethornshade",
    "Firethornthorn",
    "Firethorncaster",
    "Firethornreaver",
    "Firethornwhisper",
    "Firethornseeker",
    "Firethornwalker",
    "Firethornbender",
    "Firethorncaller",
    "Firethornrider",
    "Firethornmancer",
    "Firethornbrand",
    "Firethornblade",
    "Firethornmark",
    "Firecasterborn",
    "Firecasterweaver",
    "Firecasterheart",
    "Firecastersong",
    "Firecasterbane",
    "Firecasterflame",
    "Firecastershade",
    "Firecasterthorn",
    "Firecastercaster",
    "Firecasterreaver",
    "Firecasterwhisper",
    "Firecasterseeker",
    "Firecasterwalker",
    "Firecasterbender",
    "Firecastercaller",
    "Firecasterrider",
    "Firecastermancer",
    "Firecasterbrand",
    "Firecasterblade",
    "Firecastermark",
    "Firereaverborn",
    "Firereaverweaver",
    "Firereaverheart",
    "Firereaversong",
    "Firereaverbane",
    "Firereaverflame",
    "Firereavershade",
    "Firereaverthorn",
    "Firereavercaster",
    "Firereaverreaver",
    "Firereaverwhisper",
    "Firereaverseeker",
    "Firereaverwalker",
    "Firereaverbender",
    "Firereavercaller",
    "Firereaverrider",
    "Firereavermancer",
    "Firereaverbrand",
    "Firereaverblade",
    "Firereavermark"
  ]
}