{
  "authors": [
    {
      "name": "munichjake",
      "email": "munichjake@dnd-session.de",
      "url": "https://dnd-session.de",
      "github": "https://github.com/munichjake"
    }
  ],
  "description": "Fictional settlements of the halfling race",
  "version": "1.0.0",
  "settlements": [
    "Hearthshire",
    "Hearthdale",
    "Hearthhollow",
    "Hearthheath",
    "Hearthvale",
    "Hearthstead",
    "Hearthfield",
    "Hearthton",
    "Hearthford",
    "Hearthfall",
    "Hearthbank",
    "Hearthhill",
    "Hearthcove",
    "Hearthglen",
    "Hearthhome",
    "Hearthmoor",
    "Hearthpark",
    "Hearthridge",
    "Hearthrun",
    "Hearthtown",
    "Hearthvillage",
    "Willowshire",
    "Willowdale",
    "Willowhollow",
    "Willowheath",
    "Willowvale",
    "Willowstead",
    "Willowfield",
    "Willowton",
    "Willowford",
    "Willowfall",
    "Willowbank",
    "Willowhill",
    "Willowcove",
    "Willowglen",
    "Willowhome",
    "Willowmoor",
    "Willowpark",
    "Willowridge",
    "Willowrun",
    "Willowtown",
    "Willowvillage",
    "Meadowshire",
    "Meadowdale",
    "Meadowhollow",
    "Meadowheath",
    "Meadowvale",
    "Meadowstead",
    "Meadowfield",
    "Meadowton",
    "Meadowford",
    "Meadowfall",
    "Meadowbank",
    "Meadowhill",
    "Meadowcove",
    "Meadowglen",
    "Meadowhome",
    "Meadowmoor",
    "Meadowpark",
    "Meadowridge",
    "Meadowrun",
    "Meadowtown",
    "Meadowvillage",
    "Hillshire",
    "Hilldale",
    "Hillhollow",
    "Hillheath",
    "Hillvale",
    "Hillstead",
    "Hillfield",
    "Hillton",
    "Hillford",
    "Hillfall",
    "Hillbank",
    "Hillhill",
    "Hillcove",
    "Hillglen",
    "Hillhome",
    "Hillmoor",
    "Hillpark",
    "Hillridge",
    "Hillrun",
    "Hilltown",
    "Hillvillage",
    "Dellshire",
    "Delldale",
    "Dellhollow",
    "Dellheath",
    "Dellvale",
    "Dellstead",
    "Dellfield",
    "Dellton",
    "Dellford",
    "Dellfall",
    "Dellbank",
    "Dellhill",
    "Dellcove",
    "Dellglen",
    "Dellhome",
    "Dellmoor",
    "Dellpark",
    "Dellridge",
    "Dellrun",
    "Delltown",
    "Dellvillage",
    "Valeshire",
    "Valedale",
    "Valehollow",
    "Valeheath",
    "Valevale",
    "Valestead",
    "Valefield",
    "Valeton",
    "Valeford",
    "Valefall",
    "Valebank",
    "Valehill",
    "Valecove",
    "Valeglen",
    "Valehome",
    "Valemoor",
    "Valepark",
    "Valeridge",
    "Valerun",
    "Valetown",
    "Valevillage",
    "Hollowshire",
    "Hollowdale",
    "Hollowhollow",
    "Hollowheath",
    "Hollowvale",
    "Hollowstead",
    "Hollowfield",
    "Hollowton",
    "Hollowford",
    "Hollowfall",
    "Hollowbank",
    "Hollowhill",
    "Hollowcove",
    "Hollowglen",
    "Hollowhome",
    "Hollowmoor",
    "Hollowpark",
    "Hollowridge",
    "Hollowrun",
    "Hollowtown",
    "Hollowvillage",
    "Burrowshire",
    "Burrowdale",
    "Burrowhollow",
    "Burrowheath",
    "Burrowvale",
    "Burrowstead",
    "Burrowfield",
    "Burrowton",
    "Burrowford",
    "Burrowfall",
    "Burrowbank",
    "Burrowhill",
    "Burrowcove",
    "Burrowglen",
    "Burrowhome",
    "Burrowmoor",
    "Burrowpark",
    "Burrowridge",
    "Burrowrun",
    "Burrowtown",
    "Burrowvillage",
    "Coveshire",
    "Covedale",
    "Covehollow",
    "Coveheath",
    "Covevale",
    "Covestead",
    "Covefield",
    "Coveton",
    "Coveford",
    "Covefall",
    "Covebank",
    "Covehill",
    "Covecove",
    "Coveglen",
    "Covehome",
    "Covemoor",
    "Covepark",
    "Coveridge",
    "Coverun",
    "Covetown",
    "Covevillage",
    "Bridgeshire",
    "Bridgedale",
    "Bridgehollow",
    "Bridgeheath",
    "Bridgevale",
    "Bridgestead",
    "Bridgefield",
    "Bridgeton",
    "Bridgeford",
    "Bridgefall",
    "Bridgebank",
    "Bridgehill",
    "Bridgecove",
    "Bridgeglen",
    "Bridgehome",
    "Bridgemoor",
    "Bridgepark",
    "Bridgeridge",
    "Bridgerun",
    "Bridgetown",
    "Bridgevillage",
    "Millshire",
    "Milldale",
    "Millhollow",
    "Millheath",
    "Millvale",
    "Millstead",
    "Millfield",
    "Millton",
    "Millford",
    "Millfall",
    "Millbank",
    "Millhill",
    "Millcove",
    "Millglen",
    "Millhome",
    "Millmoor",
    "Millpark",
    "Millridge",
    "Millrun",
    "Milltown",
    "Millvillage",
    "Greenshire",
    "Greendale",
    "Greenhollow",
    "Greenheath",
    "Greenvale",
    "Greenstead",
    "Greenfield",
    "Greenton",
    "Greenford",
    "Greenfall",
    "Greenbank",
    "Greenhill",
    "Greencove",
    "Greenglen",
    "Greenhome",
    "Greenmoor",
    "Greenpark",
    "Greenridge",
    "Greenrun",
    "Greentown",
    "Greenvillage",
    "Brookshire",
    "Brookdale",
    "Brookhollow",
    "Brookheath",
    "Brookvale",
    "Brookstead",
    "Brookfield",
    "Brookton",
    "Brookford",
    "Brookfall",
    "Brookbank",
    "Brookhill",
    "Brookcove",
    "Brookglen",
    "Brookhome",
    "Brookmoor",
    "Brookpark",
    "Brookridge",
    "Brookrun",
    "Brooktown",
    "Brookvillage",
    "Clovershire",
    "Cloverdale",
    "Cloverhollow",
    "Cloverheath",
    "Clovervale",
    "Cloverstead",
    "Cloverfield",
    "Cloverton",
    "Cloverford",
    "Cloverfall",
    "Cloverbank",
    "Cloverhill",
    "Clovercove",
    "Cloverglen",
    "Cloverhome",
    "Clovermoor",
    "Cloverpark",
    "Cloverridge",
    "Cloverrun",
    "Clovertown",
    "Clovervillage",
    "Rivershire",
    "Riverdale",
    "Riverhollow",
    "Riverheath",
    "Rivervale",
    "Riverstead",
    "Riverfield",
    "Riverton",
    "Riverford",
    "Riverfall",
    "Riverbank",
    "Riverhill",
    "Rivercove",
    "Riverglen",
    "Riverhome",
    "Rivermoor",
    "Riverpark",
    "Riverridge",
    "Riverrun",
    "Rivertown",
    "Rivervillage",
    "Sunshire",
    "Sundale",
    "Sunhollow",
    "Sunheath",
    "Sunvale",
    "Sunstead",
    "Sunfield",
    "Sunton",
    "Sunford",
    "Sunfall",
    "Sunbank",
    "Sunhill",
    "Suncove",
    "Sunglen",
    "Sunhome",
    "Sunmoor",
    "Sunpark",
    "Sunridge",
    "Sunrun",
    "Suntown",
    "Sunvillage",
    "Oakshire",
    "Oakdale",
    "Oakhollow",
    "Oakheath",
    "Oakvale",
    "Oakstead",
    "Oakfield",
    "Oakton",
    "Oakford",
    "Oakfall",
    "Oakbank",
    "Oakhill",
    "Oakcove",
    "Oakglen",
    "Oakhome",
    "Oakmoor",
    "Oakpark",
    "Oakridge",
    "Oakrun",
    "Oaktown",
    "Oakvillage",
    "Appleshire",
    "Appledale",
    "Applehollow",
    "Appleheath",
    "Applevale",
    "Applestead",
    "Applefield",
    "Appleton",
    "Appleford",
    "Applefall",
    "Applebank",
    "Applehill",
    "Applecove",
    "Appleglen",
    "Applehome",
    "Applemoor",
    "Applepark",
    "Appleridge",
    "Applerun",
    "Appletown",
    "Applevillage",
    "Berryshire",
    "Berrydale",
    "Berryhollow",
    "Berryheath",
    "Berryvale",
    "Berrystead",
    "Berryfield",
    "Berryton",
    "Berryford",
    "Berryfall",
    "Berrybank",
    "Berryhill",
    "Berrycove",
    "Berryglen",
    "Berryhome",
    "Berrymoor",
    "Berrypark",
    "Berryridge",
    "Berryrun",
    "Berrytown",
    "Berryvillage",
    "Cidershire",
    "Ciderdale",
    "Ciderhollow",
    "Ciderheath",
    "Cidervale",
    "Ciderstead",
    "Ciderfield",
    "Ciderton",
    "Ciderford",
    "Ciderfall",
    "Ciderbank",
    "Ciderhill",
    "Cidercove",
    "Ciderglen",
    "Ciderhome",
    "Cidermoor",
    "Ciderpark",
    "Ciderridge",
    "Ciderrun",
    "Cidertown",
    "Cidervillage",
    "Daisyshire",
    "Daisydale",
    "Daisyhollow",
    "Daisyheath",
    "Daisyvale",
    "Daisystead",
    "Daisyfield",
    "Daisyton",
    "Daisyford",
    "Daisyfall",
    "Daisybank",
    "Daisyhill",
    "Daisycove",
    "Daisyglen",
    "Daisyhome",
    "Daisymoor",
    "Daisypark",
    "Daisyridge",
    "Daisyrun",
    "Daisytown",
    "Daisyvillage",
    "Elmshire",
    "Elmdale",
    "Elmhollow",
    "Elmheath",
    "Elmvale",
    "Elmstead",
    "Elmfield",
    "Elmton",
    "Elmford",
    "Elmfall",
    "Elmbank",
    "Elmhill",
    "Elmcove",
    "Elmglen",
    "Elmhome",
    "Elmmoor",
    "Elmpark",
    "Elmridge",
    "Elmrun",
    "Elmtown",
    "Elmvillage",
    "Foxshire",
    "Foxdale",
    "Foxhollow",
    "Foxheath",
    "Foxvale",
    "Foxstead",
    "Foxfield",
    "Foxton",
    "Foxford",
    "Foxfall",
    "Foxbank",
    "Foxhill",
    "Foxcove",
    "Foxglen",
    "Foxhome",
    "Foxmoor",
    "Foxpark",
    "Foxridge",
    "Foxrun",
    "Foxtown",
    "Foxvillage",
    "Groveshire",
    "Grovedale",
    "Grovehollow",
    "Groveheath",
    "Grovevale",
    "Grovestead",
    "Grovefield",
    "Groveton",
    "Groveford",
    "Grovefall",
    "Grovebank",
    "Grovehill",
    "Grovecove",
    "Groveglen",
    "Grovehome",
    "Grovemoor",
    "Grovepark",
    "Groveridge",
    "Groverun",
    "Grovetown",
    "Grovevillage",
    "Happyshire",
    "Happydale",
    "Happyhollow",
    "Happyheath",
    "Happyvale",
    "Happystead",
    "Happyfield",
    "Happyton",
    "Happyford",
    "Happyfall",
    "Happybank",
    "Happyhill",
    "Happycove",
    "Happyglen",
    "Happyhome",
    "Happymoor",
    "Happypark",
    "Happyridge",
    "Happyrun",
    "Happytown",
    "Happyvillage",
    "Hearthshireshire",
    "Hearthshiredale",
    "Hearthshirehollow",
    "Hearthshireheath",
    "Hearthshirevale",
    "Hearthshirestead",
    "Hearthshirefield",
    "Hearthshireton",
    "Hearthshireford",
    "Hearthshirefall",
    "Hearthshirebank",
    "Hearthshirehill",
    "Hearthshirecove",
    "Hearthshireglen",
    "Hearthshirehome",
    "Hearthshiremoor",
    "Hearthshirepark",
    "Hearthshireridge",
    "Hearthshirerun",
    "Hearthshiretown",
    "Hearthshirevillage",
    "Hearthdaleshire",
    "Hearthdaledale",
    "Hearthdalehollow",
    "Hearthdaleheath",
    "Hearthdalevale",
    "Hearthdalestead",
    "Hearthdalefield",
    "Hearthdaleton",
    "Hearthdaleford",
    "Hearthdalefall",
    "Hearthdalebank",
    "Hearthdalehill",
    "Hearthdalecove",
    "Hearthdaleglen",
    "Hearthdalehome",
    "Hearthdalemoor",
    "Hearthdalepark",
    "Hearthdaleridge",
    "Hearthdalerun",
    "Hearthdaletown",
    "Hearthdalevillage",
    "Hearthhollowshire",
    "Hearthhollowdale",
    "Hearthhollowhollow",
    "Hearthhollowheath",
    "Hearthhollowvale",
    "Hearthhollowstead",
    "Hearthhollowfield",
    "Hearthhollowton",
    "Hearthhollowford",
    "Hearthhollowfall",
    "Hearthhollowbank",
    "Hearthhollowhill",
    "Hearthhollowcove",
    "Hearthhollowglen",
    "Hearthhollowhome",
    "Hearthhollowmoor",
    "Hearthhollowpark",
    "Hearthhollowridge",
    "Hearthhollowrun",
    "Hearthhollowtown",
    "Hearthhollowvillage",
    "Hearthheathshire",
    "Hearthheathdale",
    "Hearthheathhollow",
    "Hearthheathheath",
    "Hearthheathvale",
    "Hearthheathstead",
    "Hearthheathfield",
    "Hearthheathton",
    "Hearthheathford",
    "Hearthheathfall",
    "Hearthheathbank",
    "Hearthheathhill",
    "Hearthheathcove",
    "Hearthheathglen",
    "Hearthheathhome",
    "Hearthheathmoor",
    "Hearthheathpark",
    "Hearthheathridge",
    "Hearthheathrun",
    "Hearthheathtown",
    "Hearthheathvillage",
    "Hearthvaleshire",
    "Hearthvaledale",
    "Hearthvalehollow",
    "Hearthvaleheath",
    "Hearthvalevale",
    "Hearthvalestead",
    "Hearthvalefield",
    "Hearthvaleton",
    "Hearthvaleford",
    "Hearthvalefall",
    "Hearthvalebank",
    "Hearthvalehill",
    "Hearthvalecove",
    "Hearthvaleglen",
    "Hearthvalehome",
    "Hearthvalemoor",
    "Hearthvalepark",
    "Hearthvaleridge",
    "Hearthvalerun",
    "Hearthvaletown",
    "Hearthvalevillage",
    "Hearthsteadshire",
    "Hearthsteaddale",
    "Hearthsteadhollow",
    "Hearthsteadheath",
    "Hearthsteadvale",
    "Hearthsteadstead",
    "Hearthsteadfield",
    "Hearthsteadton",
    "Hearthsteadford",
    "Hearthsteadfall",
    "Hearthsteadbank",
    "Hearthsteadhill",
    "Hearthsteadcove",
    "Hearthsteadglen",
    "Hearthsteadhome",
    "Hearthsteadmoor",
    "Hearthsteadpark",
    "Hearthsteadridge",
    "Hearthsteadrun",
    "Hearthsteadtown",
    "Hearthsteadvillage",
    "Hearthfieldshire",
    "Hearthfielddale",
    "Hearthfieldhollow",
    "Hearthfieldheath",
    "Hearthfieldvale",
    "Hearthfieldstead",
    "Hearthfieldfield",
    "Hearthfieldton",
    "Hearthfieldford",
    "Hearthfieldfall",
    "Hearthfieldbank",
    "Hearthfieldhill",
    "Hearthfieldcove",
    "Hearthfieldglen",
    "Hearthfieldhome",
    "Hearthfieldmoor",
    "Hearthfieldpark",
    "Hearthfieldridge",
    "Hearthfieldrun",
    "Hearthfieldtown",
    "Hearthfieldvillage",
    "Hearthtonshire",
    "Hearthtondale",
    "Hearthtonhollow",
    "Hearthtonheath",
    "Hearthtonvale",
    "Hearthtonstead",
    "Hearthtonfield",
    "Hearthtonton",
    "Hearthtonford",
    "Hearthtonfall",
    "Hearthtonbank",
    "Hearthtonhill",
    "Hearthtoncove",
    "Hearthtonglen",
    "Hearthtonhome",
    "Hearthtonmoor",
    "Hearthtonpark",
    "Hearthtonridge",
    "Hearthtonrun",
    "Hearthtontown",
    "Hearthtonvillage",
    "Hearthfordshire",
    "Hearthforddale",
    "Hearthfordhollow",
    "Hearthfordheath",
    "Hearthfordvale",
    "Hearthfordstead",
    "Hearthfordfield",
    "Hearthfordton",
    "Hearthfordford",
    "Hearthfordfall",
    "Hearthfordbank",
    "Hearthfordhill",
    "Hearthfordcove",
    "Hearthfordglen",
    "Hearthfordhome",
    "Hearthfordmoor",
    "Hearthfordpark",
    "Hearthfordridge",
    "Hearthfordrun",
    "Hearthfordtown",
    "Hearthfordvillage",
    "Hearthfallshire",
    "Hearthfalldale",
    "Hearthfallhollow",
    "Hearthfallheath",
    "Hearthfallvale",
    "Hearthfallstead",
    "Hearthfallfield",
    "Hearthfallton",
    "Hearthfallford",
    "Hearthfallfall",
    "Hearthfallbank",
    "Hearthfallhill",
    "Hearthfallcove",
    "Hearthfallglen",
    "Hearthfallhome",
    "Hearthfallmoor",
    "Hearthfallpark",
    "Hearthfallridge",
    "Hearthfallrun",
    "Hearthfalltown",
    "Hearthfallvillage",
    "Hearthbankshire",
    "Hearthbankdale",
    "Hearthbankhollow",
    "Hearthbankheath",
    "Hearthbankvale",
    "Hearthbankstead",
    "Hearthbankfield",
    "Hearthbankton",
    "Hearthbankford",
    "Hearthbankfall",
    "Hearthbankbank",
    "Hearthbankhill",
    "Hearthbankcove",
    "Hearthbankglen",
    "Hearthbankhome",
    "Hearthbankmoor",
    "Hearthbankpark",
    "Hearthbankridge",
    "Hearthbankrun",
    "Hearthbanktown",
    "Hearthbankvillage",
    "Hearthhillshire",
    "Hearthhilldale",
    "Hearthhillhollow",
    "Hearthhillheath",
    "Hearthhillvale",
    "Hearthhillstead",
    "Hearthhillfield",
    "Hearthhillton",
    "Hearthhillford",
    "Hearthhillfall",
    "Hearthhillbank",
    "Hearthhillhill",
    "Hearthhillcove",
    "Hearthhillglen",
    "Hearthhillhome",
    "Hearthhillmoor",
    "Hearthhillpark",
    "Hearthhillridge",
    "Hearthhillrun",
    "Hearthhilltown",
    "Hearthhillvillage",
    "Hearthcoveshire",
    "Hearthcovedale",
    "Hearthcovehollow",
    "Hearthcoveheath",
    "Hearthcovevale",
    "Hearthcovestead",
    "Hearthcovefield",
    "Hearthcoveton",
    "Hearthcoveford",
    "Hearthcovefall",
    "Hearthcovebank",
    "Hearthcovehill",
    "Hearthcovecove",
    "Hearthcoveglen",
    "Hearthcovehome",
    "Hearthcovemoor",
    "Hearthcovepark",
    "Hearthcoveridge",
    "Hearthcoverun",
    "Hearthcovetown",
    "Hearthcovevillage",
    "Hearthglenshire",
    "Hearthglendale",
    "Hearthglenhollow",
    "Hearthglenheath",
    "Hearthglenvale",
    "Hearthglenstead",
    "Hearthglenfield",
    "Hearthglenton",
    "Hearthglenford",
    "Hearthglenfall",
    "Hearthglenbank",
    "Hearthglenhill",
    "Hearthglencove",
    "Hearthglenglen",
    "Hearthglenhome",
    "Hearthglenmoor",
    "Hearthglenpark",
    "Hearthglenridge",
    "Hearthglenrun",
    "Hearthglentown"
  ]
}