{
  "authors": [
    {
      "name": "munichjake",
      "email": "munichjake@dnd-session.de",
      "url": "https://dnd-session.de",
      "github": "https://github.com/munichjake"
    }
  ],
  "description": "English noble titles for Gnomes with grammar rules",
  "version": "1.1.0",
  "grammar": {
    "articles": {
      "of": {
        "m": "of",
        "f": "of",
        "n": "of"
      },
      "from": {
        "m": "from",
        "f": "from",
        "n": "from"
      },
      "in": {
        "m": "in",
        "f": "in",
        "n": "in"
      },
      "at": {
        "m": "at",
        "f": "at",
        "n": "at"
      }
    }
  },
  "titles": {
    "male": [
      {
        "name": "Gearmaster",
        "template": "Gearmaster {preposition} {settlement}",
        "preposition": "of"
      },
      {
        "name": "Craftlord",
        "template": "Craftlord {preposition} {settlement}",
        "preposition": "of"
      },
      {
        "name": "Inventorprince",
        "template": "Inventorprince {preposition} {settlement}",
        "preposition": "of"
      },
      {
        "name": "Sparkbaron",
        "template": "Sparkbaron {preposition} {settlement}",
        "preposition": "of"
      },
      {
        "name": "Tinkercount",
        "template": "Tinkercount {preposition} {settlement}",
        "preposition": "of"
      },
      {
        "name": "Steamlord",
        "template": "Steamlord {preposition} {settlement}",
        "preposition": "of"
      },
      {
        "name": "Cogknight",
        "template": "Cogknight {preposition} {settlement}",
        "preposition": "of"
      }
    ],
    "female": [
      {
        "name": "Gearmistress",
        "template": "Gearmistress {preposition} {settlement}",
        "preposition": "of"
      },
      {
        "name": "Craftlady",
        "template": "Craftlady {preposition} {settlement}",
        "preposition": "of"
      },
      {
        "name": "Inventorprincess",
        "template": "Inventorprincess {preposition} {settlement}",
        "preposition": "of"
      },
      {
        "name": "Sparkbaroness",
        "template": "Sparkbaroness {preposition} {settlement}",
        "preposition": "of"
      },
      {
        "name": "Tinkercountess",
        "template": "Tinkercountess {preposition} {settlement}",
        "preposition": "of"
      },
      {
        "name": "Steamlady",
        "template": "Steamlady {preposition} {settlement}",
        "preposition": "of"
      },
      {
        "name": "Cogdame",
        "template": "Cogdame {preposition} {settlement}",
        "preposition": "of"
      }
    ],
    "nonbinary": [
      {
        "name": "Gearkeeper",
        "template": "Gearkeeper {preposition} {settlement}",
        "preposition": "of"
      },
      {
        "name": "Craftward",
        "template": "Craftward {preposition} {settlement}",
        "preposition": "of"
      },
      {
        "name": "Inventorguard",
        "template": "Inventorguard {preposition} {settlement}",
        "preposition": "of"
      },
      {
        "name": "Sparkwarden",
        "template": "Sparkwarden {preposition} {settlement}",
        "preposition": "of"
      },
      {
        "name": "Tinkerkeeper",
        "template": "Tinkerkeeper {preposition} {settlement}",
        "preposition": "of"
      },
      {
        "name": "Steamward",
        "template": "Steamward {preposition} {settlement}",
        "preposition": "of"
      }
    ]
  }
}