{
  "authors": [
    {
      "name": "munichjake",
      "email": "munichjake@dnd-session.de",
      "url": "https://dnd-session.de",
      "github": "https://github.com/munichjake"
    }
  ],
  "description": "English noble titles for Dragonborn with grammar rules",
  "version": "1.1.0",
  "grammar": {
    "articles": {
      "of": {
        "m": "of",
        "f": "of",
        "n": "of"
      },
      "from": {
        "m": "from",
        "f": "from",
        "n": "from"
      },
      "in": {
        "m": "in",
        "f": "in",
        "n": "in"
      },
      "at": {
        "m": "at",
        "f": "at",
        "n": "at"
      }
    }
  },
  "titles": {
    "male": [
      {
        "name": "Scalelord",
        "template": "Scalelord {preposition} {settlement}",
        "preposition": "of"
      },
      {
        "name": "Flameprince",
        "template": "Flameprince {preposition} {settlement}",
        "preposition": "of"
      },
      {
        "name": "Emberbaron",
        "template": "Emberbaron {preposition} {settlement}",
        "preposition": "of"
      },
      {
        "name": "Dragonknight",
        "template": "Dragonknight {preposition} {settlement}",
        "preposition": "of"
      },
      {
        "name": "Wyrmcount",
        "template": "Wyrmcount {preposition} {settlement}",
        "preposition": "of"
      },
      {
        "name": "Breathlord",
        "template": "Breathlord {preposition} {settlement}",
        "preposition": "of"
      },
      {
        "name": "Clawmaster",
        "template": "Clawmaster {preposition} {settlement}",
        "preposition": "of"
      }
    ],
    "female": [
      {
        "name": "Scalelady",
        "template": "Scalelady {preposition} {settlement}",
        "preposition": "of"
      },
      {
        "name": "Flameprincess",
        "template": "Flameprincess {preposition} {settlement}",
        "preposition": "of"
      },
      {
        "name": "Emberbaroness",
        "template": "Emberbaroness {preposition} {settlement}",
        "preposition": "of"
      },
      {
        "name": "Dragondame",
        "template": "Dragondame {preposition} {settlement}",
        "preposition": "of"
      },
      {
        "name": "Wyrmcountess",
        "template": "Wyrmcountess {preposition} {settlement}",
        "preposition": "of"
      },
      {
        "name": "Breathlady",
        "template": "Breathlady {preposition} {settlement}",
        "preposition": "of"
      },
      {
        "name": "Clawmistress",
        "template": "Clawmistress {preposition} {settlement}",
        "preposition": "of"
      }
    ],
    "nonbinary": [
      {
        "name": "Scaleguard",
        "template": "Scaleguard {preposition} {settlement}",
        "preposition": "of"
      },
      {
        "name": "Flamekeep",
        "template": "Flamekeep {preposition} {settlement}",
        "preposition": "of"
      },
      {
        "name": "Emberward",
        "template": "Emberward {preposition} {settlement}",
        "preposition": "of"
      },
      {
        "name": "Dragonward",
        "template": "Dragonward {preposition} {settlement}",
        "preposition": "of"
      },
      {
        "name": "Wyrmkeeper",
        "template": "Wyrmkeeper {preposition} {settlement}",
        "preposition": "of"
      },
      {
        "name": "Breathwarden",
        "template": "Breathwarden {preposition} {settlement}",
        "preposition": "of"
      }
    ]
  }
}