{
  "authors": [
    {
      "name": "munichjake",
      "email": "munichjake@dnd-session.de",
      "url": "https://dnd-session.de",
      "github": "https://github.com/munichjake"
    }
  ],
  "description": "Deutsche Elfen-Nachnamen",
  "version": "1.0.0",
  "names": [
    "Mondschatten",
    "Schattenwald",
    "Silberblatt",
    "Eichenglanz",
    "Dunkelstrom",
    "Sternenläufer",
    "Sonnensänger",
    "Wassertanz",
    "Windflüster",
    "Morgenstern",
    "Lichtseele",
    "Flusslied",
    "Bergklinge",
    "Wolkenläufer",
    "Feuerherz",
    "Waldläufer",
    "Traumweber",
    "Nebelklinge",
    "Sternenstaub",
    "Blütenblatt",
    "Schattenmond",
    "Mondlicht",
    "Silberstrom",
    "Dämmerlicht",
    "Morgenwind",
    "Eisenseele",
    "Steinschritt",
    "Nachtlied",
    "Schattenflügel",
    "Rauhreif",
    "Silberschritt",
    "Mondlied",
    "Lichtschritt",
    "Sternenflamme",
    "Wolkenlied",
    "Schattenhauch",
    "Flussmond",
    "Silbersang",
    "Windklinge",
    "Sonnenfrost",
    "Morgenflamme",
    "Feuerflügel",
    "Traumwald",
    "Nebelhauch",
    "Sternenwind",
    "Blütenweber",
    "Mondsegel",
    "Lichtstrom",
    "Stahlherz",
    "Schattenruf",
    "Windwächter",
    "Mondwächter",
    "Schattenlicht",
    "Silbertau",
    "Eichenruh",
    "Dunkelmond",
    "Sternenlied",
    "Sonnenruf",
    "Wassertropfen",
    "Windlied",
    "Morgenruf",
    "Lichtrufer",
    "Flussruf",
    "Bergruf",
    "Wolkenruf",
    "Feuerruf",
    "Waldruf",
    "Traumruf",
    "Nebelruf",
    "Sternenruf",
    "Blütenruf",
    "Mondruf",
    "Silberruf",
    "Dämmerruf",
    "Nachtrufer",
    "Schattenflügler",
    "Rauhreifer",
    "Mondläufer",
    "Lichtläufer",
    "Schattenläufer",
    "Flussläufer",
    "Silberläufer",
    "Windläufer",
    "Sonnenläufer",
    "Morgenläufer",
    "Feuerläufer",
    "Traumläufer",
    "Nebelläufer",
    "Blütenläufer",
    "Dämmerläufer",
    "Nachtläufer",
    "Sternentänzer",
    "Mondflüsterer",
    "Lichtbringer",
    "Schattenwirker",
    "Sternenweber",
    "Immerwald",
    "Silberstrom",
    "Flüsterwind",
    "Sonnenstein",
    "Flusstanz",
    "Windwandler",
    "Aelorin",
    "Faelenir",
    "Valethir",
    "Erandel",
    "Naelon",
    "Caelum",
    "Lysandra",
    "Seraphim",
    "Aerthos",
    "Aelanor",
    "Faelorin",
    "Varis",
    "Eledan",
    "Lyrion",
    "Silvanus",
    "Aenor",
    "Thalion",
    "Isildur",
    "Orion",
    "Galath",
    "Celeborn",
    "Eledar",
    "Lythion",
    "Anduin",
    "Ithil",
    "Gwindor",
    "Thranduil",
    "Caelen",
    "Aerion",
    "Maeron",
    "Alaron",
    "Aravir",
    "Baelenor",
    "Calathir",
    "Daelen",
    "Elara",
    "Faelar",
    "Galadriel",
    "Ithilien",
    "Kaelen",
    "Laelon",
    "Maelor",
    "Naelen",
    "Ondolemar",
    "Quel'thas",
    "Raenor",
    "Salaron",
    "Taelen",
    "Valenor",
    "Xylos",
    "Yaelen",
    "Zaelon",
    "Aerthyn",
    "Caerwyn",
    "Caelanir",
    "Ithlinne",
    "Rhoswen",
    "Lirien",
    "Cahir",
    "Eirien",
    "Aerthir",
    "Vaelen",
    "Eldarin",
    "Kith-Kanan",
    "Qualinost",
    "Thasarian",
    "Alinore",
    "Feyrn",
    "Alinor",
    "Aran",
    "Sturmgrimm",
    "Lichthauch",
    "Schattenspeer",
    "Bogenlicht",
    "Nachtwind",
    "Falkenschrei",
    "Schattenklinge",
    "Dunkelwald",
    "Tir-ná-lia",
    "Oromis",
    "Rhunön",
    "Tornac",
    "Finubar",
    "Teclis",
    "Tyrion",
    "Tirion",
    "Imladris",
    "Lothlórien",
    "Düsterwald",
    "Bruchtal",
    "Aelorian",
    "Faelethen",
    "Valendil",
    "Eranduil",
    "Naeleth",
    "Caelion",
    "Lysandril",
    "Seraphiel",
    "Aerthion",
    "Aelanoril",
    "Faelorian",
    "Variel",
    "Eledanor",
    "Lyrionel",
    "Silvanis",
    "Aenoril",
    "Thalionel",
    "Isildoril",
    "Orionel",
    "Galathion",
    "Celeboril",
    "Eledoril",
    "Lythionel",
    "Anduinel",
    "Ithilion",
    "Gwindoril",
    "Thranduiel",
    "Caelenor",
    "Aerionel",
    "Maeronil",
    "Alarion",
    "Aravirel",
    "Baelenoril",
    "Calathion",
    "Daelenor",
    "Elaraiel",
    "Faelarion",
    "Galadriella",
    "Ithilienor",
    "Kaelenor",
    "Laelonil",
    "Maelorion",
    "Naelenir",
    "Ondolemaril",
    "Quel'tharin",
    "Raenoriel",
    "Salaronil",
    "Taelenor",
    "Valenorion",
    "Xyloril",
    "Yaelenir",
    "Zaelonor",
    "Aerthynel",
    "Caerwynel",
    "Caelanirel",
    "Ithlinnor",
    "Rhoswenil",
    "Lirienor",
    "Cahirel",
    "Eirienor",
    "Aerthirion",
    "Vaelenil",
    "Eldarinor",
    "Kith-Kanarel",
    "Qualinostar",
    "Thasarianel",
    "Alinoriel",
    "Feyrnoril",
    "Alinorel",
    "Aranel",
    "Caelindra",
    "Morwenel",
    "Galindor",
    "Elendil",
    "Faramir",
    "Boromir",
    "Denethor",
    "Erestor",
    "Glorfindel",
    "Lindir",
    "Erestor",
    "Haldir",
    "Rumil",
    "Orophin",
    "Celebdil",
    "Caradhras",
    "Fanuidhol",
    "Mitheithel",
    "Bruinen",
    "Nimrodel",
    "Celebros",
    "Legolas",
    "Gimli",
    "Aragorn",
    "Elladan",
    "Elrohir",
    "Arwen",
    "Elrond",
    "Gil-galad",
    "Círdan",
    "Glorfindel",
    "Eärendil",
    "Elwing",
    "Idril",
    "Turgon",
    "Fingolfin",
    "Fëanor",
    "Finwë",
    "Elwë",
    "Olwë",
    "Ingwë",
    "Manwë",
    "Varda",
    "Ulmo",
    "Aulë",
    "Yavanna",
    "Oromë",
    "Vána",
    "Nessa",
    "Estë",
    "Vairë",
    "Nienna",
    "Mandos",
    "Lórien",
    "Tulkas",
    "Melkor",
    "Sauron",
    "Saruman",
    "Gandalf",
    "Radagast",
    "Eärendur",
    "Tar-Minyatur",
    "Elros",
    "Tar-Amandil",
    "Tar-Elendil",
    "Tar-Meneldur",
    "Tar-Aldarion",
    "Tar-Ancalimë",
    "Tar-Anárion",
    "Tar-Súrion",
    "Tar-Telperien",
    "Tar-Minastir",
    "Tar-Ciryatan",
    "Tar-Atanamir",
    "Tar-Ancalimon",
    "Tar-Telemmaite",
    "Tar-Vanimeldë",
    "Tar-Alcarin",
    "Tar-Calmacil",
    "Tar-Ardamin",
    "Ar-Adûnakhôr",
    "Ar-Zimrathôn",
    "Ar-Sakalthôr",
    "Ar-Gimilzôr",
    "Tar-Palantir",
    "Ar-Pharazôn",
    "Aerdaniel",
    "Belegorn",
    "Caelthir",
    "Dagorlind",
    "Elentári",
    "Falathren",
    "Galadwen",
    "Herunúmen",
    "Ithilwen",
    "Jorthol",
    "Kalagond",
    "Linhir",
    "Minasduin",
    "Nindamos",
    "Osgiliath",
    "Pelennor",
    "Quenthel",
    "Rauros",
    "Sirannon",
    "Tarlang",
    "Umbar",
    "Vinyamar",
    "Wilwarin",
    "Xantor",
    "Yuldarion",
    "Zaragamba",
    "Aearindra",
    "Beleghir",
    "Caelynn",
    "Daerondir",
    "Elanorriel",
    "Fangorion",
    "Galdoriel",
    "Herundar",
    "Ithilharn",
    "Jerion",
    "Kelegorn",
    "Lindeth",
    "Mithrellas",
    "Niphredil",
    "Oiolairë",
    "Palantir",
    "Quenthe",
    "Rossiel",
    "Síluviel",
    "Taniquetil",
    "Úlairi",
    "Vardamir",
    "Wilya",
    "Xanadûnë",
    "Yavannamírë",
    "Zirakzigil",
    "Aerdaneth",
    "Beregond",
    "Caelindor",
    "Dagorhir",
    "Elendur",
    "Falathar",
    "Galadhon",
    "Herumor",
    "Ithilduin",
    "Jorahel",
    "Kalamando",
    "Linaewen",
    "Mithrandir",
    "Nindalf",
    "Osgiliorn",
    "Pelargir",
    "Quendë",
    "Raudhol",
    "Siriondil",
    "Tarmenel",
    "Umbaradûn",
    "Vinyalondë",
    "Wilwaren",
    "Xandor",
    "Yurion",
    "Zaramandu",
    "Aearwen",
    "Belegund",
    "Caelynn",
    "Daeron",
    "Elanor",
    "Fangorn",
    "Galdor",
    "Herion",
    "Ithilien",
    "Jeren",
    "Kelemon",
    "Linde",
    "Mithlond",
    "Niphredil",
    "Oiolossë",
    "Palando",
    "Quenari",
    "Rosgobel",
    "Sílmaril",
    "Taniquetil",
    "Úvanimor",
    "Vardarianna",
    "Wilwarin",
    "Xanadûnië",
    "Yavannië",
    "Zirak",
    "Aerindor",
    "Belegost",
    "Caelehir",
    "Daeroneth",
    "Elenion",
    "Falathrion",
    "Galadhorn",
    "Herunúmen",
    "Ithilbor",
    "Jorluin",
    "Kalathriel",
    "Linaewen",
    "Mithrond",
    "Ninduilos",
    "Osgalad",
    "Pelanor",
    "Quenthel",
    "Rauroth",
    "Sirith",
    "Tarlang",
    "Umbardacil",
    "Vinyarion",
    "Wilwarintë",
    "Xanmarch",
    "Yuradon",
    "Zaramandë",
    "Aerinel",
    "Belegweth",
    "Caelador",
    "Daeronion",
    "Elanoreth",
    "Fangorion",
    "Galadwen",
    "Herubrand",
    "Ithilbor",
    "Jerethel",
    "Kelethril",
    "Lindëfirn",
    "Mithredhel",
    "Niphlos",
    "Oiomuir",
    "Palandor",
    "Quenthel",
    "Rosriel",
    "Sílmarien",
    "Taniquetil",
    "Úgarit",
    "Vardamir",
    "Wilwarinde",
    "Xerion",
    "Yavannion",
    "Zirakzigil",
    "Aerdaneth",
    "Beleglas",
    "Caelindor",
    "Dagorhir",
    "Elentári",
    "Falathar",
    "Galadhon",
    "Herumor",
    "Ithilduin",
    "Jorahel",
    "Kalamando",
    "Linaewen",
    "Mithrandir",
    "Nindalf",
    "Osgiliorn",
    "Pelargir",
    "Quendë",
    "Raudhol",
    "Siriondil",
    "Tarmenel",
    "Umbaradûn",
    "Vinyalondë",
    "Wilwaren",
    "Xandor",
    "Yurion",
    "Zaramandu"
  ]
}