{
  "authors": [
    {
      "name": "munichjake",
      "email": "munichjake@dnd-session.de",
      "url": "https://dnd-session.de",
      "github": "https://github.com/munichjake"
    }
  ],
  "description": "Deutsche männliche Dwarfvornamen",
  "version": "1.0.0",
  "names": [
    "Balin",
    "Bruin",
    "Durin",
    "Throin",
    "Garin",
    "Morin",
    "Kazin",
    "Borin",
    "Kilin",
    "Dulin",
    "Furin",
    "Barin",
    "Gorin",
    "Harin",
    "Kelin",
    "Norin",
    "Rugin",
    "Torin",
    "Vorin",
    "Zanin",
    "Bromin",
    "Kragin",
    "Drumin",
    "Thrainin",
    "Balor",
    "Bruor",
    "Duror",
    "Throor",
    "Garor",
    "Moror",
    "Kazor",
    "Boror",
    "Kilor",
    "Dulor",
    "Furor",
    "Baror",
    "Goror",
    "Haror",
    "Kelor",
    "Noror",
    "Rugor",
    "Toror",
    "Voror",
    "Zanor",
    "Bromor",
    "Kragor",
    "Drumor",
    "Thrainor",
    "Balar",
    "Bruar",
    "Durar",
    "Throar",
    "Garar",
    "Morar",
    "Kazar",
    "Borar",
    "Kilar",
    "Dular",
    "Furar",
    "Barar",
    "Gorar",
    "Harar",
    "Kelar",
    "Norar",
    "Rugar",
    "Torar",
    "Vorar",
    "Zanar",
    "Bromar",
    "Kragar",
    "Drumar",
    "Thrainar",
    "Balur",
    "Bruur",
    "Durur",
    "Throur",
    "Garur",
    "Morur",
    "Kazur",
    "Borur",
    "Kilur",
    "Dulur",
    "Furur",
    "Barur",
    "Gorur",
    "Harur",
    "Kelur",
    "Norur",
    "Rugur",
    "Torur",
    "Vorur",
    "Zanur",
    "Bromur",
    "Kragur",
    "Drumur",
    "Thrainur",
    "Balorn",
    "Bruorn",
    "Durorn",
    "Throorn",
    "Garorn",
    "Mororn",
    "Kazorn",
    "Bororn",
    "Kilorn",
    "Dulorn",
    "Furorn",
    "Barorn",
    "Gororn",
    "Harorn",
    "Kelorn",
    "Nororn",
    "Rugorn",
    "Tororn",
    "Vororn",
    "Zanorn",
    "Bromorn",
    "Kragorn",
    "Drumorn",
    "Thrainorn",
    "Balak",
    "Bruak",
    "Durak",
    "Throak",
    "Garak",
    "Morak",
    "Kazak",
    "Borak",
    "Kilak",
    "Dulak",
    "Furak",
    "Barak",
    "Gorak",
    "Harak",
    "Kelak",
    "Norak",
    "Rugak",
    "Torak",
    "Vorak",
    "Zanak",
    "Bromak",
    "Kragak",
    "Drumak",
    "Thrainak",
    "Balrik",
    "Brurik",
    "Durrik",
    "Throrik",
    "Garrik",
    "Morrik",
    "Kazrik",
    "Borrik",
    "Kilrik",
    "Dulrik",
    "Furrik",
    "Barrik",
    "Gorrik",
    "Harrik",
    "Kelrik",
    "Norrik",
    "Rugrik",
    "Torrik",
    "Vorrik",
    "Zanrik",
    "Bromrik",
    "Kragrik",
    "Drumrik",
    "Thrainrik",
    "Baldrim",
    "Brudrim",
    "Durdrim",
    "Throdrim",
    "Gardrim",
    "Mordrim",
    "Kazdrim",
    "Bordrim",
    "Kildrim",
    "Duldrim",
    "Furdrim",
    "Bardrim",
    "Gordrim",
    "Hardrim",
    "Keldrim",
    "Nordrim",
    "Rugdrim",
    "Tordrim",
    "Vordrim",
    "Zandrim",
    "Bromdrim",
    "Kragdrim",
    "Drumdrim",
    "Thraindrim",
    "Balgrim",
    "Brugrim",
    "Durgrim",
    "Throgrim",
    "Gargrim",
    "Morgrim",
    "Kazgrim",
    "Borgrim",
    "Kilgrim",
    "Dulgrim",
    "Furgrim",
    "Bargrim",
    "Gorgrim",
    "Hargrim",
    "Kelgrim",
    "Norgrim",
    "Ruggrim",
    "Torgrim",
    "Vorgrim",
    "Zangrim",
    "Bromgrim",
    "Kraggrim",
    "Drumgrim",
    "Thraingrim",
    "Balinin",
    "Balorin",
    "Balarin",
    "Balurin",
    "Balornin",
    "Balakin",
    "Balekin",
    "Balokin",
    "Balgarin",
    "Balgrimin",
    "Baldornin",
    "Baldrimin",
    "Baldrakin",
    "Balrikin",
    "Bruinin",
    "Bruorin",
    "Bruarin",
    "Bruurin",
    "Bruornin",
    "Bruakin",
    "Bruekin",
    "Bruokin",
    "Brugarin",
    "Brugrimin",
    "Brudornin",
    "Brudrimin",
    "Brudrakin",
    "Brurikin",
    "Durinin",
    "Durorin",
    "Durarin",
    "Dururin",
    "Durornin",
    "Durakin",
    "Durekin",
    "Durokin",
    "Durgarin",
    "Durgrimin",
    "Durdornin",
    "Durdrimin",
    "Durdrakin",
    "Durrikin",
    "Throinin",
    "Throorin",
    "Throarin",
    "Throurin",
    "Throornin",
    "Throakin",
    "Throekin",
    "Throokin",
    "Throgarin",
    "Throgrimin",
    "Throdornin",
    "Throdrimin",
    "Throdrakin",
    "Throrikin",
    "Garinin",
    "Garorin",
    "Gararin",
    "Garurin",
    "Garornin",
    "Garakin",
    "Garekin",
    "Garokin",
    "Gargarin",
    "Gargrimin",
    "Gardornin",
    "Gardrimin",
    "Gardrakin",
    "Garrikin",
    "Morinin",
    "Mororin",
    "Morarin",
    "Morurin",
    "Morornin",
    "Morakin",
    "Morekin",
    "Morokin",
    "Morgarin",
    "Morgrimin",
    "Mordornin",
    "Mordrimin",
    "Mordrakin",
    "Morrikin",
    "Kazinin",
    "Kazorin",
    "Kazarin",
    "Kazurin",
    "Kazornin",
    "Kazakin",
    "Kazekin",
    "Kazokin",
    "Kazgarin",
    "Kazgrimin",
    "Kazdornin",
    "Kazdrimin",
    "Kazdrakin",
    "Kazrikin",
    "Borinin",
    "Bororin",
    "Borarin",
    "Borurin",
    "Borornin",
    "Borakin",
    "Borekin",
    "Borokin",
    "Borgarin",
    "Borgrimin",
    "Bordornin",
    "Bordrimin",
    "Bordrakin",
    "Borrikin",
    "Kilinin",
    "Kilorin",
    "Kilarin",
    "Kilurin",
    "Kilornin",
    "Kilakin",
    "Kilekin",
    "Kilokin",
    "Kilgarin",
    "Kilgrimin",
    "Kildornin",
    "Kildrimin",
    "Kildrakin",
    "Kilrikin",
    "Dulinin",
    "Dulorin",
    "Dularin",
    "Dulurin",
    "Dulornin",
    "Dulakin",
    "Dulekin",
    "Dulokin",
    "Dulgarin",
    "Dulgrimin",
    "Duldornin",
    "Duldrimin",
    "Duldrakin",
    "Dulrikin",
    "Furinin",
    "Furorin",
    "Furarin",
    "Fururin",
    "Furornin",
    "Furakin",
    "Furekin",
    "Furokin",
    "Furgarin",
    "Furgrimin",
    "Furdornin",
    "Furdrimin",
    "Furdrakin",
    "Furrikin",
    "Barinin",
    "Barorin",
    "Bararin",
    "Barurin",
    "Barornin",
    "Barakin",
    "Barekin",
    "Barokin",
    "Bargarin",
    "Bargrimin",
    "Bardornin",
    "Bardrimin",
    "Bardrakin",
    "Barrikin",
    "Gorinin",
    "Gororin",
    "Gorarin",
    "Gorurin",
    "Gorornin",
    "Gorakin",
    "Gorekin",
    "Gorokin",
    "Gorgarin",
    "Gorgrimin",
    "Gordornin",
    "Gordrimin",
    "Gordrakin",
    "Gorrikin",
    "Harinin",
    "Harorin",
    "Hararin",
    "Harurin",
    "Harornin",
    "Harakin",
    "Harekin",
    "Harokin",
    "Hargarin",
    "Hargrimin",
    "Hardornin",
    "Hardrimin",
    "Hardrakin",
    "Harrikin",
    "Kelinin",
    "Kelorin",
    "Kelarin",
    "Kelurin",
    "Kelornin",
    "Kelakin",
    "Kelekin",
    "Kelokin",
    "Kelgarin",
    "Kelgrimin",
    "Keldornin",
    "Keldrimin",
    "Keldrakin",
    "Kelrikin",
    "Norinin",
    "Nororin",
    "Norarin",
    "Norurin",
    "Norornin",
    "Norakin",
    "Norekin",
    "Norokin",
    "Norgarin",
    "Norgrimin",
    "Nordornin",
    "Nordrimin",
    "Nordrakin",
    "Norrikin",
    "Ruginin",
    "Rugorin",
    "Rugarin",
    "Rugurin",
    "Rugornin",
    "Rugakin",
    "Rugekin",
    "Rugokin",
    "Ruggarin",
    "Ruggrimin",
    "Rugdornin",
    "Rugdrimin",
    "Rugdrakin",
    "Rugrikin",
    "Torinin",
    "Tororin",
    "Torarin",
    "Torurin",
    "Torornin",
    "Torakin",
    "Torekin",
    "Torokin",
    "Torgarin",
    "Torgrimin",
    "Tordornin",
    "Tordrimin",
    "Tordrakin",
    "Torrikin",
    "Vorinin",
    "Vororin",
    "Vorarin",
    "Vorurin",
    "Vorornin",
    "Vorakin",
    "Vorekin",
    "Vorokin",
    "Vorgarin",
    "Vorgrimin",
    "Vordornin",
    "Vordrimin",
    "Vordrakin",
    "Vorrikin",
    "Zaninin",
    "Zanorin",
    "Zanarin",
    "Zanurin",
    "Zanornin",
    "Zanakin",
    "Zanekin",
    "Zanokin",
    "Zangarin",
    "Zangrimin",
    "Zandornin",
    "Zandrimin",
    "Zandrakin",
    "Zanrikin",
    "Brominin",
    "Bromorin",
    "Bromarin",
    "Bromurin",
    "Bromornin",
    "Bromakin",
    "Bromekin",
    "Bromokin",
    "Bromgarin",
    "Bromgrimin",
    "Bromdornin",
    "Bromdrimin",
    "Bromdrakin",
    "Bromrikin",
    "Kraginin",
    "Kragorin",
    "Kragarin",
    "Kragurin",
    "Kragornin",
    "Kragakin",
    "Kragekin",
    "Kragokin",
    "Kraggarin",
    "Kraggrimin",
    "Kragdornin",
    "Kragdrimin",
    "Kragdrakin",
    "Kragrikin",
    "Druminin",
    "Drumorin",
    "Drumarin",
    "Drumurin",
    "Drumornin",
    "Drumakin",
    "Drumekin",
    "Drumokin",
    "Drumgarin",
    "Drumgrimin",
    "Drumdornin",
    "Drumdrimin",
    "Drumdrakin",
    "Drumrikin",
    "Thraininin",
    "Thrainorin",
    "Thrainarin",
    "Thrainurin",
    "Thrainornin",
    "Thrainakin",
    "Thrainekin",
    "Thrainokin",
    "Thraingarin",
    "Thraingrimin",
    "Thraindornin",
    "Thraindrimin",
    "Thraindrakin",
    "Thrainrikin",
    "Balinor",
    "Baloror",
    "Balaror",
    "Baluror",
    "Balornor",
    "Balakor",
    "Balekor",
    "Balokor",
    "Balgaror",
    "Balgrimor",
    "Baldornor",
    "Baldrimor",
    "Baldrakor",
    "Balrikor",
    "Bruinor",
    "Bruoror",
    "Bruaror",
    "Bruuror",
    "Bruornor",
    "Bruakor",
    "Bruekor",
    "Bruokor",
    "Brugaror",
    "Brugrimor",
    "Brudornor",
    "Brudrimor",
    "Brudrakor",
    "Brurikor",
    "Durinor",
    "Duroror",
    "Duraror",
    "Dururor",
    "Durornor",
    "Durakor",
    "Durekor",
    "Durokor",
    "Durgaror",
    "Durgrimor",
    "Durdornor",
    "Durdrimor",
    "Durdrakor",
    "Durrikor",
    "Throinor",
    "Throoror",
    "Throaror",
    "Throuror",
    "Throornor",
    "Throakor",
    "Throekor",
    "Throokor",
    "Throgaror",
    "Throgrimor",
    "Throdornor",
    "Throdrimor",
    "Throdrakor",
    "Throrikor",
    "Garinor",
    "Garoror",
    "Gararor",
    "Garuror",
    "Garornor",
    "Garakor",
    "Garekor",
    "Garokor",
    "Gargaror",
    "Gargrimor",
    "Gardornor",
    "Gardrimor",
    "Gardrakor",
    "Garrikor",
    "Morinor",
    "Mororor",
    "Moraror",
    "Moruror",
    "Morornor",
    "Morakor",
    "Morekor",
    "Morokor",
    "Morgaror",
    "Morgrimor",
    "Mordornor",
    "Mordrimor",
    "Mordrakor",
    "Morrikor",
    "Kazinor",
    "Kazoror",
    "Kazaror",
    "Kazuror",
    "Kazornor",
    "Kazakor",
    "Kazekor",
    "Kazokor",
    "Kazgaror",
    "Kazgrimor",
    "Kazdornor",
    "Kazdrimor",
    "Kazdrakor",
    "Kazrikor",
    "Borinor",
    "Bororor",
    "Boraror",
    "Boruror",
    "Borornor",
    "Borakor",
    "Borekor",
    "Borokor",
    "Borgaror",
    "Borgrimor",
    "Bordornor",
    "Bordrimor",
    "Bordrakor",
    "Borrikor",
    "Kilinor",
    "Kiloror",
    "Kilaror",
    "Kiluror",
    "Kilornor",
    "Kilakor",
    "Kilekor",
    "Kilokor",
    "Kilgaror",
    "Kilgrimor",
    "Kildornor",
    "Kildrimor",
    "Kildrakor",
    "Kilrikor",
    "Dulinor",
    "Duloror",
    "Dularor",
    "Duluror",
    "Dulornor",
    "Dulakor",
    "Dulekor",
    "Dulokor",
    "Dulgaror",
    "Dulgrimor",
    "Duldornor",
    "Duldrimor",
    "Duldrakor",
    "Dulrikor",
    "Furinor",
    "Furoror",
    "Furaror",
    "Fururor",
    "Furornor",
    "Furakor",
    "Furekor",
    "Furokor",
    "Furgaror",
    "Furgrimor",
    "Furdornor",
    "Furdrimor",
    "Furdrakor",
    "Furrikor",
    "Barinor",
    "Baroror",
    "Bararor",
    "Baruror",
    "Barornor",
    "Barakor",
    "Barekor",
    "Barokor",
    "Bargaror",
    "Bargrimor",
    "Bardornor",
    "Bardrimor",
    "Bardrakor",
    "Barrikor",
    "Gorinor",
    "Gororor",
    "Goraror",
    "Goruror",
    "Gorornor",
    "Gorakor",
    "Gorekor",
    "Gorokor",
    "Gorgaror",
    "Gorgrimor",
    "Gordornor",
    "Gordrimor",
    "Gordrakor",
    "Gorrikor",
    "Harinor",
    "Haroror",
    "Hararor",
    "Haruror",
    "Harornor",
    "Harakor",
    "Harekor",
    "Harokor",
    "Hargaror",
    "Hargrimor",
    "Hardornor",
    "Hardrimor",
    "Hardrakor",
    "Harrikor",
    "Kelinor",
    "Keloror",
    "Kelaror",
    "Keluror",
    "Kelornor",
    "Kelakor",
    "Kelekor",
    "Kelokor",
    "Kelgaror",
    "Kelgrimor",
    "Keldornor",
    "Keldrimor",
    "Keldrakor",
    "Kelrikor",
    "Norinor",
    "Nororor",
    "Noraror",
    "Noruror",
    "Norornor",
    "Norakor",
    "Norekor",
    "Norokor",
    "Norgaror",
    "Norgrimor",
    "Nordornor",
    "Nordrimor",
    "Nordrakor",
    "Norrikor",
    "Ruginor",
    "Rugoror",
    "Rugaror",
    "Ruguror",
    "Rugornor",
    "Rugakor",
    "Rugekor",
    "Rugokor",
    "Ruggaror",
    "Ruggrimor",
    "Rugdornor",
    "Rugdrimor",
    "Rugdrakor",
    "Rugrikor",
    "Torinor",
    "Tororor",
    "Toraror",
    "Toruror",
    "Torornor",
    "Torakor",
    "Torekor",
    "Torokor",
    "Torgaror",
    "Torgrimor",
    "Tordornor",
    "Tordrimor",
    "Tordrakor",
    "Torrikor",
    "Vorinor",
    "Vororor",
    "Voraror",
    "Voruror",
    "Vorornor",
    "Vorakor",
    "Vorekor",
    "Vorokor",
    "Vorgaror",
    "Vorgrimor",
    "Vordornor",
    "Vordrimor",
    "Vordrakor",
    "Vorrikor",
    "Zaninor",
    "Zanoror",
    "Zanaror",
    "Zanuror",
    "Zanornor",
    "Zanakor",
    "Zanekor",
    "Zanokor",
    "Zangaror",
    "Zangrimor",
    "Zandornor",
    "Zandrimor",
    "Zandrakor",
    "Zanrikor",
    "Brominor",
    "Bromoror",
    "Bromaror",
    "Bromuror",
    "Bromornor",
    "Bromakor",
    "Bromekor",
    "Bromokor",
    "Bromgaror",
    "Bromgrimor",
    "Bromdornor",
    "Bromdrimor",
    "Bromdrakor",
    "Bromrikor",
    "Kraginor",
    "Kragoror",
    "Kragaror",
    "Kraguror",
    "Kragornor",
    "Kragakor",
    "Kragekor",
    "Kragokor",
    "Kraggaror",
    "Kraggrimor",
    "Kragdornor",
    "Kragdrimor",
    "Kragdrakor",
    "Kragrikor",
    "Druminor",
    "Drumoror",
    "Drumaror",
    "Drumuror",
    "Drumornor",
    "Drumakor",
    "Drumekor",
    "Drumokor",
    "Drumgaror",
    "Drumgrimor",
    "Drumdornor",
    "Drumdrimor",
    "Drumdrakor",
    "Drumrikor",
    "Thraininor",
    "Thrainoror",
    "Thrainaror",
    "Thrainuror",
    "Thrainornor",
    "Thrainakor",
    "Thrainekor",
    "Thrainokor",
    "Thraingaror",
    "Thraingrimor",
    "Thraindornor",
    "Thraindrimor",
    "Thraindrakor",
    "Thrainrikor",
    "Balinar",
    "Balorar",
    "Balarar",
    "Balurar",
    "Balornar",
    "Balakar",
    "Balekar",
    "Balokar",
    "Balgarar",
    "Balgrimar",
    "Baldornar",
    "Baldrimar",
    "Baldrakar",
    "Balrikar",
    "Bruinar",
    "Bruorar",
    "Bruarar",
    "Bruurar",
    "Bruornar",
    "Bruakar",
    "Bruekar",
    "Bruokar",
    "Brugarar",
    "Brugrimar",
    "Brudornar",
    "Brudrimar",
    "Brudrakar",
    "Brurikar",
    "Durinar",
    "Durorar",
    "Durarar",
    "Dururar",
    "Durornar",
    "Durakar",
    "Durekar",
    "Durokar",
    "Durgarar",
    "Durgrimar",
    "Durdornar",
    "Durdrimar",
    "Durdrakar",
    "Durrikar",
    "Throinar",
    "Throorar",
    "Throarar",
    "Throurar",
    "Throornar",
    "Throakar",
    "Throekar",
    "Throokar",
    "Throgarar",
    "Throgrimar",
    "Throdornar",
    "Throdrimar",
    "Throdrakar",
    "Throrikar",
    "Garinar",
    "Garorar",
    "Gararar",
    "Garurar",
    "Garornar",
    "Garakar",
    "Garekar",
    "Garokar",
    "Gargarar",
    "Gargrimar",
    "Gardornar",
    "Gardrimar",
    "Gardrakar",
    "Garrikar",
    "Morinar",
    "Mororar",
    "Morarar",
    "Morurar",
    "Morornar",
    "Morakar",
    "Morekar",
    "Morokar",
    "Morgarar",
    "Morgrimar",
    "Mordornar",
    "Mordrimar",
    "Mordrakar",
    "Morrikar",
    "Kazinar",
    "Kazorar",
    "Kazarar",
    "Kazurar",
    "Kazornar",
    "Kazakar",
    "Kazekar",
    "Kazokar",
    "Kazgarar",
    "Kazgrimar",
    "Kazdornar",
    "Kazdrimar",
    "Kazdrakar",
    "Kazrikar",
    "Borinar",
    "Bororar",
    "Borarar",
    "Borurar",
    "Borornar",
    "Borakar",
    "Borekar",
    "Borokar",
    "Borgarar",
    "Borgrimar",
    "Bordornar",
    "Bordrimar",
    "Bordrakar",
    "Borrikar",
    "Kilinar",
    "Kilorar",
    "Kilarar",
    "Kilurar",
    "Kilornar",
    "Kilakar",
    "Kilekar",
    "Kilokar",
    "Kilgarar",
    "Kilgrimar",
    "Kildornar",
    "Kildrimar",
    "Kildrakar",
    "Kilrikar",
    "Dulinar",
    "Dulorar",
    "Dularar",
    "Dulurar",
    "Dulornar",
    "Dulakar",
    "Dulekar",
    "Dulokar",
    "Dulgarar",
    "Dulgrimar",
    "Duldornar",
    "Duldrimar",
    "Duldrakar",
    "Dulrikar",
    "Furinar"
  ]
}