{
  "authors": [
    {
      "name": "munichjake",
      "email": "munichjake@dnd-session.de",
      "url": "https://dnd-session.de",
      "github": "https://github.com/munichjake"
    }
  ],
  "description": "English noble titles for Humans with grammar rules",
  "version": "1.1.0",
  "grammar": {
    "articles": {
      "of": {
        "m": "of",
        "f": "of",
        "n": "of"
      },
      "from": {
        "m": "from",
        "f": "from",
        "n": "from"
      },
      "in": {
        "m": "in",
        "f": "in",
        "n": "in"
      },
      "at": {
        "m": "at",
        "f": "at",
        "n": "at"
      }
    }
  },
  "titles": {
    "male": [
      {
        "name": "Count",
        "template": "Count {preposition} {settlement}",
        "preposition": "of"
      },
      {
        "name": "Duke",
        "template": "Duke {preposition} {settlement}",
        "preposition": "of"
      },
      {
        "name": "Baron",
        "template": "Baron {preposition} {settlement}",
        "preposition": "of"
      },
      {
        "name": "Lord",
        "template": "Lord {preposition} {settlement}",
        "preposition": "of"
      },
      {
        "name": "Knight",
        "template": "Knight {preposition} {settlement}",
        "preposition": "of"
      },
      {
        "name": "Prince",
        "template": "Prince {preposition} {settlement}",
        "preposition": "of"
      },
      {
        "name": "Marquess",
        "template": "Marquess {preposition} {settlement}",
        "preposition": "of"
      },
      {
        "name": "Earl",
        "template": "Earl {preposition} {settlement}",
        "preposition": "of"
      },
      {
        "name": "Viscount",
        "template": "Viscount {preposition} {settlement}",
        "preposition": "of"
      }
    ],
    "female": [
      {
        "name": "Countess",
        "template": "Countess {preposition} {settlement}",
        "preposition": "of"
      },
      {
        "name": "Duchess",
        "template": "Duchess {preposition} {settlement}",
        "preposition": "of"
      },
      {
        "name": "Baroness",
        "template": "Baroness {preposition} {settlement}",
        "preposition": "of"
      },
      {
        "name": "Lady",
        "template": "Lady {preposition} {settlement}",
        "preposition": "of"
      },
      {
        "name": "Dame",
        "template": "Dame {preposition} {settlement}",
        "preposition": "of"
      },
      {
        "name": "Princess",
        "template": "Princess {preposition} {settlement}",
        "preposition": "of"
      },
      {
        "name": "Marchioness",
        "template": "Marchioness {preposition} {settlement}",
        "preposition": "of"
      },
      {
        "name": "Countess",
        "template": "Countess {preposition} {settlement}",
        "preposition": "of"
      },
      {
        "name": "Viscountess",
        "template": "Viscountess {preposition} {settlement}",
        "preposition": "of"
      }
    ],
    "nonbinary": [
      {
        "name": "Regent",
        "template": "Regent {preposition} {settlement}",
        "preposition": "of"
      },
      {
        "name": "Sovereign",
        "template": "Sovereign {preposition} {settlement}",
        "preposition": "of"
      },
      {
        "name": "Ruler",
        "template": "Ruler {preposition} {settlement}",
        "preposition": "of"
      },
      {
        "name": "Guardian",
        "template": "Guardian {preposition} {settlement}",
        "preposition": "of"
      },
      {
        "name": "Protector",
        "template": "Protector {preposition} {settlement}",
        "preposition": "of"
      },
      {
        "name": "Keeper",
        "template": "Keeper {preposition} {settlement}",
        "preposition": "of"
      },
      {
        "name": "Warden",
        "template": "Warden {preposition} {settlement}",
        "preposition": "of"
      },
      {
        "name": "Heir",
        "template": "Heir {preposition} {settlement}",
        "preposition": "of"
      }
    ]
  }
}