{
  "authors": [
    {
      "name": "munichjake",
      "email": "munichjake@dnd-session.de",
      "url": "https://dnd-session.de",
      "github": "https://github.com/munichjake"
    }
  ],
  "description": "English noble titles for Tieflings with grammar rules",
  "version": "1.1.0",
  "grammar": {
    "articles": {
      "of": {
        "m": "of",
        "f": "of",
        "n": "of"
      },
      "from": {
        "m": "from",
        "f": "from",
        "n": "from"
      },
      "in": {
        "m": "in",
        "f": "in",
        "n": "in"
      },
      "at": {
        "m": "at",
        "f": "at",
        "n": "at"
      }
    }
  },
  "titles": {
    "male": [
      {
        "name": "Shadowlord",
        "template": "Shadowlord {preposition} {settlement}",
        "preposition": "of"
      },
      {
        "name": "Emberlord",
        "template": "Emberlord {preposition} {settlement}",
        "preposition": "of"
      },
      {
        "name": "Ashprince",
        "template": "Ashprince {preposition} {settlement}",
        "preposition": "of"
      },
      {
        "name": "Brimstonecount",
        "template": "Brimstonecount {preposition} {settlement}",
        "preposition": "of"
      },
      {
        "name": "Darkknight",
        "template": "Darkknight {preposition} {settlement}",
        "preposition": "of"
      },
      {
        "name": "Thornbaron",
        "template": "Thornbaron {preposition} {settlement}",
        "preposition": "of"
      },
      {
        "name": "Smokelord",
        "template": "Smokelord {preposition} {settlement}",
        "preposition": "of"
      }
    ],
    "female": [
      {
        "name": "Shadowlady",
        "template": "Shadowlady {preposition} {settlement}",
        "preposition": "of"
      },
      {
        "name": "Emberlady",
        "template": "Emberlady {preposition} {settlement}",
        "preposition": "of"
      },
      {
        "name": "Ashprincess",
        "template": "Ashprincess {preposition} {settlement}",
        "preposition": "of"
      },
      {
        "name": "Brimstonecountess",
        "template": "Brimstonecountess {preposition} {settlement}",
        "preposition": "of"
      },
      {
        "name": "Darkdame",
        "template": "Darkdame {preposition} {settlement}",
        "preposition": "of"
      },
      {
        "name": "Thornbaroness",
        "template": "Thornbaroness {preposition} {settlement}",
        "preposition": "of"
      },
      {
        "name": "Smokelady",
        "template": "Smokelady {preposition} {settlement}",
        "preposition": "of"
      }
    ],
    "nonbinary": [
      {
        "name": "Shadowward",
        "template": "Shadowward {preposition} {settlement}",
        "preposition": "of"
      },
      {
        "name": "Emberkeeper",
        "template": "Emberkeeper {preposition} {settlement}",
        "preposition": "of"
      },
      {
        "name": "Ashwarden",
        "template": "Ashwarden {preposition} {settlement}",
        "preposition": "of"
      },
      {
        "name": "Brimstoneguard",
        "template": "Brimstoneguard {preposition} {settlement}",
        "preposition": "of"
      },
      {
        "name": "Darkward",
        "template": "Darkward {preposition} {settlement}",
        "preposition": "of"
      },
      {
        "name": "Thornkeeper",
        "template": "Thornkeeper {preposition} {settlement}",
        "preposition": "of"
      }
    ]
  }
}