{
  "id": "names",
  "title": "Names",
  "description": "Ein flexibler Namensgenerator mit konfigurierbaren JSON-Dateien für verschiedene Sprachen, Spezies und Kategorien.",
  "version": "1.2.1",
  "compatibility": {
    "minimum": "11",
    "verified": "12"
  },
  "authors": [
    {
      "name": "munichjake",
      "email": "munichjake@dnd-session.de",
      "flags": {}
    }
  ],
  "esmodules": [
    "scripts/main.js"
  ],
  "styles": [
    "styles/names.css",
    "styles/names-picker.css"
  ],
  "languages": [
    {
      "lang": "en",
      "name": "English",
      "path": "lang/en.json",
      "flags": {}
    },
    {
      "lang": "de",
      "name": "Deutsch",
      "path": "lang/de.json",
      "flags": {}
    }
  ],
  "url": "https://github.com/munichjake/names",
  "manifest": "https://raw.githubusercontent.com/munichjake/names/main/module.json  ",
  "download": "https://github.com/munichjake/names/archive/refs/tags/v1.1.0.zip"
}